company_name,tax_code,vsic_4digit,vsic_division,address,province,founded_year,source_url,listing_url,retrieved_at
KHÁCH SẠN HÒA BÌNH - CHI NHÁNH CÔNG TY CỔ PHẦN XÂY DỰNG VÀ DỊCH VỤ 369,0101164727-001,1010,10,"Số 279, Khối Hòa Bắc, Thị trấn Thạch Giám, Huyện Tương Dương, Tỉnh Nghệ An, Việt Nam",Nghệ An,,https://www.masothue.com/0101164727-001-khach-san-hoa-binh-chi-nhanh-cong-ty-co-phan-xay-dung-va-dich-vu-369,https://www.masothue.com/tra-cuu-ma-so-thue-theo-nganh-nghe/che-bien-bao-quan-thit-va-cac-san-pham-tu-thit-1010,2026-08-24T09:02:25Z
CHI NHÁNH CÔNG TY CỔ PHẦN SẢN XUẤT VÀ THƯƠNG MẠI KIÊN HÙNG,0101552800-003,1010,10,"Lô C4-1, C4-3, C4-4, Khu công nghiệp Hòa Xá, Xã Lộc Hoà, Thành phố Nam Định, Tỉnh Nam Định, Việt Nam",Nam Định,,https://www.masothue.com/0101552800-003-chi-nhanh-cong-ty-co-phan-san-xuat-va-thuong-mai-kien-hung,https://www.masothue.com/tra-cuu-ma-so-thue-theo-nganh-nghe/che-bien-bao-quan-thit-va-cac-san-pham-tu-thit-1010?page=3,2026-08-24T09:02:28Z
CHI NHÁNH CÔNG TY TNHH THƯƠNG MẠI QUỐC TẾ ANH QUÂN TẠI HẢI DƯƠNG,0103472639-002,1010,10,"Cụm công nghiệp Ba Hàng, Phường Ái Quốc, Thành phố Hải Dương, Tỉnh Hải Dương, Việt Nam",Hải Dương,,https://www.masothue.com/0103472639-002-chi-nhanh-cong-ty-tnhh-thuong-mai-quoc-te-anh-quan-tai-hai-duong,https://www.masothue.com/tra-cuu-ma-so-thue-theo-nganh-nghe/che-bien-bao-quan-thit-va-cac-san-pham-tu-thit-1010?page=4,2026-08-24T09:02:30Z
CÔNG TY TNHH THƯƠNG MẠI & XUẤT NHẬP KHẨU NHẤT LÂM,0104076740,1010,10,"Lô H18-H19, ngõ 68 Trung Kính, Phường Yên Hòa, Thành phố Hà Nội, Việt Nam",Hà Nội,,https://www.masothue.com/0104076740-cong-ty-tnhh-thuong-mai-xuat-nhap-khau-nhat-lam,https://www.masothue.com/tra-cuu-ma-so-thue-theo-nganh-nghe/che-bien-bao-quan-thit-va-cac-san-pham-tu-thit-1010?page=5,2026-08-24T09:02:31Z
CHI NHÁNH 2 - CÔNG TY CỔ PHẦN DINH DƯỠNG NUTRICARE,0104937284-004,1010,10,"Lô V.11 và V.12, Khu Công Nghiệp Thuận Thành 3, Xã Thanh Khương, Huyện Thuận Thành, Tỉnh Bắc Ninh, Việt Nam",Bắc Ninh,,https://www.masothue.com/0104937284-004-chi-nhanh-2-cong-ty-co-phan-dinh-duong-nutricare,https://www.masothue.com/tra-cuu-ma-so-thue-theo-nganh-nghe/che-bien-bao-quan-thit-va-cac-san-pham-tu-thit-1010?page=5,2026-08-24T09:02:31Z
CÔNG TY TNHH THƯƠNG MẠI VÀ DỊCH VỤ RDOQ VIỆT NAM,0105196007,1010,10,"Xóm 2 thôn Phú Đô, Xã Mễ Trì, Huyện Từ Liêm, Thành phố Hà Nội, Việt Nam",Hà Nội,,https://www.masothue.com/0105196007-cong-ty-tnhh-thuong-mai-va-dich-vu-rdoq-viet-nam,https://www.masothue.com/tra-cuu-ma-so-thue-theo-nganh-nghe/che-bien-bao-quan-thit-va-cac-san-pham-tu-thit-1010,2026-08-24T09:02:25Z
CÔNG TY CỔ PHẦN THƯƠNG MẠI VÀ ĐẦU TƯ XÂY DỰNG ĐỨC THÁI,0105365865,1010,10,"Số 5, phố Vũ Lợi, Phường Nguyễn Du, Quận Hai Bà Trưng, Thành phố Hà Nội, Việt Nam",Hà Nội,,https://www.masothue.com/0105365865-cong-ty-co-phan-thuong-mai-va-dau-tu-xay-dung-duc-thai,https://www.masothue.com/tra-cuu-ma-so-thue-theo-nganh-nghe/che-bien-bao-quan-thit-va-cac-san-pham-tu-thit-1010,2026-08-24T09:02:25Z
CÔNG TY TNHH KINH DOANH VÀ PHÁT TRIỂN QUANG MINH,0105906553,1010,10,"Số 4, ngõ 159 phố Pháo Đài Láng, Phường Láng Thượng, Quận Đống Đa, Thành phố Hà Nội, Việt Nam",Hà Nội,,https://www.masothue.com/0105906553-cong-ty-tnhh-kinh-doanh-va-phat-trien-quang-minh,https://www.masothue.com/tra-cuu-ma-so-thue-theo-nganh-nghe/che-bien-bao-quan-thit-va-cac-san-pham-tu-thit-1010?page=3,2026-08-24T09:02:28Z
CÔNG TY TNHH THỰC PHẨM SƠN HÀ,0106069682,1010,10,"Số 5, ngách 207/91 đường Xuân Đỉnh, Xã Xuân Đỉnh, Huyện Từ Liêm, Thành phố Hà Nội, Việt Nam",Hà Nội,,https://www.masothue.com/0106069682-cong-ty-tnhh-thuc-pham-son-ha,https://www.masothue.com/tra-cuu-ma-so-thue-theo-nganh-nghe/che-bien-bao-quan-thit-va-cac-san-pham-tu-thit-1010?page=5,2026-08-24T09:02:31Z
CÔNG TY CỔ PHẦN XUẤT NHẬP KHẨU THƯƠNG MẠI THANH HÙNG,0106149881,1010,10,"số 14 Mạc Thị Bưởi, Phường Vĩnh Tuy, Quận Hai Bà Trưng, Thành phố Hà Nội, Việt Nam",Hà Nội,,https://www.masothue.com/0106149881-cong-ty-co-phan-xuat-nhap-khau-thuong-mai-thanh-hung,https://www.masothue.com/tra-cuu-ma-so-thue-theo-nganh-nghe/che-bien-bao-quan-thit-va-cac-san-pham-tu-thit-1010?page=4,2026-08-24T09:02:30Z
CHI NHÁNH THỊT CHUA NGHỊ THỊNH HIỆU LƯU LINH-CÔNG TY TNHH ĐẦU TƯ XÂY DỰNG NIMAX VIỆT NAM,0106194161-001,1010,10,"Số 126, phố Phú Gia, Thị Trấn Thanh Sơn, Huyện Thanh Sơn, Tỉnh Phú Thọ, Việt Nam",Phú Thọ,,https://www.masothue.com/0106194161-001-chi-nhanh-thit-chua-nghi-thinh-hieu-luu-linh-cong-ty-tnhh-dau-tu-xay-dung-nimax-viet-nam,https://www.masothue.com/tra-cuu-ma-so-thue-theo-nganh-nghe/che-bien-bao-quan-thit-va-cac-san-pham-tu-thit-1010?page=4,2026-08-24T09:02:30Z
CÔNG TY TNHH ĐẦU TƯ SUMOFOOD VIỆT NAM,0106250747,1010,10,"Số nhà 302 đường K1B Cầu Diễn, Thị Trấn Cầu Diễn, Huyện Từ Liêm, Thành phố Hà Nội, Việt Nam",Hà Nội,,https://www.masothue.com/0106250747-cong-ty-tnhh-dau-tu-sumofood-viet-nam,https://www.masothue.com/tra-cuu-ma-so-thue-theo-nganh-nghe/che-bien-bao-quan-thit-va-cac-san-pham-tu-thit-1010?page=3,2026-08-24T09:02:28Z
CÔNG TY TNHH DỊCH VỤ VÀ KINH DOANH THƯƠNG MẠI HỢP THÀNH,0106898305,1010,10,"Thôn Nghĩa Vũ, Xã Dục Tú, Huyện Đông Anh, Thành phố Hà Nội, Việt Nam",Hà Nội,,https://www.masothue.com/0106898305-cong-ty-tnhh-dich-vu-va-kinh-doanh-thuong-mai-hop-thanh,https://www.masothue.com/tra-cuu-ma-so-thue-theo-nganh-nghe/che-bien-bao-quan-thit-va-cac-san-pham-tu-thit-1010?page=2,2026-08-24T09:02:27Z
"CÔNG TY CỔ PHẦN TƯ VẤN, XÂY DỰNG, THƯƠNG MẠI VÀ CHẾ BIẾN THỰC PHẨM THỤY HƯƠNG",0107066638,1010,10,"thôn Trung Tiến, Xã Thụy Hương, Huyện Chương Mỹ, Thành phố Hà Nội, Việt Nam",Hà Nội,,https://www.masothue.com/0107066638-cong-ty-co-phan-tu-van-xay-dung-thuong-mai-va-che-bien-thuc-pham-thuy-huong,https://www.masothue.com/tra-cuu-ma-so-thue-theo-nganh-nghe/che-bien-bao-quan-thit-va-cac-san-pham-tu-thit-1010?page=2,2026-08-24T09:02:27Z
CÔNG TY TNHH VFD VINA,0107165501,1010,10,"Khu Đồng Cừ, thôn Văn Giáp, Xã Văn Bình, Huyện Thường Tín, Thành phố Hà Nội, Việt Nam",Hà Nội,,https://www.masothue.com/0107165501-cong-ty-tnhh-vfd-vina,https://www.masothue.com/tra-cuu-ma-so-thue-theo-nganh-nghe/che-bien-bao-quan-thit-va-cac-san-pham-tu-thit-1010,2026-08-24T09:02:25Z
CÔNG TY CP CHẾ BIẾN VÀ THƯƠNG MẠI THỰC PHẨM THUẬN PHÁT,0107740399,1010,10,"Thôn Mỹ, Xã Cự Khê, Huyện Thanh Oai, Thành phố Hà Nội, Việt Nam",Hà Nội,,https://www.masothue.com/0107740399-cong-ty-cp-che-bien-va-thuong-mai-thuc-pham-thuan-phat,https://www.masothue.com/tra-cuu-ma-so-thue-theo-nganh-nghe/che-bien-bao-quan-thit-va-cac-san-pham-tu-thit-1010?page=5,2026-08-24T09:02:31Z
CÔNG TY TNHH SẢN XUẤT VÀ THƯƠNG MẠI BÁCH AN,0107866095,1010,10,"Số nhà 46, tổ 6, khu Xuân Hà, Thị Trấn Xuân Mai, Huyện Chương Mỹ, Thành phố Hà Nội, Việt Nam",Hà Nội,,https://www.masothue.com/0107866095-cong-ty-tnhh-san-xuat-va-thuong-mai-bach-an,https://www.masothue.com/tra-cuu-ma-so-thue-theo-nganh-nghe/che-bien-bao-quan-thit-va-cac-san-pham-tu-thit-1010?page=2,2026-08-24T09:02:27Z
CÔNG TY TNHH SẢN XUẤT THƯƠNG MẠI & DỊCH VỤ RUVINA,0108241931,1010,10,"Số 7, ngách 10, ngõ 95 phố Cự Lộc, Phường Nhân Chính, Quận Thanh Xuân, Thành phố Hà Nội, Việt Nam",Hà Nội,,https://www.masothue.com/0108241931-cong-ty-tnhh-san-xuat-thuong-mai-dich-vu-ruvina,https://www.masothue.com/tra-cuu-ma-so-thue-theo-nganh-nghe/che-bien-bao-quan-thit-va-cac-san-pham-tu-thit-1010?page=3,2026-08-24T09:02:28Z
CÔNG TY TNHH PHÁT TRIỂN TP QUANG TRƯỜNG - CHI NHÁNH 01SL,0111453157-005,1010,10,"Số nhà 10B, đường Hai Bà Trưng, tổ 3, Phường Tô Hiệu, Tỉnh Sơn La, Việt Nam",Sơn La,,https://www.masothue.com/0111453157-005-cong-ty-tnhh-phat-trien-tp-quang-truong-chi-nhanh-01sl,https://www.masothue.com/tra-cuu-ma-so-thue-theo-nganh-nghe/che-bien-bao-quan-thit-va-cac-san-pham-tu-thit-1010,2026-08-24T09:02:25Z
CÔNG TY TNHH PHÁT TRIỂN TP QUANG TRƯỜNG - CHI NHÁNH 02SL,0111453157-006,1010,10,"Số nhà 245, Tiểu Khu 4, Xã Mường La, Tỉnh Sơn La, Việt Nam",Sơn La,,https://www.masothue.com/0111453157-006-cong-ty-tnhh-phat-trien-tp-quang-truong-chi-nhanh-02sl,https://www.masothue.com/tra-cuu-ma-so-thue-theo-nganh-nghe/che-bien-bao-quan-thit-va-cac-san-pham-tu-thit-1010,2026-08-24T09:02:25Z
CÔNG TY TNHH NGUYỄN HIỀN 82 - CHI NHÁNH ĐN02,0111461775-004,1010,10,"573 Trần Cao Vân, Phường Thanh Khê, Thành phố Đà Nẵng, Việt Nam",Đà Nẵng,,https://www.masothue.com/0111461775-004-cong-ty-tnhh-nguyen-hien-82-chi-nhanh-dn02,https://www.masothue.com/tra-cuu-ma-so-thue-theo-nganh-nghe/che-bien-bao-quan-thit-va-cac-san-pham-tu-thit-1010?page=2,2026-08-24T09:02:27Z
CÔNG TY TNHH TMDV ÁNH FOODS - CHI NHÁNH 279,0111469100-015,1010,10,"279 Đường Hợp Đức, Phường Nam Đồ Sơn, Thành phố Hải Phòng, Việt Nam",Hải Phòng,,https://www.masothue.com/0111469100-015-cong-ty-tnhh-tmdv-anh-foods-chi-nhanh-279,https://www.masothue.com/tra-cuu-ma-so-thue-theo-nganh-nghe/che-bien-bao-quan-thit-va-cac-san-pham-tu-thit-1010?page=5,2026-08-24T09:02:31Z
CÔNG TY TNHH TMDV ÁNH FOODS - CHI NHÁNH QN3,0111469100-031,1010,10,"Số 47, Tổ 2, Khu Trới 7, Phường Hoành Bồ, Tỉnh Quảng Ninh, Việt Nam",Quảng Ninh,,https://www.masothue.com/0111469100-031-cong-ty-tnhh-tmdv-anh-foods-chi-nhanh-qn3,https://www.masothue.com/tra-cuu-ma-so-thue-theo-nganh-nghe/che-bien-bao-quan-thit-va-cac-san-pham-tu-thit-1010,2026-08-24T09:02:25Z
CÔNG TY TNHH TMDV ÁNH FOODS - CHI NHÁNH QN9,0111469100-046,1010,10,"Số 302 Đường Hùng Vương, Khu Ka Long, Phường Móng Cái 2, Tỉnh Quảng Ninh, Việt Nam",Quảng Ninh,,https://www.masothue.com/0111469100-046-cong-ty-tnhh-tmdv-anh-foods-chi-nhanh-qn9,https://www.masothue.com/tra-cuu-ma-so-thue-theo-nganh-nghe/che-bien-bao-quan-thit-va-cac-san-pham-tu-thit-1010?page=5,2026-08-24T09:02:31Z
CÔNG TY TNHH TMDV ÁNH FOODS - CHI NHÁNH QN2,0111469100-049,1010,10,"C4-17 KDT Cienco 5, Tổ 18, Khu 7, Phường Cao Xanh, Tỉnh Quảng Ninh, Việt Nam",Quảng Ninh,,https://www.masothue.com/0111469100-049-cong-ty-tnhh-tmdv-anh-foods-chi-nhanh-qn2,https://www.masothue.com/tra-cuu-ma-so-thue-theo-nganh-nghe/che-bien-bao-quan-thit-va-cac-san-pham-tu-thit-1010,2026-08-24T09:02:25Z
CHI NHÁNH CÔNG TY CỔ PHẦN ĐỒ HỘP HẠ LONG,0200344752-001,1010,10,"Km 10, Thôn Đanh, Xã Dương Xá, Huyện Gia Lâm, Thành phố Hà Nội, Việt Nam",Hà Nội,,https://www.masothue.com/0200344752-001-chi-nhanh-cong-ty-co-phan-do-hop-ha-long,https://www.masothue.com/tra-cuu-ma-so-thue-theo-nganh-nghe/che-bien-bao-quan-thit-va-cac-san-pham-tu-thit-1010,2026-08-24T09:02:25Z
CÔNG TY CỔ PHẦN CHẾ BIẾN THỰC PHẨM XANH VINH PHÁT,0200580911,1010,10,"Đường cụm công nghiệp, Tổ Lê Duẩn, Phường Kiến An, Thành phố Hải Phòng, Việt Nam",Hải Phòng,,https://www.masothue.com/0200580911-cong-ty-co-phan-che-bien-thuc-pham-xanh-vinh-phat,https://www.masothue.com/tra-cuu-ma-so-thue-theo-nganh-nghe/che-bien-bao-quan-thit-va-cac-san-pham-tu-thit-1010?page=5,2026-08-24T09:02:31Z
CÔNG TY TNHH THƯƠNG MẠI VIỄN ĐẠI,0201197927,1010,10,"Số 378 Nguyễn Văn Linh, Khu Quán Sỏi, Phường Dư Hàng Kênh, Quận Lê Chân, Thành phố Hải Phòng, Việt Nam",Hải Phòng,,https://www.masothue.com/0201197927-cong-ty-tnhh-thuong-mai-vien-dai,https://www.masothue.com/tra-cuu-ma-so-thue-theo-nganh-nghe/che-bien-bao-quan-thit-va-cac-san-pham-tu-thit-1010,2026-08-24T09:02:25Z
CHI NHÁNH CÔNG TY CỔ PHẦN SÀI GÒN LƯƠNG THỰC TẠI SA ĐÉC,0300606715-007,1010,10,"Số 9/6, Tỉnh lộ 852, Ấp Tân Thành, Xã Tân Quy Tây, Thành phố Sa Đéc, Tỉnh Đồng Tháp, Việt Nam",Đồng Tháp,,https://www.masothue.com/0300606715-007-chi-nhanh-cong-ty-co-phan-sai-gon-luong-thuc-tai-sa-dec,https://www.masothue.com/tra-cuu-ma-so-thue-theo-nganh-nghe/che-bien-bao-quan-thit-va-cac-san-pham-tu-thit-1010,2026-08-24T09:02:25Z
CHI NHÁNH CÔNG TY TNHH PHẠM TÔN TẠI TRUNG TÂM GIẾT MỔ GIA CẦM AN NHƠN,0304152188-003,1010,10,"139/1558 Lê Đức Thọ, Phường 13, Quận Gò Vấp, Thành phố Hồ Chí Minh, Việt Nam",Hồ Chí Minh,,https://www.masothue.com/0304152188-003-chi-nhanh-cong-ty-tnhh-pham-ton-tai-trung-tam-giet-mo-gia-cam-an-nhon,https://www.masothue.com/tra-cuu-ma-so-thue-theo-nganh-nghe/che-bien-bao-quan-thit-va-cac-san-pham-tu-thit-1010?page=4,2026-08-24T09:02:30Z
CHI NHÁNH CÔNG TY CỔ PHẦN BA HUÂN - NHÀ MÁY THỰC PHẨM BA HUÂN LONG AN,0304244470-008,1010,10,"Ấp Bình Tiền 2, Xã Đức Hòa Hạ, Huyện Đức Hoà, Tỉnh Long An, Việt Nam",Long An,,https://www.masothue.com/0304244470-008-chi-nhanh-cong-ty-co-phan-ba-huan-nha-may-thuc-pham-ba-huan-long-an,https://www.masothue.com/tra-cuu-ma-so-thue-theo-nganh-nghe/che-bien-bao-quan-thit-va-cac-san-pham-tu-thit-1010?page=4,2026-08-24T09:02:30Z
CHI NHÁNH CÔNG TY TNHH THỰC PHẨM MẠNH THẮNG,0304531098-001,1010,10,"Số 139/1558 Lê Đức Thọ, Phường 13, Quận Gò Vấp, Thành phố Hồ Chí Minh, Việt Nam",Hồ Chí Minh,,https://www.masothue.com/0304531098-001-chi-nhanh-cong-ty-tnhh-thuc-pham-manh-thang,https://www.masothue.com/tra-cuu-ma-so-thue-theo-nganh-nghe/che-bien-bao-quan-thit-va-cac-san-pham-tu-thit-1010?page=4,2026-08-24T09:02:30Z
CHI NHÁNH CÔNG TY TNHH THỰC PHẨM MẠNH THẮNG,0304531098-002,1010,10,"116/2B Đường Tô Ký, Khu phố 2, Phường Tân Chánh Hiệp, Quận 12, Thành phố Hồ Chí Minh, Việt Nam",Hồ Chí Minh,,https://www.masothue.com/0304531098-002-chi-nhanh-cong-ty-tnhh-thuc-pham-manh-thang,https://www.masothue.com/tra-cuu-ma-so-thue-theo-nganh-nghe/che-bien-bao-quan-thit-va-cac-san-pham-tu-thit-1010?page=3,2026-08-24T09:02:28Z
CÔNG TY TNHH SAN HÀ - CHI NHÁNH LONG AN,0305755968-001,1010,10,"Ấp 1B Thanh Phú, Xã Bến Lức, Tỉnh Tây Ninh, Việt Nam",Tây Ninh,,https://www.masothue.com/0305755968-001-cong-ty-tnhh-san-ha-chi-nhanh-long-an,https://www.masothue.com/tra-cuu-ma-so-thue-theo-nganh-nghe/che-bien-bao-quan-thit-va-cac-san-pham-tu-thit-1010?page=4,2026-08-24T09:02:30Z
CHI NHÁNH CÔNG TY TNHH XUẤT NHẬP KHẨU SẢN XUẤT THƯƠNG MẠI CHUNG MAI,0306043498-001,1010,10,"127 Đường Nguyễn Thị Định, Khu Phố 1, Phường An Phú, Quận 2, Thành phố Hồ Chí Minh, Việt Nam",Hồ Chí Minh,,https://www.masothue.com/0306043498-001-chi-nhanh-cong-ty-tnhh-xuat-nhap-khau-san-xuat-thuong-mai-chung-mai,https://www.masothue.com/tra-cuu-ma-so-thue-theo-nganh-nghe/che-bien-bao-quan-thit-va-cac-san-pham-tu-thit-1010?page=2,2026-08-24T09:02:27Z
CHI NHÁNH CÔNG TY CỔ PHẦN THỰC PHẨM ĐÔNG NAM Á,0308808103-001,1010,10,"194/27 Nguyễn Văn Tăng, Phường Long Bình, Thành phố Hồ Chí Minh, Việt Nam",Hồ Chí Minh,,https://www.masothue.com/0308808103-001-chi-nhanh-cong-ty-co-phan-thuc-pham-dong-nam-a,https://www.masothue.com/tra-cuu-ma-so-thue-theo-nganh-nghe/che-bien-bao-quan-thit-va-cac-san-pham-tu-thit-1010?page=3,2026-08-24T09:02:28Z
CHI NHÁNH CÔNG TY TNHH MỘT THÀNH VIÊN SẢN XUẤT THƯƠNG MẠI THỰC PHẨM HƯNG PHÁT,0309129626-001,1010,10,"442/4A Nguyễn Xiển, Khu phố Gò Công, Phường Long Thạnh Mỹ, Quận 9, Thành phố Hồ Chí Minh, Việt Nam",Hồ Chí Minh,,https://www.masothue.com/0309129626-001-chi-nhanh-cong-ty-tnhh-mot-thanh-vien-san-xuat-thuong-mai-thuc-pham-hung-phat,https://www.masothue.com/tra-cuu-ma-so-thue-theo-nganh-nghe/che-bien-bao-quan-thit-va-cac-san-pham-tu-thit-1010?page=4,2026-08-24T09:02:30Z
CHI NHÁNH CÔNG TY TNHH THƯƠNG MẠI SẢN XUẤT THỰC PHẨM NHẬT NAM - XƯỞNG SẢN XUẤT,0309438342-001,1010,10,"2A ấp 3, Bùi Công Trừng, Xã Nhị Bình, Huyện Hóc Môn, Thành phố Hồ Chí Minh, Việt Nam",Hồ Chí Minh,,https://www.masothue.com/0309438342-001-chi-nhanh-cong-ty-tnhh-thuong-mai-san-xuat-thuc-pham-nhat-nam-xuong-san-xuat,https://www.masothue.com/tra-cuu-ma-so-thue-theo-nganh-nghe/che-bien-bao-quan-thit-va-cac-san-pham-tu-thit-1010?page=3,2026-08-24T09:02:28Z
CÔNG TY CỔ PHẦN THỰC PHẨM TRANG HÀ ANH,0310294688,1010,10,"Số 6 đường D10, Phường Tây Thạnh, Thành phố Hồ Chí Minh, Việt Nam",Hồ Chí Minh,,https://www.masothue.com/0310294688-cong-ty-co-phan-thuc-pham-trang-ha-anh,https://www.masothue.com/tra-cuu-ma-so-thue-theo-nganh-nghe/che-bien-bao-quan-thit-va-cac-san-pham-tu-thit-1010?page=3,2026-08-24T09:02:28Z
DOANH NGHIỆP TƯ NHÂN THƯƠNG MẠI XUÂN HÒA VI NA,0310650135,1010,10,"58/10B Đường Tân Chánh Hiệp 21, Phường Tân Chánh Hiệp, Quận 12, Thành phố Hồ Chí Minh, Việt Nam",Hồ Chí Minh,,https://www.masothue.com/0310650135-doanh-nghiep-tu-nhan-thuong-mai-xuan-hoa-vi-na,https://www.masothue.com/tra-cuu-ma-so-thue-theo-nganh-nghe/che-bien-bao-quan-thit-va-cac-san-pham-tu-thit-1010?page=4,2026-08-24T09:02:30Z
CÔNG TY TNHH THƯƠNG MẠI CHẾ BIẾN THỰC PHẨM NAM HỒNG,0311324198,1010,10,"19/3C Đường Huỳnh Thị Nhỏ, Xã Bà Điểm, Thành phố Hồ Chí Minh, Việt Nam",Hồ Chí Minh,,https://www.masothue.com/0311324198-cong-ty-tnhh-thuong-mai-che-bien-thuc-pham-nam-hong,https://www.masothue.com/tra-cuu-ma-so-thue-theo-nganh-nghe/che-bien-bao-quan-thit-va-cac-san-pham-tu-thit-1010?page=3,2026-08-24T09:02:28Z
CÔNG TY TNHH MỘT THÀNH VIÊN SẢN XUẤT THƯƠNG MẠI DỊCH VỤ THỰC PHẨM KỸ NGHỆ TRUNG NAM,0311452915,1010,10,"B6/6C Ấp 2, Xã Vĩnh Lộc A, Huyện Bình Chánh, Thành phố Hồ Chí Minh, Việt Nam",Hồ Chí Minh,,https://www.masothue.com/0311452915-cong-ty-tnhh-mot-thanh-vien-san-xuat-thuong-mai-dich-vu-thuc-pham-ky-nghe-trung-nam,https://www.masothue.com/tra-cuu-ma-so-thue-theo-nganh-nghe/che-bien-bao-quan-thit-va-cac-san-pham-tu-thit-1010?page=5,2026-08-24T09:02:31Z
CHI NHÁNH TÂN BÌNH 2 - CÔNG TY CỔ PHẦN THỰC PHẨM TỐT,0312159363-004,1010,10,"14 Đường 15, Khu Phố 06, Phường Hiệp Bình Chánh, Thành phố Thủ Đức, Thành phố Hồ Chí Minh, Việt Nam",Hồ Chí Minh,,https://www.masothue.com/0312159363-004-chi-nhanh-tan-binh-2-cong-ty-co-phan-thuc-pham-tot,https://www.masothue.com/tra-cuu-ma-so-thue-theo-nganh-nghe/che-bien-bao-quan-thit-va-cac-san-pham-tu-thit-1010?page=3,2026-08-24T09:02:28Z
CHI NHÁNH THỦ ĐỨC - CÔNG TY CỔ PHẦN THỰC PHẨM TỐT,0312159363-006,1010,10,"14 Đường 15, Khu phố 06, Phường Hiệp Bình Chánh, Quận Thủ Đức, Thành phố Hồ Chí Minh, Việt Nam",Hồ Chí Minh,,https://www.masothue.com/0312159363-006-chi-nhanh-thu-duc-cong-ty-co-phan-thuc-pham-tot,https://www.masothue.com/tra-cuu-ma-so-thue-theo-nganh-nghe/che-bien-bao-quan-thit-va-cac-san-pham-tu-thit-1010?page=3,2026-08-24T09:02:28Z
DOANH NGHIỆP TƯ NHÂN THƯƠNG MẠI DỊCH VỤ HIẾU HÂN,0312358432,1010,10,"Số 13/1L Tổ 56, Ấp Trung Đông, Xã Thới Tam Thôn, Huyện Hóc Môn, Thành phố Hồ Chí Minh, Việt Nam",Hồ Chí Minh,,https://www.masothue.com/0312358432-doanh-nghiep-tu-nhan-thuong-mai-dich-vu-hieu-han,https://www.masothue.com/tra-cuu-ma-so-thue-theo-nganh-nghe/che-bien-bao-quan-thit-va-cac-san-pham-tu-thit-1010?page=3,2026-08-24T09:02:28Z
CÔNG TY TNHH S J FOODRO,0312421606,1010,10,"Số 342/31 Thoại Ngọc Hầu, Phường Phú Thạnh, Quận Tân Phú, Thành phố Hồ Chí Minh, Việt Nam",Hồ Chí Minh,,https://www.masothue.com/0312421606-cong-ty-tnhh-s-j-foodro,https://www.masothue.com/tra-cuu-ma-so-thue-theo-nganh-nghe/che-bien-bao-quan-thit-va-cac-san-pham-tu-thit-1010?page=3,2026-08-24T09:02:28Z
CÔNG TY TNHH THƯƠNG MẠI VINH THUẬN,0312448164,1010,10,"G7/55A Ấp 7, Xã Lê Minh Xuân, Huyện Bình Chánh, Thành phố Hồ Chí Minh, Việt Nam",Hồ Chí Minh,,https://www.masothue.com/0312448164-cong-ty-tnhh-thuong-mai-vinh-thuan,https://www.masothue.com/tra-cuu-ma-so-thue-theo-nganh-nghe/che-bien-bao-quan-thit-va-cac-san-pham-tu-thit-1010,2026-08-24T09:02:25Z
CÔNG TY TNHH MỘT THÀNH VIÊN THỰC PHẨM HẢI MINH,0312585026,1010,10,"70 Đường số 4, Phường Bình Hưng Hòa A, Quận Bình Tân, Thành phố Hồ Chí Minh, Việt Nam",Hồ Chí Minh,,https://www.masothue.com/0312585026-cong-ty-tnhh-mot-thanh-vien-thuc-pham-hai-minh,https://www.masothue.com/tra-cuu-ma-so-thue-theo-nganh-nghe/che-bien-bao-quan-thit-va-cac-san-pham-tu-thit-1010?page=2,2026-08-24T09:02:27Z
CÔNG TY TNHH THƯƠNG MẠI VÀ DỊCH VỤ AN KHÁNH FOOD,0312761024,1010,10,"49/23A Đường 18, Khu phố 5, Phường Linh Trung, Quận Thủ Đức, Thành phố Hồ Chí Minh, Việt Nam",Hồ Chí Minh,,https://www.masothue.com/0312761024-cong-ty-tnhh-thuong-mai-va-dich-vu-an-khanh-food,https://www.masothue.com/tra-cuu-ma-so-thue-theo-nganh-nghe/che-bien-bao-quan-thit-va-cac-san-pham-tu-thit-1010,2026-08-24T09:02:25Z
CÔNG TY TNHH NEM ĐỨC THỊNH,0313063960,1010,10,"262/63 Phan Anh, Phường Hiệp Tân, Quận Tân Phú, Thành phố Hồ Chí Minh, Việt Nam",Hồ Chí Minh,,https://www.masothue.com/0313063960-cong-ty-tnhh-nem-duc-thinh,https://www.masothue.com/tra-cuu-ma-so-thue-theo-nganh-nghe/che-bien-bao-quan-thit-va-cac-san-pham-tu-thit-1010?page=2,2026-08-24T09:02:27Z
CÔNG TY TNHH CHẾ BIẾN THỰC PHẨM VĂN THIẾT,0313124451,1010,10,"67B-67C Nguyễn Thị Búp, Phường Tân Chánh Hiệp, Quận 12, Thành phố Hồ Chí Minh, Việt Nam",Hồ Chí Minh,,https://www.masothue.com/0313124451-cong-ty-tnhh-che-bien-thuc-pham-van-thiet,https://www.masothue.com/tra-cuu-ma-so-thue-theo-nganh-nghe/che-bien-bao-quan-thit-va-cac-san-pham-tu-thit-1010?page=2,2026-08-24T09:02:27Z
CÔNG TY TNHH MỘT THÀNH VIÊN THƯƠNG MẠI DỊCH VỤ VÀ THỰC PHẨM HƯƠNG VIỆT,0313190687,1010,10,"2A7 Đường N1 Khu phố 6, Phường Linh Trung, Quận Thủ Đức, Thành phố Hồ Chí Minh, Việt Nam",Hồ Chí Minh,,https://www.masothue.com/0313190687-cong-ty-tnhh-mot-thanh-vien-thuong-mai-dich-vu-va-thuc-pham-huong-viet,https://www.masothue.com/tra-cuu-ma-so-thue-theo-nganh-nghe/che-bien-bao-quan-thit-va-cac-san-pham-tu-thit-1010?page=2,2026-08-24T09:02:27Z
CÔNG TY TNHH CHẾ BIẾN THƯƠNG MẠI THỰC PHẨM T FOODS,0313271921,1010,10,"Số 172 Võ Văn Bích, Ấp 15, Xã Bình Mỹ, Thành phố Hồ Chí Minh, Việt Nam",Hồ Chí Minh,,https://www.masothue.com/0313271921-cong-ty-tnhh-che-bien-thuong-mai-thuc-pham-t-foods,https://www.masothue.com/tra-cuu-ma-so-thue-theo-nganh-nghe/che-bien-bao-quan-thit-va-cac-san-pham-tu-thit-1010?page=4,2026-08-24T09:02:30Z
CHI NHÁNH LONG AN CÔNG TY TNHH MỘT THÀNH VIÊN GIẢI TRÍ THƯƠNG MẠI DỊCH VỤ C&C,0313331056-002,1010,10,"60 Nguyễn Công Trung, Phường 3, Thành phố Tân An, Tỉnh Long An, Việt Nam",Long An,,https://www.masothue.com/0313331056-002-chi-nhanh-long-an-cong-ty-tnhh-mot-thanh-vien-giai-tri-thuong-mai-dich-vu-c-c,https://www.masothue.com/tra-cuu-ma-so-thue-theo-nganh-nghe/che-bien-bao-quan-thit-va-cac-san-pham-tu-thit-1010?page=4,2026-08-24T09:02:30Z
CÔNG TY TNHH DỊCH VỤ AN HẠ,0313344351,1010,10,"1893-1895 Nguyễn Ảnh Thủ, Xã Bà Điểm, Thành phố Hồ Chí Minh, Việt Nam",Hồ Chí Minh,,https://www.masothue.com/0313344351-cong-ty-tnhh-dich-vu-an-ha,https://www.masothue.com/tra-cuu-ma-so-thue-theo-nganh-nghe/che-bien-bao-quan-thit-va-cac-san-pham-tu-thit-1010?page=2,2026-08-24T09:02:27Z
CHI NHÁNH CÔNG TY TNHH CHẾ BIẾN ĐỨC NHÂN,0313417673-001,1010,10,"40/3C Nguyễn Thị Sóc, Ấp 48, Xã Xuân Thới Sơn, Thành phố Hồ Chí Minh, Việt Nam",Hồ Chí Minh,,https://www.masothue.com/0313417673-001-chi-nhanh-cong-ty-tnhh-che-bien-duc-nhan,https://www.masothue.com/tra-cuu-ma-so-thue-theo-nganh-nghe/che-bien-bao-quan-thit-va-cac-san-pham-tu-thit-1010?page=3,2026-08-24T09:02:28Z
CÔNG TY TNHH PHÂN PHỐI GIA CÔNG THANH TUẤN,0313561109,1010,10,"B402A1 Nguyễn Văn Quá, Phường Đông Hưng Thuận, Quận 12, Thành phố Hồ Chí Minh, Việt Nam",Hồ Chí Minh,,https://www.masothue.com/0313561109-cong-ty-tnhh-phan-phoi-gia-cong-thanh-tuan,https://www.masothue.com/tra-cuu-ma-so-thue-theo-nganh-nghe/che-bien-bao-quan-thit-va-cac-san-pham-tu-thit-1010?page=2,2026-08-24T09:02:27Z
CHI NHÁNH CÔNG TY CỔ PHẦN THỰC PHẨM SẠCH BẢO LONG - CỬA HÀNG SỐ 01,0313781344-001,1010,10,"59 Lê Quang Định, Phường 14, Quận Bình Thạnh, Thành phố Hồ Chí Minh, Việt Nam",Hồ Chí Minh,,https://www.masothue.com/0313781344-001-chi-nhanh-cong-ty-co-phan-thuc-pham-sach-bao-long-cua-hang-so-01,https://www.masothue.com/tra-cuu-ma-so-thue-theo-nganh-nghe/che-bien-bao-quan-thit-va-cac-san-pham-tu-thit-1010,2026-08-24T09:02:25Z
CHI NHÁNH CÔNG TY TNHH THỰC PHẨM THÔNG TUỆ,0313990926-001,1010,10,"535/39/1 Phạm Văn Đồng, Phường 13, Quận Bình Thạnh, Thành phố Hồ Chí Minh, Việt Nam",Hồ Chí Minh,,https://www.masothue.com/0313990926-001-chi-nhanh-cong-ty-tnhh-thuc-pham-thong-tue,https://www.masothue.com/tra-cuu-ma-so-thue-theo-nganh-nghe/che-bien-bao-quan-thit-va-cac-san-pham-tu-thit-1010?page=4,2026-08-24T09:02:30Z
CÔNG TY TNHH THỰC PHẨM NGON TOÀN CẦU,0314254855,1010,10,"480/13/2B Mã Lò, Phường Bình Hưng Hòa A, Quận Bình Tân, Thành phố Hồ Chí Minh, Việt Nam",Hồ Chí Minh,,https://www.masothue.com/0314254855-cong-ty-tnhh-thuc-pham-ngon-toan-cau,https://www.masothue.com/tra-cuu-ma-so-thue-theo-nganh-nghe/che-bien-bao-quan-thit-va-cac-san-pham-tu-thit-1010?page=3,2026-08-24T09:02:28Z
CHI NHÁNH CÔNG TY TNHH THỰC PHẨM HƯNG HƯNG PHÁT,0314342318-001,1010,10,"38 Trần Hưng Đạo, Phường 07, Quận 5, Thành phố Hồ Chí Minh, Việt Nam",Hồ Chí Minh,,https://www.masothue.com/0314342318-001-chi-nhanh-cong-ty-tnhh-thuc-pham-hung-hung-phat,https://www.masothue.com/tra-cuu-ma-so-thue-theo-nganh-nghe/che-bien-bao-quan-thit-va-cac-san-pham-tu-thit-1010?page=5,2026-08-24T09:02:31Z
CÔNG TY TNHH SẢN XUẤT VÀ CHẾ BIẾN THỰC PHẨM SẠCH THÙY LINH,0314408336,1010,10,"155P Lê Văn Lương, Ấp 3, Xã Phước Kiển, Huyện Nhà Bè, Thành phố Hồ Chí Minh, Việt Nam",Hồ Chí Minh,,https://www.masothue.com/0314408336-cong-ty-tnhh-san-xuat-va-che-bien-thuc-pham-sach-thuy-linh,https://www.masothue.com/tra-cuu-ma-so-thue-theo-nganh-nghe/che-bien-bao-quan-thit-va-cac-san-pham-tu-thit-1010?page=2,2026-08-24T09:02:27Z
CÔNG TY TNHH MỘT THÀNH VIÊN SX TM DV TÂN CƯỜNG PHÁT,0314447286,1010,10,"116 Đường TTH21, Khu Phố 03, Phường Tân Thới Hiệp, Quận 12, Thành phố Hồ Chí Minh, Việt Nam",Hồ Chí Minh,,https://www.masothue.com/0314447286-cong-ty-tnhh-mot-thanh-vien-sx-tm-dv-tan-cuong-phat,https://www.masothue.com/tra-cuu-ma-so-thue-theo-nganh-nghe/che-bien-bao-quan-thit-va-cac-san-pham-tu-thit-1010?page=4,2026-08-24T09:02:30Z
CHI NHÁNH CÔNG TY TNHH THƯƠNG MẠI THỰC PHẨM TRƯỜNG LẠC TẠI ĐẮK LẮK - XƯỞNG SẢN XUẤT,0314491831-001,1010,10,"Số 5 đường Cống Quỳnh, Phường Thống Nhất, Thị xã Buôn Hồ, Tỉnh Đắk Lắk, Việt Nam",Đắk Lắk,,https://www.masothue.com/0314491831-001-chi-nhanh-cong-ty-tnhh-thuong-mai-thuc-pham-truong-lac-tai-dak-lak-xuong-san-xuat,https://www.masothue.com/tra-cuu-ma-so-thue-theo-nganh-nghe/che-bien-bao-quan-thit-va-cac-san-pham-tu-thit-1010?page=4,2026-08-24T09:02:30Z
CÔNG TY TNHH PHO VIETZ,0314558317,1010,10,"285/117 Cách Mạng Tháng Tám, Phường 12, Quận 10, Thành phố Hồ Chí Minh, Việt Nam",Hồ Chí Minh,,https://www.masothue.com/0314558317-cong-ty-tnhh-pho-vietz,https://www.masothue.com/tra-cuu-ma-so-thue-theo-nganh-nghe/che-bien-bao-quan-thit-va-cac-san-pham-tu-thit-1010?page=2,2026-08-24T09:02:27Z
CHI NHÁNH CÔNG TY TNHH DỊCH VỤ THƯƠNG MẠI XUẤT NHẬP KHẨU THÀNH TRUNG,0314581700-001,1010,10,"93/15 Nguyễn Thị Tươi, KP Tân Phước, Phường Tân Bình, Thành phố Dĩ An, Tỉnh Bình Dương, Việt Nam",Bình Dương,,https://www.masothue.com/0314581700-001-chi-nhanh-cong-ty-tnhh-dich-vu-thuong-mai-xuat-nhap-khau-thanh-trung,https://www.masothue.com/tra-cuu-ma-so-thue-theo-nganh-nghe/che-bien-bao-quan-thit-va-cac-san-pham-tu-thit-1010?page=2,2026-08-24T09:02:27Z
CÔNG TY TNHH THỰC PHẨM PHÚ VỸ,0314702899,1010,10,"Số Nhà 63B, Đường 12, Khu Phố 1, Phường Cát Lái, Quận 2, Thành phố Hồ Chí Minh, Việt Nam",Hồ Chí Minh,,https://www.masothue.com/0314702899-cong-ty-tnhh-thuc-pham-phu-vy,https://www.masothue.com/tra-cuu-ma-so-thue-theo-nganh-nghe/che-bien-bao-quan-thit-va-cac-san-pham-tu-thit-1010?page=3,2026-08-24T09:02:28Z
CÔNG TY TNHH SẢN XUẤT THƯƠNG MẠI  HDT SÀI GÒN,0314737813,1010,10,"2143/4 Phạm Thế Hiển, Phường 6, Quận 8, Thành phố Hồ Chí Minh, Việt Nam",Hồ Chí Minh,,https://www.masothue.com/0314737813-cong-ty-tnhh-san-xuat-thuong-mai-hdt-sa-i-go-n,https://www.masothue.com/tra-cuu-ma-so-thue-theo-nganh-nghe/che-bien-bao-quan-thit-va-cac-san-pham-tu-thit-1010?page=4,2026-08-24T09:02:30Z
CÔNG TY TNHH SẢN XUẤT THƯƠNG MẠI DỊCH VỤ CHIẾN LAN,0315694383,1010,10,"29/64 Đường số 4, Khu phố 44, Phường Thủ Đức, Thành phố Hồ Chí Minh, Việt Nam",Hồ Chí Minh,,https://www.masothue.com/0315694383-cong-ty-tnhh-san-xuat-thuong-mai-dich-vu-chien-lan,https://www.masothue.com/tra-cuu-ma-so-thue-theo-nganh-nghe/che-bien-bao-quan-thit-va-cac-san-pham-tu-thit-1010?page=2,2026-08-24T09:02:27Z
CÔNG TY TNHH SẢN XUẤT THƯƠNG MẠI VY THIỆN VŨ,0316206222,1010,10,"32 Đường 3, Khu Đô Thị Vạn Phúc, Phường Hiệp Bình Phước, Quận Thủ Đức, Thành phố Hồ Chí Minh, Việt Nam",Hồ Chí Minh,,https://www.masothue.com/0316206222-cong-ty-tnhh-san-xuat-thuong-mai-vy-thien-vu,https://www.masothue.com/tra-cuu-ma-so-thue-theo-nganh-nghe/che-bien-bao-quan-thit-va-cac-san-pham-tu-thit-1010?page=5,2026-08-24T09:02:31Z
CHI NHÁNH 1 CÔNG TY CỔ PHẦN CHẾ BIẾN THỰC PHẨM HAMBURGER KOBE,0316862383-002,1010,10,"29 Cao Thắng, Phường 02, Quận 3, Thành phố Hồ Chí Minh, Việt Nam",Hồ Chí Minh,,https://www.masothue.com/0316862383-002-chi-nhanh-1-cong-ty-co-phan-che-bien-thuc-pham-hamburger-kobe,https://www.masothue.com/tra-cuu-ma-so-thue-theo-nganh-nghe/che-bien-bao-quan-thit-va-cac-san-pham-tu-thit-1010?page=5,2026-08-24T09:02:31Z
CÔNG TY TNHH TM&DV LỮ GIA,0318193000,1010,10,"350/7/28 Chiến Lược, khu phố 2, Phường Bình Trị Đông A, Quận Bình Tân, Thành phố Hồ Chí Minh, Việt Nam",Hồ Chí Minh,,https://www.masothue.com/0318193000-cong-ty-tnhh-tm-dv-lu-gia,https://www.masothue.com/tra-cuu-ma-so-thue-theo-nganh-nghe/che-bien-bao-quan-thit-va-cac-san-pham-tu-thit-1010?page=4,2026-08-24T09:02:30Z
CÔNG TY CỔ PHẦN MEAT PLANET VIỆT NAM,0319541807,1010,10,"559/5c Vườn Lài, khu phố 2, Phường An Phú Đông, Thành phố Hồ Chí Minh, Việt Nam",Hồ Chí Minh,,https://www.masothue.com/0319541807-cong-ty-co-phan-meat-planet-viet-nam,https://www.masothue.com/tra-cuu-ma-so-thue-theo-nganh-nghe/che-bien-bao-quan-thit-va-cac-san-pham-tu-thit-1010,2026-08-24T09:02:25Z
CÔNG TY TNHH THỰC PHẨM VIỆT HƯNG VN,0319606525,1010,10,"431 Võ Trần Chí, khu phố 2, Xã Tân Nhựt, Thành phố Hồ Chí Minh, Việt Nam",Hồ Chí Minh,,https://www.masothue.com/0319606525-cong-ty-tnhh-thuc-pham-viet-hung-vn,https://www.masothue.com/tra-cuu-ma-so-thue-theo-nganh-nghe/che-bien-bao-quan-thit-va-cac-san-pham-tu-thit-1010?page=5,2026-08-24T09:02:31Z
TRUNG TÂM CHẾ BIẾN GIA SÚC GIA CẦM ĐÀ NẴNG - CÔNG TY CỔ PHẦN PROCIMEX VIỆT NAM,0400100506-009,1010,10,"60 Đà Sơn 2, Phường Hoà Khánh Nam, Quận Liên Chiểu, Thành phố Đà Nẵng, Việt Nam",Đà Nẵng,,https://www.masothue.com/0400100506-009-trung-tam-che-bien-gia-suc-gia-cam-da-nang-cong-ty-co-phan-procimex-viet-nam,https://www.masothue.com/tra-cuu-ma-so-thue-theo-nganh-nghe/che-bien-bao-quan-thit-va-cac-san-pham-tu-thit-1010?page=3,2026-08-24T09:02:28Z
CÔNG TY TNHH LÊ TRẦN SƠN,0401903802,1010,10,"60/7 Tô Hiệu, Phường Hòa Khánh, Thành phố Đà Nẵng, Việt Nam",Đà Nẵng,,https://www.masothue.com/0401903802-cong-ty-tnhh-le-tran-son,https://www.masothue.com/tra-cuu-ma-so-thue-theo-nganh-nghe/che-bien-bao-quan-thit-va-cac-san-pham-tu-thit-1010?page=3,2026-08-24T09:02:28Z
CÔNG TY TNHH MINH HIỀN,0500414601,1010,10,"Cụm công nghiệp Bích Hòa, Xã Bích Hòa, Huyện Thanh Oai, Thành phố Hà Nội, Việt Nam",Hà Nội,,https://www.masothue.com/0500414601-cong-ty-tnhh-minh-hien,https://www.masothue.com/tra-cuu-ma-so-thue-theo-nganh-nghe/che-bien-bao-quan-thit-va-cac-san-pham-tu-thit-1010?page=3,2026-08-24T09:02:28Z
CHI NHÁNH TẠI HÀ TĨNH - CÔNG TY CỔ PHẦN CHẾ BIẾN THỰC PHẨM NÔNG SẢN XUẤT KHẨU NAM ĐỊNH,0600265248-005,1010,10,"Tại nhà bà Lê Thị Bá, Khối phố 7, Phường Hà Huy Tập, Thành phố Hà Tĩnh, Tỉnh Hà Tĩnh, Việt Nam",Hà Tĩnh,,https://www.masothue.com/0600265248-005-chi-nhanh-tai-ha-tinh-cong-ty-co-phan-che-bien-thuc-pham-nong-san-xuat-khau-nam-dinh,https://www.masothue.com/tra-cuu-ma-so-thue-theo-nganh-nghe/che-bien-bao-quan-thit-va-cac-san-pham-tu-thit-1010?page=4,2026-08-24T09:02:30Z
CÔNG TY CỔ PHẦN CHẾ BIẾN THỰC PHẨM NÔNG SẢN BIỂN ĐÔNG,0601171842,1010,10,"Xóm 9, Xã Hải Nam, Huyện Hải Hậu, Tỉnh Nam Định, Việt Nam",Nam Định,,https://www.masothue.com/0601171842-cong-ty-co-phan-che-bien-thuc-pham-nong-san-bien-dong,https://www.masothue.com/tra-cuu-ma-so-thue-theo-nganh-nghe/che-bien-bao-quan-thit-va-cac-san-pham-tu-thit-1010?page=2,2026-08-24T09:02:27Z
CHI NHÁNH CÔNG TY CỔ PHẦN SẢN XUẤT THƯƠNG MẠI & DỊCH VỤ 721,0601239385-001,1010,10,"161/12 Lũy Bán Bích, Phường Phú Thạnh, Thành phố Hồ Chí Minh, Việt Nam",Hồ Chí Minh,,https://www.masothue.com/0601239385-001-chi-nhanh-cong-ty-co-phan-san-xuat-thuong-mai-dich-vu-721,https://www.masothue.com/tra-cuu-ma-so-thue-theo-nganh-nghe/che-bien-bao-quan-thit-va-cac-san-pham-tu-thit-1010?page=5,2026-08-24T09:02:31Z
CÔNG TY TNHH LIÊN DOANH THỰC PHẨM MAVIN,0700631628,1010,10,"Lô E6, Khu công nghiệp Đồng văn II, Phường Duy Hà, Tỉnh Ninh Bình, Việt Nam",Ninh Bình,,https://www.masothue.com/0700631628-cong-ty-tnhh-lien-doanh-thuc-pham-mavin,https://www.masothue.com/tra-cuu-ma-so-thue-theo-nganh-nghe/che-bien-bao-quan-thit-va-cac-san-pham-tu-thit-1010?page=4,2026-08-24T09:02:30Z
CÔNG TY TNHH CHICKEN P.T,0801138923,1010,10,"Thôn Tân Cờ, Xã Mao Điền, Thành phố Hải Phòng, Việt Nam",Hải Phòng,,https://www.masothue.com/0801138923-cong-ty-tnhh-chicken-p-t,https://www.masothue.com/tra-cuu-ma-so-thue-theo-nganh-nghe/che-bien-bao-quan-thit-va-cac-san-pham-tu-thit-1010,2026-08-24T09:02:25Z
CÔNG TY TNHH MTV CHĂN NUÔI AN CHÂU,0900936095,1010,10,"Số 86 Đường Nguyễn Văn Linh, Phường Bần Yên Nhân, Thị xã Mỹ Hào, Tỉnh Hưng Yên, Việt Nam",Hưng Yên,,https://www.masothue.com/0900936095-cong-ty-tnhh-mtv-chan-nuoi-an-chau,https://www.masothue.com/tra-cuu-ma-so-thue-theo-nganh-nghe/che-bien-bao-quan-thit-va-cac-san-pham-tu-thit-1010?page=2,2026-08-24T09:02:27Z
CÔNG TY TNHH THỰC PHẨM QUANG ĐỨC - CHI NHÁNH HÀ NỘI,1001278377-002,1010,10,"Số 41 ngõ 95 phố Kẻ Tạnh, Phường Giang Biên, Quận Long Biên, Thành phố Hà Nội, Việt Nam",Hà Nội,,https://www.masothue.com/1001278377-002-cong-ty-tnhh-thuc-pham-quang-duc-chi-nhanh-ha-noi,https://www.masothue.com/tra-cuu-ma-so-thue-theo-nganh-nghe/che-bien-bao-quan-thit-va-cac-san-pham-tu-thit-1010?page=3,2026-08-24T09:02:28Z
CÔNG TY TNHH THỰC PHẨM 2030-CHI NHÁNH TIỀN GIANG,1100618948-003,1010,10,"Số 195B Nguyễn Thị Thập, Ấp 5, Xã Trung An, Thành phố Mỹ Tho, Tỉnh Tiền Giang, Việt Nam",Tiền Giang,,https://www.masothue.com/1100618948-003-cong-ty-tnhh-thuc-pham-2030-chi-nhanh-tien-giang,https://www.masothue.com/tra-cuu-ma-so-thue-theo-nganh-nghe/che-bien-bao-quan-thit-va-cac-san-pham-tu-thit-1010?page=3,2026-08-24T09:02:28Z
CHI NHÁNH SÀI GÒN - CÔNG TY TNHH HUY LONG AN - MỸ BÌNH,1101797552-001,1010,10,"32 Đường Phú Thuận, Phường Phú Thuận, Quận 7, Thành phố Hồ Chí Minh, Việt Nam",Hồ Chí Minh,,https://www.masothue.com/1101797552-001-chi-nhanh-sai-gon-cong-ty-tnhh-huy-long-an-my-binh,https://www.masothue.com/tra-cuu-ma-so-thue-theo-nganh-nghe/che-bien-bao-quan-thit-va-cac-san-pham-tu-thit-1010?page=5,2026-08-24T09:02:31Z
DOANH NGHIỆP TƯ NHÂN GIANG BẢO KHÁNH HÀ,1101827447,1010,10,"95 Lô 2, ấp 1, Xã Mỹ Yên, Huyện Bến Lức, Tỉnh Long An, Việt Nam",Long An,,https://www.masothue.com/1101827447-doanh-nghiep-tu-nhan-giang-bao-khanh-ha,https://www.masothue.com/tra-cuu-ma-so-thue-theo-nganh-nghe/che-bien-bao-quan-thit-va-cac-san-pham-tu-thit-1010?page=2,2026-08-24T09:02:27Z
CÔNG TY TNHH LOTTE F&G VIỆT NAM,1101944221,1010,10,"Nhà xưởng 3, Lô A1, Đường số 3, KCN Long Hậu, Xã Cần Giuộc, Tỉnh Tây Ninh, Việt Nam",Tây Ninh,,https://www.masothue.com/1101944221-cong-ty-tnhh-lotte-f-g-viet-nam,https://www.masothue.com/tra-cuu-ma-so-thue-theo-nganh-nghe/che-bien-bao-quan-thit-va-cac-san-pham-tu-thit-1010?page=5,2026-08-24T09:02:31Z
"CÔNG TY TNHH GIẾT MỔ GIA CẦM, THỦY CẦM HOÀNG ANH",1201006412,1010,10,"Ấp An Thị, Xã Mỹ Tịnh An, Tỉnh Đồng Tháp, Việt Nam",Đồng Tháp,,https://www.masothue.com/1201006412-cong-ty-tnhh-giet-mo-gia-cam-thuy-cam-hoang-anh,https://www.masothue.com/tra-cuu-ma-so-thue-theo-nganh-nghe/che-bien-bao-quan-thit-va-cac-san-pham-tu-thit-1010,2026-08-24T09:02:25Z
Trịnh Thùy Dung,1301009826,1010,10,"Số 236/5, ấp Lộc Hiệp, Xã Vĩnh Bình, Huyện Chợ Lách, Tỉnh Bến Tre, Việt Nam",Bến Tre,,https://www.masothue.com/1301009826-trinh-thuy-dung,https://www.masothue.com/tra-cuu-ma-so-thue-theo-nganh-nghe/che-bien-bao-quan-thit-va-cac-san-pham-tu-thit-1010?page=2,2026-08-24T09:02:27Z
CÔNG TY TNHH MỘT THÀNH VIÊN THANH THÊM,1301032367,1010,10,"Ấp Tân Thành Hạ (thửa đất số 1074, tờ bản đồ số 03), Xã Tân Trung, Huyện Mỏ Cày Nam, Tỉnh Bến Tre, Việt Nam",Bến Tre,,https://www.masothue.com/1301032367-cong-ty-tnhh-mot-thanh-vien-thanh-them,https://www.masothue.com/tra-cuu-ma-so-thue-theo-nganh-nghe/che-bien-bao-quan-thit-va-cac-san-pham-tu-thit-1010,2026-08-24T09:02:25Z
CÔNG TY TNHH MTV JONTY,1501058228,1010,10,"Số 119F ấp Tân Vĩnh Thuận, Xã Tân Ngãi, Thành phố Vĩnh Long, Tỉnh Vĩnh Long, Việt Nam",Vĩnh Long,,https://www.masothue.com/1501058228-cong-ty-tnhh-mtv-jonty,https://www.masothue.com/tra-cuu-ma-so-thue-theo-nganh-nghe/che-bien-bao-quan-thit-va-cac-san-pham-tu-thit-1010,2026-08-24T09:02:25Z
CÔNG TY TRÁCH NHIỆM HỮU HẠN MỘT THÀNH VIÊN PHÚ NÔNG RẠCH GIÁ,1700557567,1010,10,"Số 03, Lô 15, Khu 16ha, Phường Rạch Giá, Tỉnh An Giang, Việt Nam",An Giang,,https://www.masothue.com/1700557567-cong-ty-trach-nhiem-huu-han-mot-thanh-vien-phu-nong-rach-gia,https://www.masothue.com/tra-cuu-ma-so-thue-theo-nganh-nghe/che-bien-bao-quan-thit-va-cac-san-pham-tu-thit-1010?page=5,2026-08-24T09:02:31Z
CÔNG TY TNHH ĐỒNG CỎ PHÚ QUỐC,1702036506,1010,10,"Tổ 4, ấp Suối Lớn, Xã Dương Tơ, Huyện Phú Quốc, Tỉnh Kiên Giang, Việt Nam",Kiên Giang,,https://www.masothue.com/1702036506-cong-ty-tnhh-dong-co-phu-quoc,https://www.masothue.com/tra-cuu-ma-so-thue-theo-nganh-nghe/che-bien-bao-quan-thit-va-cac-san-pham-tu-thit-1010,2026-08-24T09:02:25Z
CÔNG TY TRÁCH NHIỆM HỮU HẠN MỘT THÀNH VIÊN LÂM VÂN NHƯ Ý,1702099658,1010,10,"Thửa đất số 168, sơ đồ 24, tổ 9, ấp Rạch Hàm, Xã Hàm Ninh, Huyện Phú Quốc, Tỉnh Kiên Giang, Việt Nam",Kiên Giang,,https://www.masothue.com/1702099658-cong-ty-trach-nhiem-huu-han-mot-thanh-vien-lam-van-nhu-y,https://www.masothue.com/tra-cuu-ma-so-thue-theo-nganh-nghe/che-bien-bao-quan-thit-va-cac-san-pham-tu-thit-1010?page=4,2026-08-24T09:02:30Z
DOANH NGHIỆP TN NGỌC XUÂN,1801168888,1010,10,"499 KV Thạnh Hưng, Phường Thường Thạnh, Quận Cái Răng, Thành phố Cần Thơ, Việt Nam",Cần Thơ,,https://www.masothue.com/1801168888-doanh-nghiep-tn-ngoc-xuan,https://www.masothue.com/tra-cuu-ma-so-thue-theo-nganh-nghe/che-bien-bao-quan-thit-va-cac-san-pham-tu-thit-1010?page=5,2026-08-24T09:02:31Z
CÔNG TY TNHH CHẾ BIẾN GIA SÚC GIAI PHONG,1801488750,1010,10,"Tổ 6, Ấp Thới Hưng, Xã Giai Xuân, Huyện Phong Điền, Thành phố Cần Thơ, Việt Nam",Cần Thơ,,https://www.masothue.com/1801488750-cong-ty-tnhh-che-bien-gia-suc-giai-phong,https://www.masothue.com/tra-cuu-ma-so-thue-theo-nganh-nghe/che-bien-bao-quan-thit-va-cac-san-pham-tu-thit-1010?page=2,2026-08-24T09:02:27Z
CÔNG TY TRÁCH NHIỆM HỮU HẠN GIẾT MỔ GIA SÚC THÀNH CÔNG,2100546886,1010,10,"Ấp Long Thuận, Xã Nhị Long, Huyện Càng Long, Tỉnh Trà Vinh, Việt Nam",Trà Vinh,,https://www.masothue.com/2100546886-cong-ty-trach-nhiem-huu-han-giet-mo-gia-suc-thanh-cong,https://www.masothue.com/tra-cuu-ma-so-thue-theo-nganh-nghe/che-bien-bao-quan-thit-va-cac-san-pham-tu-thit-1010?page=4,2026-08-24T09:02:30Z
DOANH NGHIỆP TƯ NHÂN MỸ TRÂN KEN,2200162643,1010,10,"123 Quốc lộ 1A, ấp Phụng Hiệp, Xã An Hiệp, Huyện Châu Thành, Tỉnh Sóc Trăng, Việt Nam",Sóc Trăng,,https://www.masothue.com/2200162643-doanh-nghiep-tu-nhan-my-tran-ken,https://www.masothue.com/tra-cuu-ma-so-thue-theo-nganh-nghe/che-bien-bao-quan-thit-va-cac-san-pham-tu-thit-1010?page=5,2026-08-24T09:02:31Z
DOANH NGHIỆP TƯ NHÂN LƯƠNG TRÂN,2200510900,1010,10,"Ấp An Trạch, Xã An Hiệp, Huyện Châu Thành, Tỉnh Sóc Trăng, Việt Nam",Sóc Trăng,,https://www.masothue.com/2200510900-doanh-nghiep-tu-nhan-luong-tran,https://www.masothue.com/tra-cuu-ma-so-thue-theo-nganh-nghe/che-bien-bao-quan-thit-va-cac-san-pham-tu-thit-1010?page=2,2026-08-24T09:02:27Z
CÔNG TY TNHH MTV VỰA HEO TÝ,2200700429,1010,10,"Số 79 Nguyễn Văn Khuynh, Phường Sóc Trăng, Thành phố Cần Thơ, Việt Nam",Cần Thơ,,https://www.masothue.com/2200700429-cong-ty-tnhh-mtv-vua-heo-ty,https://www.masothue.com/tra-cuu-ma-so-thue-theo-nganh-nghe/che-bien-bao-quan-thit-va-cac-san-pham-tu-thit-1010?page=2,2026-08-24T09:02:27Z
CÔNG TY TNHH THƯƠNG MẠI VÀ DỊCH VỤ TÂM NHẤT MINH,2300781005,1010,10,"Thôn Phú Mẫn, Thị Trấn Chờ, Huyện Yên Phong, Tỉnh Bắc Ninh, Việt Nam",Bắc Ninh,,https://www.masothue.com/2300781005-cong-ty-tnhh-thuong-mai-va-dich-vu-tam-nhat-minh,https://www.masothue.com/tra-cuu-ma-so-thue-theo-nganh-nghe/che-bien-bao-quan-thit-va-cac-san-pham-tu-thit-1010?page=3,2026-08-24T09:02:28Z
CÔNG TY TNHH THỰC PHẨM LƯU SƠN,2400735789,1010,10,"Thôn Đồn 19, Xã Hương Sơn, Huyện Lạng Giang, Tỉnh Bắc Giang, Việt Nam",Bắc Giang,,https://www.masothue.com/2400735789-cong-ty-tnhh-thuc-pham-luu-son,https://www.masothue.com/tra-cuu-ma-so-thue-theo-nganh-nghe/che-bien-bao-quan-thit-va-cac-san-pham-tu-thit-1010,2026-08-24T09:02:25Z
CÔNG TY CỔ PHẦN THỰC PHẨM LG,2500550911,1010,10,"Khu Đô Thị Hùng Vương, Phường Hùng Vương, Thành phố Phúc Yên, Tỉnh Vĩnh Phúc, Việt Nam",Vĩnh Phúc,,https://www.masothue.com/2500550911-cong-ty-co-phan-thuc-pham-lg,https://www.masothue.com/tra-cuu-ma-so-thue-theo-nganh-nghe/che-bien-bao-quan-thit-va-cac-san-pham-tu-thit-1010?page=2,2026-08-24T09:02:27Z
CÔNG TY TNHH THƯƠNG MẠI VÀ DỊCH VỤ HÙNG ANH PHÚ THỌ,2600978683,1010,10,"Khu dân cư Phú Lợi, Phường Phong Châu, Tỉnh Phú Thọ, Việt Nam",Phú Thọ,,https://www.masothue.com/2600978683-cong-ty-tnhh-thuong-mai-va-dich-vu-hung-anh-phu-tho,https://www.masothue.com/tra-cuu-ma-so-thue-theo-nganh-nghe/che-bien-bao-quan-thit-va-cac-san-pham-tu-thit-1010?page=2,2026-08-24T09:02:27Z
CÔNG TY TNHH SXTM LÂM HOA,2802488025,1010,10,"Thôn Đông Khê, Xã Yên Trường, Huyện Yên Định, Tỉnh Thanh Hóa, Việt Nam",Thanh Hóa,,https://www.masothue.com/2802488025-cong-ty-tnhh-sxtm-lam-hoa,https://www.masothue.com/tra-cuu-ma-so-thue-theo-nganh-nghe/che-bien-bao-quan-thit-va-cac-san-pham-tu-thit-1010?page=5,2026-08-24T09:02:31Z
CÔNG TY TNHH NGUYÊN SÁU,3001681149,1010,10,"Khối 5, đường Phan Kính, Phường Nam Hồng, Thị xã Hồng Lĩnh, Tỉnh Hà Tĩnh, Việt Nam",Hà Tĩnh,,https://www.masothue.com/3001681149-cong-ty-tnhh-nguyen-sau,https://www.masothue.com/tra-cuu-ma-so-thue-theo-nganh-nghe/che-bien-bao-quan-thit-va-cac-san-pham-tu-thit-1010?page=4,2026-08-24T09:02:30Z
CÔNG TY TNHH LẬP GIA LIÊN,3502415148,1010,10,"Ấp Cầu Ri, Xã Sông Xoài, Thị xã Phú Mỹ, Tỉnh Bà Rịa - Vũng Tàu, Việt Nam",Bà Rịa - Vũng Tàu,,https://www.masothue.com/3502415148-cong-ty-tnhh-lap-gia-lien,https://www.masothue.com/tra-cuu-ma-so-thue-theo-nganh-nghe/che-bien-bao-quan-thit-va-cac-san-pham-tu-thit-1010?page=5,2026-08-24T09:02:31Z
CHI NHÁNH CÔNG TY TNHH VẬN TẢI PHƯƠNG NGUYỄN - NHÀ MÁY GIẾT MỔ GIA SÚC TẬP TRUNG PHÚC AN HƯNG,3600445461-001,1010,10,"Tổ 7, Ấp Xóm Gốc, Xã Long An, Huyện Long Thành, Tỉnh Đồng Nai, Việt Nam",Đồng Nai,,https://www.masothue.com/3600445461-001-chi-nhanh-cong-ty-tnhh-van-tai-phuong-nguyen-nha-may-giet-mo-gia-suc-tap-trung-phuc-an-hung,https://www.masothue.com/tra-cuu-ma-so-thue-theo-nganh-nghe/che-bien-bao-quan-thit-va-cac-san-pham-tu-thit-1010?page=3,2026-08-24T09:02:28Z
CÔNG TY TNHH NGUYỄN THỊ THANH,3602383877,1010,10,"Ấp Đức Long, Xã Gia Tân 2, Huyện Thống Nhất, Tỉnh Đồng Nai, Việt Nam",Đồng Nai,,https://www.masothue.com/3602383877-cong-ty-tnhh-nguyen-thi-thanh,https://www.masothue.com/tra-cuu-ma-so-thue-theo-nganh-nghe/che-bien-bao-quan-thit-va-cac-san-pham-tu-thit-1010,2026-08-24T09:02:25Z
NHÀ MÁY GIẾT MỔ VÀ CHẾ BIẾN THỊT GIA SÚC - CHI NHÁNH CÔNG TY TNHH MỘT THÀNH VIÊN THỰC PHẨM ANH HÀO PHÁT,3602905308-001,1010,10,"Tổ 5, ấp Lộ Đức, Xã Hố Nai 3, Huyện Trảng Bom, Tỉnh Đồng Nai, Việt Nam",Đồng Nai,,https://www.masothue.com/3602905308-001-nha-may-giet-mo-va-che-bien-thit-gia-suc-chi-nhanh-cong-ty-tnhh-mot-thanh-vien-thuc-pham-anh-hao-phat,https://www.masothue.com/tra-cuu-ma-so-thue-theo-nganh-nghe/che-bien-bao-quan-thit-va-cac-san-pham-tu-thit-1010?page=5,2026-08-24T09:02:31Z
CÔNG TY TNHH MỘT THÀNH VIÊN NGỌC BẢO BÌNH,3603173375,1010,10,"Khu 4, ấp 8, Xã An Phước, Huyện Long Thành, Tỉnh Đồng Nai, Việt Nam",Đồng Nai,,https://www.masothue.com/3603173375-cong-ty-tnhh-mot-thanh-vien-ngoc-bao-binh,https://www.masothue.com/tra-cuu-ma-so-thue-theo-nganh-nghe/che-bien-bao-quan-thit-va-cac-san-pham-tu-thit-1010,2026-08-24T09:02:25Z
CÔNG TY TNHH THỰC PHẨM LAM ANH,3604109809,1010,10,"Số 76Đ/10, tổ 5, khu phố 9, Phường Hố Nai, Thành phố Đồng Nai, Việt Nam",Đồng Nai,,https://www.masothue.com/3604109809-cong-ty-tnhh-thuc-pham-lam-anh,https://www.masothue.com/tra-cuu-ma-so-thue-theo-nganh-nghe/che-bien-bao-quan-thit-va-cac-san-pham-tu-thit-1010?page=3,2026-08-24T09:02:28Z
CÔNG TY CỔ PHẦN MASAN JINJU - CHI NHÁNH MSI,3700645538-004,1010,10,"Lô 6, Khu công nghiệp Tân Đông Hiệp A, Phường Tân Đông Hiệp, Thành phố Dĩ An, Tỉnh Bình Dương, Việt Nam",Bình Dương,,https://www.masothue.com/3700645538-004-cong-ty-co-phan-masan-jinju-chi-nhanh-msi,https://www.masothue.com/tra-cuu-ma-so-thue-theo-nganh-nghe/che-bien-bao-quan-thit-va-cac-san-pham-tu-thit-1010,2026-08-24T09:02:25Z
CHI NHÁNH CÔNG TY TNHH OTTOGI VIỆT NAM TẠI THÀNH PHỐ HÀ NỘI,3700860461-001,1010,10,"Tầng 3, Tòa nhà Richy Tower, số 35, phố Mạc Thái Tổ, Phường Yên Hoà, Quận Cầu Giấy, Thành phố Hà Nội, Việt Nam",Hà Nội,,https://www.masothue.com/3700860461-001-chi-nhanh-cong-ty-tnhh-ottogi-viet-nam-tai-thanh-pho-ha-noi,https://www.masothue.com/tra-cuu-ma-so-thue-theo-nganh-nghe/che-bien-bao-quan-thit-va-cac-san-pham-tu-thit-1010?page=4,2026-08-24T09:02:30Z
CÔNG TY TNHH CPV FOOD,3801181882,1010,10,"Khu công nghiệp Becamex Bình Phước, Phường Chơn Thành, Thành phố Đồng Nai, Việt Nam",Đồng Nai,,https://www.masothue.com/3801181882-cong-ty-tnhh-cpv-food,https://www.masothue.com/tra-cuu-ma-so-thue-theo-nganh-nghe/che-bien-bao-quan-thit-va-cac-san-pham-tu-thit-1010?page=4,2026-08-24T09:02:30Z
CÔNG TY TNHH MỘT THÀNH VIÊN HIỀN HẢO,3901192648,1010,10,"Tổ 18, Ấp Tân Dũng, Xã Tân Hà, Huyện Tân Châu, Tỉnh Tây Ninh, Việt Nam",Tây Ninh,,https://www.masothue.com/3901192648-cong-ty-tnhh-mot-thanh-vien-hien-hao,https://www.masothue.com/tra-cuu-ma-so-thue-theo-nganh-nghe/che-bien-bao-quan-thit-va-cac-san-pham-tu-thit-1010?page=2,2026-08-24T09:02:27Z
CHI NHÁNH LONG AN - CÔNG TY TNHH TMC COW,3901336265-001,1010,10,"Thửa đất số 4613, tờ bản đồ số 3, Xã Mỹ Phú, Huyện Thủ Thừa, Tỉnh Long An, Việt Nam",Long An,,https://www.masothue.com/3901336265-001-chi-nhanh-long-an-cong-ty-tnhh-tmc-cow,https://www.masothue.com/tra-cuu-ma-so-thue-theo-nganh-nghe/che-bien-bao-quan-thit-va-cac-san-pham-tu-thit-1010?page=5,2026-08-24T09:02:31Z
CÔNG TY TNHH CẦU LÔNG,4001112754,1010,10,"Lô B17, Khu dân cư Phan Bội Châu, Khối phố Phương Hòa Nam, Phường Hòa Thuận, Thành phố Tam Kỳ, Tỉnh Quảng Nam, Việt Nam",Quảng Nam,,https://www.masothue.com/4001112754-cong-ty-tnhh-cau-long,https://www.masothue.com/tra-cuu-ma-so-thue-theo-nganh-nghe/che-bien-bao-quan-thit-va-cac-san-pham-tu-thit-1010?page=4,2026-08-24T09:02:30Z
CÔNG TY TNHH MỘT THÀNH VIÊN CHẾ BIẾN THỰC PHẨM TÂN LẬP,4300833641,1010,10,"Khu dân cư Đông Nam, Xã Bình Sơn, Tỉnh Quảng Ngãi, Việt Nam",Quảng Ngãi,,https://www.masothue.com/4300833641-cong-ty-tnhh-mot-thanh-vien-che-bien-thuc-pham-tan-lap,https://www.masothue.com/tra-cuu-ma-so-thue-theo-nganh-nghe/che-bien-bao-quan-thit-va-cac-san-pham-tu-thit-1010?page=3,2026-08-24T09:02:28Z
CÔNG TY TNHH THƯƠNG MẠI XUẤT NHẬP KHẨU GIA PHÁT,5100457631,1010,10,"tổ 2, Thị Trấn Cốc Pài, Huyện Xín Mần, Tỉnh Hà Giang, Việt Nam",Hà Giang,,https://www.masothue.com/5100457631-cong-ty-tnhh-thuong-mai-xuat-nhap-khau-gia-phat,https://www.masothue.com/tra-cuu-ma-so-thue-theo-nganh-nghe/che-bien-bao-quan-thit-va-cac-san-pham-tu-thit-1010,2026-08-24T09:02:25Z
CÔNG TY TNHH THƯƠNG MẠI DỊCH VỤ NÔNG LÂM NGƯ NGHIỆP MINH NGA,5701847770,1010,10,"Số 167, phố Trần Bình Trọng, Thị Trấn Quảng Hà, Huyện Hải Hà, Tỉnh Quảng Ninh, Việt Nam",Quảng Ninh,,https://www.masothue.com/5701847770-cong-ty-tnhh-thuong-mai-dich-vu-nong-lam-ngu-nghiep-minh-nga,https://www.masothue.com/tra-cuu-ma-so-thue-theo-nganh-nghe/che-bien-bao-quan-thit-va-cac-san-pham-tu-thit-1010?page=5,2026-08-24T09:02:31Z
CÔNG TY CỔ PHẦN NÔNG NGHIỆP THẾ GIỚI THỰC PHẨM XANH,6001511223,1010,10,"Số nhà 255 Trần Phú, Phường Thành Công, TP.Buôn Ma Thuột, Tỉnh Đắk Lắk, Việt Nam",Đắk Lắk,,https://www.masothue.com/6001511223-cong-ty-co-phan-nong-nghiep-the-gioi-thuc-pham-xanh,https://www.masothue.com/tra-cuu-ma-so-thue-theo-nganh-nghe/che-bien-bao-quan-thit-va-cac-san-pham-tu-thit-1010?page=5,2026-08-24T09:02:31Z
CHI NHÁNH CÔNG TY CỔ PHẦN NÔNG NGHIỆP THẾ GIỚI THỰC PHẨM XANH,6001511223-001,1010,10,"Số nhà 30B đường Nguyễn Thị Định, Phường Phước Long, Thành phố Nha Trang, Tỉnh Khánh Hòa, Việt Nam",Khánh Hòa,,https://www.masothue.com/6001511223-001-chi-nhanh-cong-ty-co-phan-nong-nghiep-the-gioi-thuc-pham-xanh,https://www.masothue.com/tra-cuu-ma-so-thue-theo-nganh-nghe/che-bien-bao-quan-thit-va-cac-san-pham-tu-thit-1010?page=4,2026-08-24T09:02:30Z
DOANH NGHIỆP TƯ NHÂN TẤN PHÁT HG,6300322841,1010,10,"Đường Hùng Vương, ấp thị Trấn, Thị Trấn Ngã Sáu, Huyện Châu Thành, Tỉnh Hậu Giang, Việt Nam",Hậu Giang,,https://www.masothue.com/6300322841-doanh-nghiep-tu-nhan-tan-phat-hg,https://www.masothue.com/tra-cuu-ma-so-thue-theo-nganh-nghe/che-bien-bao-quan-thit-va-cac-san-pham-tu-thit-1010?page=5,2026-08-24T09:02:31Z
CHI NHÁNH CÔNG TY CỔ PHẦN XUẤT NHẬP KHẨU THUỶ SẢN HÀ NỘI - XÍ NGHIỆP CHẾ BIẾN THỦY SẢN XUÂN THỦY,0100102848-003,1020,10,"Xóm 6, Xã Xuân Hưng, Tỉnh Ninh Bình, Việt Nam",Ninh Bình,,https://www.masothue.com/0100102848-003-chi-nhanh-cong-ty-co-phan-xuat-nhap-khau-thuy-san-ha-noi-xi-nghiep-che-bien-thuy-san-xuan-thuy,https://www.masothue.com/tra-cuu-ma-so-thue-theo-nganh-nghe/che-bien-bao-quan-thuy-san-va-cac-san-pham-tu-thuy-san-1020?page=3,2026-08-24T09:02:49Z
CÔNG TY TNHH PHẤN FOOD & DRINK - CHI NHÁNH 02 HP,0111320848-019,1020,10,"Số 113 đường Lê Hồng Phong, Phường Ngô Quyền, Thành phố Hải Phòng, Việt Nam",Hải Phòng,,https://www.masothue.com/0111320848-019-cong-ty-tnhh-phan-food-drink-chi-nhanh-02-hp,https://www.masothue.com/tra-cuu-ma-so-thue-theo-nganh-nghe/che-bien-bao-quan-thuy-san-va-cac-san-pham-tu-thuy-san-1020,2026-08-24T09:02:46Z
CHI NHÁNH CÔNG TY CỔ PHẦN THỦY SẢN ANH MINH TẠI ĐÀ NẴNG,0200819893-001,1020,10,"Lô C2-4 và C2-5, đường Phạm Văn Xảo, Phường Thọ Quang, Quận Sơn Trà, Thành phố Đà Nẵng, Việt Nam",Đà Nẵng,,https://www.masothue.com/0200819893-001-chi-nhanh-cong-ty-co-phan-thuy-san-anh-minh-tai-da-nang,https://www.masothue.com/tra-cuu-ma-so-thue-theo-nganh-nghe/che-bien-bao-quan-thuy-san-va-cac-san-pham-tu-thuy-san-1020?page=3,2026-08-24T09:02:49Z
CÔNG TY TNHH TRỌNG TẤN COFOOD - CHI NHÁNH QN13,0202320235-004,1020,10,"Số 12, Thôn 3, Phường An Sinh, Tỉnh Quảng Ninh, Việt Nam",Quảng Ninh,,https://www.masothue.com/0202320235-004-cong-ty-tnhh-trong-tan-cofood-chi-nhanh-qn13,https://www.masothue.com/tra-cuu-ma-so-thue-theo-nganh-nghe/che-bien-bao-quan-thuy-san-va-cac-san-pham-tu-thuy-san-1020?page=5,2026-08-24T09:02:52Z
CÔNG TY TNHH MTV TỔNG HỢP TUANDO - CHI NHÁNH 41MC1,0202320669-021,1020,10,"Số nhà 41, Thôn 8, Phường Móng Cái 1, Tỉnh Quảng Ninh, Việt Nam",Quảng Ninh,,https://www.masothue.com/0202320669-021-cong-ty-tnhh-mtv-tong-hop-tuando-chi-nhanh-41mc1,https://www.masothue.com/tra-cuu-ma-so-thue-theo-nganh-nghe/che-bien-bao-quan-thuy-san-va-cac-san-pham-tu-thuy-san-1020?page=5,2026-08-24T09:02:52Z
CÔNG TY TNHH ĐẦU TƯ TMDV ALL FOODS - CHI NHÁNH 220TNT,0202320806-022,1020,10,"Số nhà 220 Trần Nhân Tông, Phường Móng Cái 1, Tỉnh Quảng Ninh, Việt Nam",Quảng Ninh,,https://www.masothue.com/0202320806-022-cong-ty-tnhh-dau-tu-tmdv-all-foods-chi-nhanh-220tnt,https://www.masothue.com/tra-cuu-ma-so-thue-theo-nganh-nghe/che-bien-bao-quan-thuy-san-va-cac-san-pham-tu-thuy-san-1020?page=5,2026-08-24T09:02:52Z
CÔNG TY TNHH CHẾ BIẾN NÔNG HẢI SẢN CHÁNH HƯNG,0301915811,1020,10,"B1/16A ấp2, Xã Tân Kiên, Huyện Bình Chánh, Thành phố Hồ Chí Minh, Việt Nam",Hồ Chí Minh,,https://www.masothue.com/0301915811-cong-ty-tnhh-che-bien-nong-hai-san-chanh-hung,https://www.masothue.com/tra-cuu-ma-so-thue-theo-nganh-nghe/che-bien-bao-quan-thuy-san-va-cac-san-pham-tu-thuy-san-1020,2026-08-24T09:02:46Z
CHI NHÁNH CÔNG TY CỔ PHẦN THƯƠNG MẠI VÀ DỊCH VỤ CẦN GIỜ - NHÀ MÁY CHẾ BIẾN HẢI SẢN KHÔ CẦN GIỜ,0302596283-007,1020,10,"8/8 Lê Trọng Mân, khu phố Phong Thạnh, Thị Trấn Cần Thạnh, Huyện Cần Giờ, Thành phố Hồ Chí Minh, Việt Nam",Hồ Chí Minh,,https://www.masothue.com/0302596283-007-chi-nhanh-cong-ty-co-phan-thuong-mai-va-dich-vu-can-gio-nha-may-che-bien-hai-san-kho-can-gio,https://www.masothue.com/tra-cuu-ma-so-thue-theo-nganh-nghe/che-bien-bao-quan-thuy-san-va-cac-san-pham-tu-thuy-san-1020?page=2,2026-08-24T09:02:48Z
CHI NHÁNH CÔNG TY CỔ PHẦN ATC FURNITURE,0304431223-002,1020,10,"Ấp Mỹ Lợi, Xã Mỹ An, Huyện Chợ Mới, Tỉnh An Giang, Việt Nam",An Giang,,https://www.masothue.com/0304431223-002-chi-nhanh-cong-ty-co-phan-atc-furniture,https://www.masothue.com/tra-cuu-ma-so-thue-theo-nganh-nghe/che-bien-bao-quan-thuy-san-va-cac-san-pham-tu-thuy-san-1020?page=2,2026-08-24T09:02:48Z
CÔNG TY TNHH KINH DOANH VÀNG BẠC ĐÁ QUÝ NGỌC LONG CHÂU,0309130420,1020,10,"543/3 Nguyễn Đình Chiểu, Phường 02, Quận 3, Thành phố Hồ Chí Minh, Việt Nam",Hồ Chí Minh,,https://www.masothue.com/0309130420-cong-ty-tnhh-kinh-doanh-vang-bac-da-quy-ngoc-long-chau,https://www.masothue.com/tra-cuu-ma-so-thue-theo-nganh-nghe/che-bien-bao-quan-thuy-san-va-cac-san-pham-tu-thuy-san-1020,2026-08-24T09:02:46Z
CÔNG TY TNHH MỘT THÀNH VIÊN TĂNG THANH PHƯƠNG,0310925125,1020,10,"Lầu 1, 335 Kênh Tân Hóa, Phường Hoà Thạnh, Quận Tân Phú, Thành phố Hồ Chí Minh, Việt Nam",Hồ Chí Minh,,https://www.masothue.com/0310925125-cong-ty-tnhh-mot-thanh-vien-tang-thanh-phuong,https://www.masothue.com/tra-cuu-ma-so-thue-theo-nganh-nghe/che-bien-bao-quan-thuy-san-va-cac-san-pham-tu-thuy-san-1020,2026-08-24T09:02:46Z
CÔNG TY TNHH THƯƠNG MẠI VÀ DỊCH VỤ AFF,0311561110,1020,10,"585/7C Huỳnh Tấn Phát, Phường Tân Thuận Đông, Quận 7, Thành phố Hồ Chí Minh, Việt Nam",Hồ Chí Minh,,https://www.masothue.com/0311561110-cong-ty-tnhh-thuong-mai-va-dich-vu-aff,https://www.masothue.com/tra-cuu-ma-so-thue-theo-nganh-nghe/che-bien-bao-quan-thuy-san-va-cac-san-pham-tu-thuy-san-1020,2026-08-24T09:02:46Z
CÔNG TY TRÁCH NHIỆM HỮU HẠN THIÊN NGÂN THANH,0312281620,1020,10,"449/1B Hương lộ 2, Phường Bình Trị Đông, Quận Bình Tân, Thành phố Hồ Chí Minh, Việt Nam",Hồ Chí Minh,,https://www.masothue.com/0312281620-cong-ty-trach-nhiem-huu-han-thien-ngan-thanh,https://www.masothue.com/tra-cuu-ma-so-thue-theo-nganh-nghe/che-bien-bao-quan-thuy-san-va-cac-san-pham-tu-thuy-san-1020?page=5,2026-08-24T09:02:52Z
CÔNG TY CỔ PHẦN SẢN XUẤT VÀ THƯƠNG MẠI THỦY SẢN F100,0312768502,1020,10,"107/27F Đường Ngô Đức Kế, Phường 12, Quận Bình Thạnh, Thành phố Hồ Chí Minh, Việt Nam",Hồ Chí Minh,,https://www.masothue.com/0312768502-cong-ty-co-phan-san-xuat-va-thuong-mai-thuy-san-f100,https://www.masothue.com/tra-cuu-ma-so-thue-theo-nganh-nghe/che-bien-bao-quan-thuy-san-va-cac-san-pham-tu-thuy-san-1020?page=5,2026-08-24T09:02:52Z
CÔNG TY TNHH HẢI SẢN CÁT TƯỜNG - CHI NHÁNH II,0313337611-002,1020,10,"Khóm 7, Thị Trấn Sông Đốc, Huyện Trần Văn Thời, Tỉnh Cà Mau, Việt Nam",Cà Mau,,https://www.masothue.com/0313337611-002-cong-ty-tnhh-hai-san-cat-tuong-chi-nhanh-ii,https://www.masothue.com/tra-cuu-ma-so-thue-theo-nganh-nghe/che-bien-bao-quan-thuy-san-va-cac-san-pham-tu-thuy-san-1020?page=3,2026-08-24T09:02:49Z
CÔNG TY TNHH THƯƠNG MẠI THỦY SẢN PHƯƠNG KHÔI,0313494597,1020,10,"74/44 đường số 14, Phường Bình Trị Đông, Thành phố Hồ Chí Minh, Việt Nam",Hồ Chí Minh,,https://www.masothue.com/0313494597-cong-ty-tnhh-thuong-mai-thuy-san-phuong-khoi,https://www.masothue.com/tra-cuu-ma-so-thue-theo-nganh-nghe/che-bien-bao-quan-thuy-san-va-cac-san-pham-tu-thuy-san-1020?page=3,2026-08-24T09:02:49Z
CÔNG TY TNHH SẢN XUẤT THƯƠNG MẠI DỊCH VỤ VÀ XÂY DỰNG NGÔI NHÀ XANH,0313546975,1020,10,"Số 07 Đường Nguyễn Thị Chiếu, Tổ 04, Ấp Phú Trung, Xã An Phú, Huyện Củ Chi, Thành phố Hồ Chí Minh, Việt Nam",Hồ Chí Minh,,https://www.masothue.com/0313546975-cong-ty-tnhh-san-xuat-thuong-mai-dich-vu-va-xay-dung-ngoi-nha-xanh,https://www.masothue.com/tra-cuu-ma-so-thue-theo-nganh-nghe/che-bien-bao-quan-thuy-san-va-cac-san-pham-tu-thuy-san-1020,2026-08-24T09:02:46Z
DOANH NGHIỆP TƯ NHÂN CHẾ BIẾN HẢI SẢN PHẠM HIỀN,0314198287,1020,10,"110/10 ấp 4, Xã Nhị Bình, Huyện Hóc Môn, Thành phố Hồ Chí Minh, Việt Nam",Hồ Chí Minh,,https://www.masothue.com/0314198287-doanh-nghiep-tu-nhan-che-bien-hai-san-pham-hien,https://www.masothue.com/tra-cuu-ma-so-thue-theo-nganh-nghe/che-bien-bao-quan-thuy-san-va-cac-san-pham-tu-thuy-san-1020?page=4,2026-08-24T09:02:50Z
CHI NHÁNH - CÔNG TY TNHH MỘT THÀNH VIÊN THƯƠNG MẠI DỊCH VỤ TƯ NGHĨA,0314648169-002,1020,10,"Thôn Diêu Quang, Xã Hoài Hải, Thị xã Hoài Nhơn, Tỉnh Bình Định, Việt Nam",Bình Định,,https://www.masothue.com/0314648169-002-chi-nhanh-cong-ty-tnhh-mot-thanh-vien-thuong-mai-dich-vu-tu-nghia,https://www.masothue.com/tra-cuu-ma-so-thue-theo-nganh-nghe/che-bien-bao-quan-thuy-san-va-cac-san-pham-tu-thuy-san-1020?page=4,2026-08-24T09:02:50Z
CÔNG TY TRÁCH NHIỆM HỮU HẠN CHẾ BIẾN THỰC PHẨM D & N,0400100143,1020,10,"01 Nguyễn Phục, Phường Sơn Trà, Thành phố Đà Nẵng, Việt Nam",Đà Nẵng,,https://www.masothue.com/0400100143-cong-ty-trach-nhiem-huu-han-che-bien-thuc-pham-d-n,https://www.masothue.com/tra-cuu-ma-so-thue-theo-nganh-nghe/che-bien-bao-quan-thuy-san-va-cac-san-pham-tu-thuy-san-1020?page=2,2026-08-24T09:02:48Z
CÔNG TY TNHH SẢN XUẤT VÀ THƯƠNG MẠI HẢI VY - CHI NHÁNH ĐẠI HIỆP,0400395987-001,1020,10,"Thôn Phú Quý, Xã Đại Hiệp, Huyện Đại Lộc, Tỉnh Quảng Nam, Việt Nam",Quảng Nam,,https://www.masothue.com/0400395987-001-cong-ty-tnhh-san-xuat-va-thuong-mai-hai-vy-chi-nhanh-dai-hiep,https://www.masothue.com/tra-cuu-ma-so-thue-theo-nganh-nghe/che-bien-bao-quan-thuy-san-va-cac-san-pham-tu-thuy-san-1020?page=3,2026-08-24T09:02:49Z
ĐỊA ĐIỂM SẢN XUẤT - CÔNG TY TNHH NGUỒN SỐNG DAHI VINA,0401390572-001,1020,10,"Thôn An Sơn, Xã Hoà Ninh, Huyện Hoà Vang, Thành phố Đà Nẵng, Việt Nam",Đà Nẵng,,https://www.masothue.com/0401390572-001-dia-diem-san-xuat-cong-ty-tnhh-nguon-song-dahi-vina,https://www.masothue.com/tra-cuu-ma-so-thue-theo-nganh-nghe/che-bien-bao-quan-thuy-san-va-cac-san-pham-tu-thuy-san-1020?page=2,2026-08-24T09:02:48Z
CÔNG TY TNHH THƯƠNG MẠI TỔNG HỢP FUTCO,0401660606,1020,10,"K21/4 Lê Hồng Phong, Phường Phước Ninh, Quận Hải Châu, Thành phố Đà Nẵng, Việt Nam",Đà Nẵng,,https://www.masothue.com/0401660606-cong-ty-tnhh-thuong-mai-tong-hop-futco,https://www.masothue.com/tra-cuu-ma-so-thue-theo-nganh-nghe/che-bien-bao-quan-thuy-san-va-cac-san-pham-tu-thuy-san-1020?page=5,2026-08-24T09:02:52Z
CÔNG TY TNHH KDTM THỰC PHẨM TANGO MEAT - CHI NHÁNH TH02,0402307055-010,1020,10,"Số nhà 24, Xóm Đốc, Thôn Duyên Hy, Xã Định Tân, Tỉnh Thanh Hóa, Việt Nam",Thanh Hóa,,https://www.masothue.com/0402307055-010-cong-ty-tnhh-kdtm-thuc-pham-tango-meat-chi-nhanh-th02,https://www.masothue.com/tra-cuu-ma-so-thue-theo-nganh-nghe/che-bien-bao-quan-thuy-san-va-cac-san-pham-tu-thuy-san-1020?page=2,2026-08-24T09:02:48Z
CÔNG TY TNHH MỘT THÀNH VIÊN SẢN XUẤT VÀ THƯƠNG MẠI HẢI LONG PHÁT,0600953364,1020,10,"Khu phố 21, Thị Trấn Thịnh Long, Huyện Hải Hậu, Tỉnh Nam Định, Việt Nam",Nam Định,,https://www.masothue.com/0600953364-cong-ty-tnhh-mot-thanh-vien-san-xuat-va-thuong-mai-hai-long-phat,https://www.masothue.com/tra-cuu-ma-so-thue-theo-nganh-nghe/che-bien-bao-quan-thuy-san-va-cac-san-pham-tu-thuy-san-1020?page=5,2026-08-24T09:02:52Z
CÔNG TY TNHH THƯƠNG MẠI VÀ SẢN XUẤT TUẤN PHƯƠNG,0800842358,1020,10,"Thôn Tiền Trung, Xã Ái Quốc, Thành phố Hải Dương, Tỉnh Hải Dương, Việt Nam",Hải Dương,,https://www.masothue.com/0800842358-cong-ty-tnhh-thuong-mai-va-san-xuat-tuan-phuong,https://www.masothue.com/tra-cuu-ma-so-thue-theo-nganh-nghe/che-bien-bao-quan-thuy-san-va-cac-san-pham-tu-thuy-san-1020,2026-08-24T09:02:46Z
CÔNG TY TNHH MTV MARUYOSHI VIỆT NAM,1101834557,1020,10,"B5b, Đường 8B, Khu xưởng Kizuna, Lô K, KCN Tân Kim, Xã Cần Giuộc, Tỉnh Tây Ninh, Việt Nam",Tây Ninh,,https://www.masothue.com/1101834557-cong-ty-tnhh-mtv-maruyoshi-viet-nam,https://www.masothue.com/tra-cuu-ma-so-thue-theo-nganh-nghe/che-bien-bao-quan-thuy-san-va-cac-san-pham-tu-thuy-san-1020?page=5,2026-08-24T09:02:52Z
CÔNG TY TNHH MTV THỰC PHẨM SONG MỘC,1101865749,1020,10,"Số 151 Nguyễn An Ninh, Phường 3, Thành phố Tân An, Tỉnh Long An, Việt Nam",Long An,,https://www.masothue.com/1101865749-cong-ty-tnhh-mtv-thuc-pham-song-moc,https://www.masothue.com/tra-cuu-ma-so-thue-theo-nganh-nghe/che-bien-bao-quan-thuy-san-va-cac-san-pham-tu-thuy-san-1020?page=5,2026-08-24T09:02:52Z
CÔNG TY TRÁCH NHIỆM HỮU HẠN MỘT THÀNH VIÊN THỦY SẢN HUY HOÀNG,1201399932,1020,10,"Số 14/1 đường Nguyễn An Ninh, Phường 2, Thành phố Mỹ Tho, Tỉnh Tiền Giang, Việt Nam",Tiền Giang,,https://www.masothue.com/1201399932-cong-ty-trach-nhiem-huu-han-mot-thanh-vien-thuy-san-huy-hoang,https://www.masothue.com/tra-cuu-ma-so-thue-theo-nganh-nghe/che-bien-bao-quan-thuy-san-va-cac-san-pham-tu-thuy-san-1020?page=3,2026-08-24T09:02:49Z
DOANH NGHIỆP TƯ NHÂN HỒNG THÀNH,1300234177,1020,10,"106/9, ấp Tân An Thị, Xã Tân Thạch, Huyện Châu Thành, Tỉnh Bến Tre, Việt Nam",Bến Tre,,https://www.masothue.com/1300234177-doanh-nghiep-tu-nhan-hong-thanh,https://www.masothue.com/tra-cuu-ma-so-thue-theo-nganh-nghe/che-bien-bao-quan-thuy-san-va-cac-san-pham-tu-thuy-san-1020?page=3,2026-08-24T09:02:49Z
CÔNG TY CỔ PHẦN XUẤT NHẬP KHẨU THỦY SẢN BẾN TRE,1300376365,1020,10,"Số 79, Tổ 13, Ấp Tân An Thị, Xã Phú Túc, Tỉnh Vĩnh Long, Việt Nam",Vĩnh Long,,https://www.masothue.com/1300376365-cong-ty-co-phan-xuat-nhap-khau-thuy-san-ben-tre,https://www.masothue.com/tra-cuu-ma-so-thue-theo-nganh-nghe/che-bien-bao-quan-thuy-san-va-cac-san-pham-tu-thuy-san-1020?page=2,2026-08-24T09:02:48Z
CÔNG TY TNHH MỘT THÀNH VIÊN THỦY SẢN THIỆN AN,1300942839,1020,10,"Ấp 3 (thửa đất số 57, tờ bản đồ số 06), Xã An Hóa, Huyện Châu Thành, Tỉnh Bến Tre, Việt Nam",Bến Tre,,https://www.masothue.com/1300942839-cong-ty-tnhh-mot-thanh-vien-thuy-san-thien-an,https://www.masothue.com/tra-cuu-ma-so-thue-theo-nganh-nghe/che-bien-bao-quan-thuy-san-va-cac-san-pham-tu-thuy-san-1020?page=4,2026-08-24T09:02:50Z
CÔNG TY TRÁCH NHIỆM HỮU HẠN THỦY SẢN NGUYỄN HIỀN,1300953333,1020,10,"Số 359, ấp Chợ Xếp, Xã Tân Thành Bình, Tỉnh Vĩnh Long, Việt Nam",Vĩnh Long,,https://www.masothue.com/1300953333-cong-ty-trach-nhiem-huu-han-thuy-san-nguyen-hien,https://www.masothue.com/tra-cuu-ma-so-thue-theo-nganh-nghe/che-bien-bao-quan-thuy-san-va-cac-san-pham-tu-thuy-san-1020?page=4,2026-08-24T09:02:50Z
CÔNG TY CỔ PHẦN THỰC PHẨM LỘC DƯƠNG,1300961743,1020,10,"Lô AIV-1, AIV-2 Khu Công nghiệp Giao Long giai đoạn II, Xã An Phước, Huyện Châu Thành, Tỉnh Bến Tre, Việt Nam",Bến Tre,,https://www.masothue.com/1300961743-cong-ty-co-phan-thuc-pham-loc-duong,https://www.masothue.com/tra-cuu-ma-so-thue-theo-nganh-nghe/che-bien-bao-quan-thuy-san-va-cac-san-pham-tu-thuy-san-1020?page=4,2026-08-24T09:02:50Z
CÔNG TY TNHH ĐÔNG LẠNH THỦY HẢI SẢN VĨNH PHÁT,1301014216,1020,10,"Thửa đất số 156, tờ bản đồ số 23, ấp An Hòa, Xã An Nhơn, Huyện Thạnh Phú, Tỉnh Bến Tre, Việt Nam",Bến Tre,,https://www.masothue.com/1301014216-cong-ty-tnhh-dong-lanh-thuy-hai-san-vinh-phat,https://www.masothue.com/tra-cuu-ma-so-thue-theo-nganh-nghe/che-bien-bao-quan-thuy-san-va-cac-san-pham-tu-thuy-san-1020?page=4,2026-08-24T09:02:50Z
CHI NHÁNH CÔNG TY TNHH XUẤT NHẬP KHẨU THỦY SẢN ĐÔNG AN - XƯỞNG PHƠI CÁ KHÔ,1301059834-001,1020,10,"Số 63, ấp 1, Xã Bình Thành, Huyện Giồng Trôm, Tỉnh Bến Tre, Việt Nam",Bến Tre,,https://www.masothue.com/1301059834-001-chi-nhanh-cong-ty-tnhh-xuat-nhap-khau-thuy-san-dong-an-xuong-phoi-ca-kho,https://www.masothue.com/tra-cuu-ma-so-thue-theo-nganh-nghe/che-bien-bao-quan-thuy-san-va-cac-san-pham-tu-thuy-san-1020?page=4,2026-08-24T09:02:50Z
CÔNG TY CP THỦY SẢN TRƯỜNG GIANG - CHI NHÁNH CHẾ BIẾN THỦY SẢN TRƯỜNG GIANG 2,1400572765-002,1020,10,"Lô IV-8, Khu A1, Khu công nghiệp Sa Đéc, Phường Sa Đéc, Tỉnh Đồng Tháp, Việt Nam",Đồng Tháp,,https://www.masothue.com/1400572765-002-cong-ty-cp-thuy-san-truong-giang-chi-nhanh-che-bien-thuy-san-truong-giang-2,https://www.masothue.com/tra-cuu-ma-so-thue-theo-nganh-nghe/che-bien-bao-quan-thuy-san-va-cac-san-pham-tu-thuy-san-1020?page=3,2026-08-24T09:02:49Z
CÔNG TY TRÁCH NHIỆM HỮU HẠN MỘT THÀNH VIÊN THỦY SẢN MỸ SA,1401974410,1020,10,"Lô II-1, Khu A, Khu Công nghiệp Sa Đéc, Phường An Hòa, Thành phố Sa Đéc, Tỉnh Đồng Tháp, Việt Nam",Đồng Tháp,,https://www.masothue.com/1401974410-cong-ty-trach-nhiem-huu-han-mot-thanh-vien-thuy-san-my-sa,https://www.masothue.com/tra-cuu-ma-so-thue-theo-nganh-nghe/che-bien-bao-quan-thuy-san-va-cac-san-pham-tu-thuy-san-1020?page=5,2026-08-24T09:02:52Z
CÔNG TY TNHH MỘT THÀNH VIÊN SẢN XUẤT XUẤT NHẬP KHẨU AN BÌNH,1402061050,1020,10,"Ấp An Bình, Xã Định Yên, Huyện Lấp Vò, Tỉnh Đồng Tháp, Việt Nam",Đồng Tháp,,https://www.masothue.com/1402061050-cong-ty-tnhh-mot-thanh-vien-san-xuat-xuat-nhap-khau-an-binh,https://www.masothue.com/tra-cuu-ma-so-thue-theo-nganh-nghe/che-bien-bao-quan-thuy-san-va-cac-san-pham-tu-thuy-san-1020?page=5,2026-08-24T09:02:52Z
CÔNG TY TNHH MTV CHẾ BIẾN THỦY SẢN CÁT TƯỜNG,1500444076,1020,10,"Số 126/21G đường Trần Phú, Phường Phước Hậu, Tỉnh Vĩnh Long, Việt Nam",Vĩnh Long,,https://www.masothue.com/1500444076-cong-ty-tnhh-mtv-che-bien-thuy-san-cat-tuong,https://www.masothue.com/tra-cuu-ma-so-thue-theo-nganh-nghe/che-bien-bao-quan-thuy-san-va-cac-san-pham-tu-thuy-san-1020,2026-08-24T09:02:46Z
CHI NHÁNH CÔNG TY TNHH THƯƠNG MẠI DỊCH VỤ PHƯỚC ANH - NHÀ MÁY CHẾ BIẾN THỦY SẢN ĐÔNG LẠNH XUẤT KHẨU PHƯỚC ANH,1500473373-004,1020,10,"Số 45D/TB, ấp Tân Bình, Xã Tân Thành, Huyện Lai Vung, Tỉnh Đồng Tháp, Việt Nam",Đồng Tháp,,https://www.masothue.com/1500473373-004-chi-nhanh-cong-ty-tnhh-thuong-mai-dich-vu-phuoc-anh-nha-may-che-bien-thuy-san-dong-lanh-xuat-khau-phuoc-anh,https://www.masothue.com/tra-cuu-ma-so-thue-theo-nganh-nghe/che-bien-bao-quan-thuy-san-va-cac-san-pham-tu-thuy-san-1020?page=2,2026-08-24T09:02:48Z
CHI NHÁNH CÔNG TY CP XUẤT NHẬP KHẨU THỦY SẢN AN GIANG - XÍ NGHIỆP ĐÔNG LẠNH 7,1600583588-002,1020,10,"Số 1234 Trần Hưng Đạo, Phường Bình Đức, Tỉnh An Giang, Việt Nam",An Giang,,https://www.masothue.com/1600583588-002-chi-nhanh-cong-ty-cp-xuat-nhap-khau-thuy-san-an-giang-xi-nghiep-dong-lanh-7,https://www.masothue.com/tra-cuu-ma-so-thue-theo-nganh-nghe/che-bien-bao-quan-thuy-san-va-cac-san-pham-tu-thuy-san-1020?page=3,2026-08-24T09:02:49Z
CÔNG TY TNHH MỘT THÀNH VIÊN CHẾ BIẾN THỦY SẢN P&H,1601974496,1020,10,"Số 4 Đoàn Thị Điểm, Phường Long Xuyên, Tỉnh An Giang, Việt Nam",An Giang,,https://www.masothue.com/1601974496-cong-ty-tnhh-mot-thanh-vien-che-bien-thuy-san-p-h,https://www.masothue.com/tra-cuu-ma-so-thue-theo-nganh-nghe/che-bien-bao-quan-thuy-san-va-cac-san-pham-tu-thuy-san-1020?page=4,2026-08-24T09:02:50Z
CÔNG TY CP KHANG THIÊN ÂN,1601983691,1020,10,"583 Võ Thị Sáu, Khóm Đông An 5, Phường Mỹ Xuyên, Thành phố Long Xuyên, Tỉnh An Giang, Việt Nam",An Giang,,https://www.masothue.com/1601983691-cong-ty-cp-khang-thien-an,https://www.masothue.com/tra-cuu-ma-so-thue-theo-nganh-nghe/che-bien-bao-quan-thuy-san-va-cac-san-pham-tu-thuy-san-1020?page=3,2026-08-24T09:02:49Z
CÔNG TY TNHH MỘT THÀNH VIÊN THỦY SẢN VĨNH TIẾN,1602002694,1020,10,"Số 80 Đường số 5, Khu đô thị Tây Sông Hậu, Phường Long Xuyên, Tỉnh An Giang, Việt Nam",An Giang,,https://www.masothue.com/1602002694-cong-ty-tnhh-mot-thanh-vien-thuy-san-vinh-tien,https://www.masothue.com/tra-cuu-ma-so-thue-theo-nganh-nghe/che-bien-bao-quan-thuy-san-va-cac-san-pham-tu-thuy-san-1020,2026-08-24T09:02:46Z
DOANH NGHIỆP TƯ NHÂN HỒNG VI,1700108441,1020,10,"Số 56, đường 30/4, khu phố 1 Dương Đông, Đặc khu Phú Quốc, Tỉnh An Giang, Việt Nam",An Giang,,https://www.masothue.com/1700108441-doanh-nghiep-tu-nhan-hong-vi,https://www.masothue.com/tra-cuu-ma-so-thue-theo-nganh-nghe/che-bien-bao-quan-thuy-san-va-cac-san-pham-tu-thuy-san-1020?page=2,2026-08-24T09:02:48Z
DOANH NGHIỆP TƯ NHÂN HẢI ĐĂNG,1700132130,1020,10,"Lô A2, Căn 09-10, Đường Trần Quang Khải, Phường Rạch Giá, Tỉnh An Giang, Việt Nam",An Giang,,https://www.masothue.com/1700132130-doanh-nghiep-tu-nhan-hai-dang,https://www.masothue.com/tra-cuu-ma-so-thue-theo-nganh-nghe/che-bien-bao-quan-thuy-san-va-cac-san-pham-tu-thuy-san-1020?page=2,2026-08-24T09:02:48Z
CHI NHÁNH DOANH NGHIỆP TƯ NHÂN NGUYỄN TRÃI,1700470475-001,1020,10,"Số 702A, đường Lâm Quang Ky, Phường An Hòa, Thành phố Rạch Giá, Tỉnh Kiên Giang, Việt Nam",Kiên Giang,,https://www.masothue.com/1700470475-001-chi-nhanh-doanh-nghiep-tu-nhan-nguyen-trai,https://www.masothue.com/tra-cuu-ma-so-thue-theo-nganh-nghe/che-bien-bao-quan-thuy-san-va-cac-san-pham-tu-thuy-san-1020?page=2,2026-08-24T09:02:48Z
CÔNG TY TNHH SẢN XUẤT NƯỚC MẮM THÀNH KHOA,1700497325,1020,10,"Thửa đất số 141, tờ bản đồ số 1, tổ 1, ấp Suối Đá, Xã Dương Tơ, Thành phố Phú Quốc, Tỉnh Kiên Giang, Việt Nam",Kiên Giang,,https://www.masothue.com/1700497325-cong-ty-tnhh-san-xuat-nuoc-mam-thanh-khoa,https://www.masothue.com/tra-cuu-ma-so-thue-theo-nganh-nghe/che-bien-bao-quan-thuy-san-va-cac-san-pham-tu-thuy-san-1020?page=2,2026-08-24T09:02:48Z
DOANH NGHIỆP TƯ NHÂN HÙYNH KHANG,1700507125,1020,10,"Số 138 đường Trần Khánh Dư, Phường An Hòa, Thành phố Rạch Giá, Tỉnh Kiên Giang, Việt Nam",Kiên Giang,,https://www.masothue.com/1700507125-doanh-nghiep-tu-nhan-huynh-khang,https://www.masothue.com/tra-cuu-ma-so-thue-theo-nganh-nghe/che-bien-bao-quan-thuy-san-va-cac-san-pham-tu-thuy-san-1020?page=2,2026-08-24T09:02:48Z
ĐỊA ĐIỂM KINH DOANH CỦA CÔNG TY TRÁCH NHIỆM HỮU HẠN MỘT THÀNH VIÊN XUẤT NHẬP KHẨU THỦY SẢN VÀ NÔNG SẢN HẢI LỢI TẠI KIÊN LƯƠNG,1701397806-001,1020,10,"Số 559, tổ 4, ấp Hòn Chông, Xã Bình An, Huyện Kiên Lương, Tỉnh Kiên Giang, Việt Nam",Kiên Giang,,https://www.masothue.com/1701397806-001-dia-diem-kinh-doanh-cua-cong-ty-trach-nhiem-huu-han-mot-thanh-vien-xuat-nhap-khau-thuy-san-va-nong-san-hai-loi-tai-kien-luong,https://www.masothue.com/tra-cuu-ma-so-thue-theo-nganh-nghe/che-bien-bao-quan-thuy-san-va-cac-san-pham-tu-thuy-san-1020?page=2,2026-08-24T09:02:48Z
ĐỊA ĐIỂM KINH DOANH CỦA CÔNG TY TRÁCH NHIỆM HỮU HẠN MỘT THÀNH VIÊN XUẤT NHẬP KHẨU THỦY SẢN VÀ NÔNG SẢN HẢI LỢI TẠI KIÊN LƯƠNG 2,1701397806-004,1020,10,"Tổ 4, ấp Hòn Chông, Xã Bình An, Huyện Kiên Lương, Tỉnh Kiên Giang, Việt Nam",Kiên Giang,,https://www.masothue.com/1701397806-004-dia-diem-kinh-doanh-cua-cong-ty-trach-nhiem-huu-han-mot-thanh-vien-xuat-nhap-khau-thuy-san-va-nong-san-hai-loi-tai-kien-luong-2,https://www.masothue.com/tra-cuu-ma-so-thue-theo-nganh-nghe/che-bien-bao-quan-thuy-san-va-cac-san-pham-tu-thuy-san-1020,2026-08-24T09:02:46Z
CÔNG TY TRÁCH NHIỆM HỮU HẠN SINH HƯNG PHÁT,1701509894,1020,10,"Tổ 9, khu phố 3, Phường Đông Hồ, Thành phố Hà Tiên, Tỉnh Kiên Giang, Việt Nam",Kiên Giang,,https://www.masothue.com/1701509894-cong-ty-trach-nhiem-huu-han-sinh-hung-phat,https://www.masothue.com/tra-cuu-ma-so-thue-theo-nganh-nghe/che-bien-bao-quan-thuy-san-va-cac-san-pham-tu-thuy-san-1020?page=2,2026-08-24T09:02:48Z
CÔNG TY TNHH MỘT THÀNH VIÊN KHO LẠNH TRUNG SƠN,1701554865,1020,10,"Khu cảng cá Tắc Cậu, ấp Minh Phong, Xã Bình An, Huyện Châu Thành, Tỉnh Kiên Giang, Việt Nam",Kiên Giang,,https://www.masothue.com/1701554865-cong-ty-tnhh-mot-thanh-vien-kho-lanh-trung-son,https://www.masothue.com/tra-cuu-ma-so-thue-theo-nganh-nghe/che-bien-bao-quan-thuy-san-va-cac-san-pham-tu-thuy-san-1020?page=2,2026-08-24T09:02:48Z
CHI NHÁNH CÔNG TY CỔ PHẦN CHẾ BIẾN THỦY SẢN TRUNG SƠN - TẮC CẬU,1701608687-001,1020,10,"Cảng cá Tắc Cậu, ấp Minh Phong, Xã Bình An, Huyện Châu Thành, Tỉnh Kiên Giang, Việt Nam",Kiên Giang,,https://www.masothue.com/1701608687-001-chi-nhanh-cong-ty-co-phan-che-bien-thuy-san-trung-son-tac-cau,https://www.masothue.com/tra-cuu-ma-so-thue-theo-nganh-nghe/che-bien-bao-quan-thuy-san-va-cac-san-pham-tu-thuy-san-1020?page=3,2026-08-24T09:02:49Z
CHI NHÁNH CÔNG TY TRÁCH NHIỆM HỮU HẠN XUẤT NHẬP KHẨU THỦY SẢN QUANG THỊNH,1701664314-001,1020,10,"Khu Cảng cá Tắc Cậu, ấp Minh Phong, Xã Bình An, Huyện Châu Thành, Tỉnh Kiên Giang, Việt Nam",Kiên Giang,,https://www.masothue.com/1701664314-001-chi-nhanh-cong-ty-trach-nhiem-huu-han-xuat-nhap-khau-thuy-san-quang-thinh,https://www.masothue.com/tra-cuu-ma-so-thue-theo-nganh-nghe/che-bien-bao-quan-thuy-san-va-cac-san-pham-tu-thuy-san-1020?page=2,2026-08-24T09:02:48Z
CÔNG TY TRÁCH NHIỆM HỮU HẠN HUỲNH PHÚ MẶN AM,1701910915,1020,10,"Cụm Công Nghiệp Thạnh Thuận, ấp Thạnh Thuận, Xã Tân Thạnh, Huyện An Minh, Tỉnh Kiên Giang, Việt Nam",Kiên Giang,,https://www.masothue.com/1701910915-cong-ty-trach-nhiem-huu-han-huynh-phu-man-am,https://www.masothue.com/tra-cuu-ma-so-thue-theo-nganh-nghe/che-bien-bao-quan-thuy-san-va-cac-san-pham-tu-thuy-san-1020?page=5,2026-08-24T09:02:52Z
DOANH NGHIỆP TƯ NHÂN HUỲNH KIM KIÊN GIANG,1701918054,1020,10,"Số 31, đường Ngô Văn Sở, Phường An Hòa, Thành phố Rạch Giá, Tỉnh Kiên Giang, Việt Nam",Kiên Giang,,https://www.masothue.com/1701918054-doanh-nghiep-tu-nhan-huynh-kim-kien-giang,https://www.masothue.com/tra-cuu-ma-so-thue-theo-nganh-nghe/che-bien-bao-quan-thuy-san-va-cac-san-pham-tu-thuy-san-1020?page=5,2026-08-24T09:02:52Z
CÔNG TY TRÁCH NHIỆM HỮU HẠN MỘT THÀNH VIÊN PHƯƠNG NAM KG,1701967679,1020,10,"Số 323 Tổ 8, Ấp Tân Phước, Xã Châu Thành, Tỉnh An Giang, Việt Nam",An Giang,,https://www.masothue.com/1701967679-cong-ty-trach-nhiem-huu-han-mot-thanh-vien-phuong-nam-kg,https://www.masothue.com/tra-cuu-ma-so-thue-theo-nganh-nghe/che-bien-bao-quan-thuy-san-va-cac-san-pham-tu-thuy-san-1020?page=4,2026-08-24T09:02:50Z
CÔNG TY TRÁCH NHIỆM HỮU HẠN MỘT THÀNH VIÊN NGỌC HƯƠNG PHÚ QUỐC,1702047378,1020,10,"Tổ 3 ấp Bãi Vòng, Xã Hàm Ninh, Huyện Phú Quốc, Tỉnh Kiên Giang, Việt Nam",Kiên Giang,,https://www.masothue.com/1702047378-cong-ty-trach-nhiem-huu-han-mot-thanh-vien-ngoc-huong-phu-quoc,https://www.masothue.com/tra-cuu-ma-so-thue-theo-nganh-nghe/che-bien-bao-quan-thuy-san-va-cac-san-pham-tu-thuy-san-1020?page=5,2026-08-24T09:02:52Z
CÔNG TY TNHH THÁI SƠN,1800651299,1020,10,"Lô 2.10B, Khu công nghiệp Trà Nóc 2, Phường Phước Thới, Thành phố Cần Thơ, Việt Nam",Cần Thơ,,https://www.masothue.com/1800651299-cong-ty-tnhh-thai-son,https://www.masothue.com/tra-cuu-ma-so-thue-theo-nganh-nghe/che-bien-bao-quan-thuy-san-va-cac-san-pham-tu-thuy-san-1020?page=2,2026-08-24T09:02:48Z
CÔNG TY CỔ PHẦN T- THAI,1800679329,1020,10,"149, Cách Mạng Tháng Tám, Phường Bình Thủy, Thành phố Cần Thơ, Việt Nam",Cần Thơ,,https://www.masothue.com/1800679329-cong-ty-co-phan-t-thai,https://www.masothue.com/tra-cuu-ma-so-thue-theo-nganh-nghe/che-bien-bao-quan-thuy-san-va-cac-san-pham-tu-thuy-san-1020,2026-08-24T09:02:46Z
CÔNG TY CỔ PHẦN TẦM NHÌN XA,1801411765,1020,10,"166A QL1, Phường Lê Bình, Quận Cái Răng, Thành phố Cần Thơ, Việt Nam",Cần Thơ,,https://www.masothue.com/1801411765-cong-ty-co-phan-tam-nhin-xa,https://www.masothue.com/tra-cuu-ma-so-thue-theo-nganh-nghe/che-bien-bao-quan-thuy-san-va-cac-san-pham-tu-thuy-san-1020?page=3,2026-08-24T09:02:49Z
CÔNG TY TNHH MỘT THÀNH VIÊN MẮM ẨN,1801527287,1020,10,"338/12, ấp Phú Thọ, Xã Trường Xuân, Huyện Thới Lai, Thành phố Cần Thơ, Việt Nam",Cần Thơ,,https://www.masothue.com/1801527287-cong-ty-tnhh-mot-thanh-vien-mam-an,https://www.masothue.com/tra-cuu-ma-so-thue-theo-nganh-nghe/che-bien-bao-quan-thuy-san-va-cac-san-pham-tu-thuy-san-1020?page=5,2026-08-24T09:02:52Z
CÔNG TY TNHH XUẤT NHẬP KHẨU THỦY SẢN TFF,1801557299,1020,10,"Số 18, Ấp Thới Khánh, Xã Tân Thạnh, Huyện Thới Lai, Thành phố Cần Thơ, Việt Nam",Cần Thơ,,https://www.masothue.com/1801557299-cong-ty-tnhh-xuat-nhap-khau-thuy-san-tff,https://www.masothue.com/tra-cuu-ma-so-thue-theo-nganh-nghe/che-bien-bao-quan-thuy-san-va-cac-san-pham-tu-thuy-san-1020?page=4,2026-08-24T09:02:50Z
CHI NHÁNH 2 DOANH NGHIỆP TƯ NHÂN TƯ THANH,1900288015-002,1020,10,"Ấp Bình Thạnh, Xã Vĩnh Phú Tây, Huyện Phước Long, Tỉnh Bạc Liêu, Việt Nam",Bạc Liêu,,https://www.masothue.com/1900288015-002-chi-nhanh-2-doanh-nghiep-tu-nhan-tu-thanh,https://www.masothue.com/tra-cuu-ma-so-thue-theo-nganh-nghe/che-bien-bao-quan-thuy-san-va-cac-san-pham-tu-thuy-san-1020,2026-08-24T09:02:46Z
CÔNG TY TRÁCH NHIỆM HỮU HẠN MỘT THÀNH VIÊN CHẾ BIẾN THỦY HẢI SẢN XUẤT NHẬP KHẨU THIÊN PHÚ,1900315501,1020,10,"Số 199, Ấp Xóm Mới, Xã Phong Thạnh, Tỉnh Cà Mau, Việt Nam",Cà Mau,,https://www.masothue.com/1900315501-cong-ty-trach-nhiem-huu-han-mot-thanh-vien-che-bien-thuy-hai-san-xuat-nhap-khau-thien-phu,https://www.masothue.com/tra-cuu-ma-so-thue-theo-nganh-nghe/che-bien-bao-quan-thuy-san-va-cac-san-pham-tu-thuy-san-1020?page=2,2026-08-24T09:02:48Z
CHI NHÁNH CÔNG TY CỔ PHẦN THỦY SẢN ĐẠI NAM BL I,1900534863-001,1020,10,"Khu công nghiệp Cầu Tràm, Xã Long Trạch, Huyện Cần Đước, Tỉnh Long An, Việt Nam",Long An,,https://www.masothue.com/1900534863-001-chi-nhanh-cong-ty-co-phan-thuy-san-dai-nam-bl-i,https://www.masothue.com/tra-cuu-ma-so-thue-theo-nganh-nghe/che-bien-bao-quan-thuy-san-va-cac-san-pham-tu-thuy-san-1020?page=2,2026-08-24T09:02:48Z
CÔNG TY TNHH MỘT THÀNH VIÊN TỨ HẢI GÀNH HÀO,1900627518,1020,10,"Số 14, Ấp 2, Thị Trấn Gành Hào, Huyện Đông Hải, Tỉnh Bạc Liêu, Việt Nam",Bạc Liêu,,https://www.masothue.com/1900627518-cong-ty-tnhh-mot-thanh-vien-tu-hai-ganh-hao,https://www.masothue.com/tra-cuu-ma-so-thue-theo-nganh-nghe/che-bien-bao-quan-thuy-san-va-cac-san-pham-tu-thuy-san-1020?page=5,2026-08-24T09:02:52Z
CÔNG TY TNHH THỦY SẢN LIÊN THỊNH,1900644390,1020,10,"Khóm 2, Phường Giá Rai, Tỉnh Cà Mau, Việt Nam",Cà Mau,,https://www.masothue.com/1900644390-cong-ty-tnhh-thuy-san-lien-thinh,https://www.masothue.com/tra-cuu-ma-so-thue-theo-nganh-nghe/che-bien-bao-quan-thuy-san-va-cac-san-pham-tu-thuy-san-1020?page=4,2026-08-24T09:02:50Z
XÍ NGHIỆP CHẾ BIẾN THỦY SẢN XUẤT KHẨU NAM LONG,2000102580-025,1020,10,"Quốc lộ 1A, ấp Đầm Cùng, Xã Trần Thới, Huyện Cái Nước, Tỉnh Cà Mau, Việt Nam",Cà Mau,,https://www.masothue.com/2000102580-025-xi-nghiep-che-bien-thuy-san-xuat-khau-nam-long,https://www.masothue.com/tra-cuu-ma-so-thue-theo-nganh-nghe/che-bien-bao-quan-thuy-san-va-cac-san-pham-tu-thuy-san-1020,2026-08-24T09:02:46Z
CHI NHÁNH CÔNG TY CP CHẾ BIẾN THỦY SẢN XUẤT KHẨU MINH HẢI - KHO CHỨA HÀNG,2000104034-002,1020,10,"Số 10 Đường Đào Trí, Phường Phú Thuận, Quận 7, Thành phố Hồ Chí Minh, Việt Nam",Hồ Chí Minh,,https://www.masothue.com/2000104034-002-chi-nhanh-cong-ty-cp-che-bien-thuy-san-xuat-khau-minh-hai-kho-chua-hang,https://www.masothue.com/tra-cuu-ma-so-thue-theo-nganh-nghe/che-bien-bao-quan-thuy-san-va-cac-san-pham-tu-thuy-san-1020?page=4,2026-08-24T09:02:50Z
DOANH NGHIỆP TN TUẤN LINH,2000111881,1020,10,"Số 47/5, đường Lâm Thành Mậu, Phường 4, Thành phố Cà Mau, Tỉnh Cà Mau, Việt Nam",Cà Mau,,https://www.masothue.com/2000111881-doanh-nghiep-tn-tuan-linh,https://www.masothue.com/tra-cuu-ma-so-thue-theo-nganh-nghe/che-bien-bao-quan-thuy-san-va-cac-san-pham-tu-thuy-san-1020?page=4,2026-08-24T09:02:50Z
CHI NHÁNH DNTN ÁNH NGỌC,2000328891-001,1020,10,"Khóm Cái Nai, Thị Trấn Năm Căn, Huyện Năm Căn, Tỉnh Cà Mau, Việt Nam",Cà Mau,,https://www.masothue.com/2000328891-001-chi-nhanh-dntn-anh-ngoc,https://www.masothue.com/tra-cuu-ma-so-thue-theo-nganh-nghe/che-bien-bao-quan-thuy-san-va-cac-san-pham-tu-thuy-san-1020?page=4,2026-08-24T09:02:50Z
CÔNG TY CP TẬP ĐOÀN THỦY SẢN MINH PHÚ,2000393273,1020,10,"Khu công nghiệp phường 8, Phường Lý Văn Lâm, Tỉnh Cà Mau, Việt Nam",Cà Mau,,https://www.masothue.com/2000393273-cong-ty-cp-tap-doan-thuy-san-minh-phu,https://www.masothue.com/tra-cuu-ma-so-thue-theo-nganh-nghe/che-bien-bao-quan-thuy-san-va-cac-san-pham-tu-thuy-san-1020,2026-08-24T09:02:46Z
CÔNG TY CP MAI VÀNG,2000443326,1020,10,"Số 12, đường Lý Bôn, khóm 1, Phường 4, Thành phố Cà Mau, Tỉnh Cà Mau, Việt Nam",Cà Mau,,https://www.masothue.com/2000443326-cong-ty-cp-mai-vang,https://www.masothue.com/tra-cuu-ma-so-thue-theo-nganh-nghe/che-bien-bao-quan-thuy-san-va-cac-san-pham-tu-thuy-san-1020?page=3,2026-08-24T09:02:49Z
CÔNG TY TNHH THỦY SẢN TRỌNG NHÂN - CHI NHÁNH THU MUA NGUYÊN LIỆU,2000574632-003,1020,10,"Lô 11-12, dãy nhà tiếp nhận số 1, Cảng cá Cà Mau, Phường 8, Thành phố Cà Mau, Tỉnh Cà Mau, Việt Nam",Cà Mau,,https://www.masothue.com/2000574632-003-cong-ty-tnhh-thuy-san-trong-nhan-chi-nhanh-thu-mua-nguyen-lieu,https://www.masothue.com/tra-cuu-ma-so-thue-theo-nganh-nghe/che-bien-bao-quan-thuy-san-va-cac-san-pham-tu-thuy-san-1020?page=2,2026-08-24T09:02:48Z
CÔNG TY TNHH MỘT THÀNH VIÊN THỦY HẢI SẢN THÀNH ĐẠT,2000699448,1020,10,"Số 41-43, đường Nguyễn Bỉnh Khiêm, khóm 8, Phường Lý Văn Lâm, Tỉnh Cà Mau, Việt Nam",Cà Mau,,https://www.masothue.com/2000699448-cong-ty-tnhh-mot-thanh-vien-thuy-hai-san-thanh-dat,https://www.masothue.com/tra-cuu-ma-so-thue-theo-nganh-nghe/che-bien-bao-quan-thuy-san-va-cac-san-pham-tu-thuy-san-1020?page=4,2026-08-24T09:02:50Z
DOANH NGHIỆP TN THỦY SẢN NGỌC PHƯỚC,2000722305,1020,10,"Số 53, đường Phan Đình Phùng, Phường 2, Thành phố Cà Mau, Tỉnh Cà Mau, Việt Nam",Cà Mau,,https://www.masothue.com/2000722305-doanh-nghiep-tn-thuy-san-ngoc-phuoc,https://www.masothue.com/tra-cuu-ma-so-thue-theo-nganh-nghe/che-bien-bao-quan-thuy-san-va-cac-san-pham-tu-thuy-san-1020?page=4,2026-08-24T09:02:50Z
CÔNG TY TNHH TM XNK ROYANS FOOD,2000912313,1020,10,"Số 62, ấp Tắc Thủ, Xã Hồ Thị Kỷ, Tỉnh Cà Mau, Việt Nam",Cà Mau,,https://www.masothue.com/2000912313-cong-ty-tnhh-tm-xnk-royans-food,https://www.masothue.com/tra-cuu-ma-so-thue-theo-nganh-nghe/che-bien-bao-quan-thuy-san-va-cac-san-pham-tu-thuy-san-1020,2026-08-24T09:02:46Z
CÔNG TY TNHH MỘT THÀNH VIÊN THỦY SẢN QUỐC LỘC,2000981162,1020,10,"Ấp Phấn Thạnh, Xã Thạnh Phú, Huyện Cái Nước, Tỉnh Cà Mau, Việt Nam",Cà Mau,,https://www.masothue.com/2000981162-cong-ty-tnhh-mot-thanh-vien-thuy-san-quoc-loc,https://www.masothue.com/tra-cuu-ma-so-thue-theo-nganh-nghe/che-bien-bao-quan-thuy-san-va-cac-san-pham-tu-thuy-san-1020?page=3,2026-08-24T09:02:49Z
CÔNG TY CP THỦY SẢN AN CƯỜNG,2000996916,1020,10,"Số 555, ấp Cây Trâm, Xã Định Bình, Thành phố Cà Mau, Tỉnh Cà Mau, Việt Nam",Cà Mau,,https://www.masothue.com/2000996916-cong-ty-cp-thuy-san-an-cuong,https://www.masothue.com/tra-cuu-ma-so-thue-theo-nganh-nghe/che-bien-bao-quan-thuy-san-va-cac-san-pham-tu-thuy-san-1020?page=4,2026-08-24T09:02:50Z
CÔNG TY TNHH MỘT THÀNH VIÊN XNK NÔNG SẢN VÀ THỦY SẢN ANH KHOA,2001110369,1020,10,"Số 234/46/54, đường Lý Văn Lâm, khóm 2, Phường 1, Thành phố Cà Mau, Tỉnh Cà Mau, Việt Nam",Cà Mau,,https://www.masothue.com/2001110369-cong-ty-tnhh-mot-thanh-vien-xnk-nong-san-va-thuy-san-anh-khoa,https://www.masothue.com/tra-cuu-ma-so-thue-theo-nganh-nghe/che-bien-bao-quan-thuy-san-va-cac-san-pham-tu-thuy-san-1020?page=4,2026-08-24T09:02:50Z
CÔNG TY TNHH MỘT THÀNH VIÊN CHẾ BIẾN THỦY SẢN HẢI NAM,2001115134,1020,10,"Số 125, đường Trần Hưng Đạo, Phường 5, Thành phố Cà Mau, Tỉnh Cà Mau, Việt Nam",Cà Mau,,https://www.masothue.com/2001115134-cong-ty-tnhh-mot-thanh-vien-che-bien-thuy-san-hai-nam,https://www.masothue.com/tra-cuu-ma-so-thue-theo-nganh-nghe/che-bien-bao-quan-thuy-san-va-cac-san-pham-tu-thuy-san-1020?page=3,2026-08-24T09:02:49Z
CÔNG TY CỔ PHẦN CAMIMEX - CHI NHÁNH XÍ NGHIỆP ĐÔNG LẠNH CÀ MAU 5,2001122903-003,1020,10,"Số 999, Đường Lý Thường Kiệt, khóm 14, Phường Tân Thành, Tỉnh Cà Mau, Việt Nam",Cà Mau,,https://www.masothue.com/2001122903-003-cong-ty-co-phan-camimex-chi-nhanh-xi-nghiep-dong-lanh-ca-mau-5,https://www.masothue.com/tra-cuu-ma-so-thue-theo-nganh-nghe/che-bien-bao-quan-thuy-san-va-cac-san-pham-tu-thuy-san-1020?page=3,2026-08-24T09:02:49Z
CÔNG TY TNHH THỦY SẢN KHÁNH PHÁT,2001162832,1020,10,"Số 110, đường Thoại Ngọc Hầu, Khóm 5, Phường 6, Thành phố Cà Mau, Tỉnh Cà Mau, Việt Nam",Cà Mau,,https://www.masothue.com/2001162832-cong-ty-tnhh-thuy-san-khanh-phat,https://www.masothue.com/tra-cuu-ma-so-thue-theo-nganh-nghe/che-bien-bao-quan-thuy-san-va-cac-san-pham-tu-thuy-san-1020?page=3,2026-08-24T09:02:49Z
CÔNG TY TNHH SẢN XUẤT VÀ KINH DOANH THỦY HẢI SẢN HAI ĐẠT,2001246271,1020,10,"Khóm 6, Thị Trấn Sông Đốc, Huyện Trần Văn Thời, Tỉnh Cà Mau, Việt Nam",Cà Mau,,https://www.masothue.com/2001246271-cong-ty-tnhh-san-xuat-va-kinh-doanh-thuy-hai-san-hai-dat,https://www.masothue.com/tra-cuu-ma-so-thue-theo-nganh-nghe/che-bien-bao-quan-thuy-san-va-cac-san-pham-tu-thuy-san-1020?page=4,2026-08-24T09:02:50Z
DOANH NGHIỆP TN HAI GIANG,2001251634,1020,10,"Ấp Cây Me, Xã Viên An, Huyện Ngọc Hiển, Tỉnh Cà Mau, Việt Nam",Cà Mau,,https://www.masothue.com/2001251634-doanh-nghiep-tn-hai-giang,https://www.masothue.com/tra-cuu-ma-so-thue-theo-nganh-nghe/che-bien-bao-quan-thuy-san-va-cac-san-pham-tu-thuy-san-1020?page=4,2026-08-24T09:02:50Z
CÔNG TY TNHH MTV CHẾ BIẾN XUẤT NHẬP KHẨU THỦY SẢN MEKONG,2001302279,1020,10,"Ấp Lung Trường, Xã Quách Phẩm, Huyện Đầm Dơi, Tỉnh Cà Mau, Việt Nam",Cà Mau,,https://www.masothue.com/2001302279-cong-ty-tnhh-mtv-che-bien-xuat-nhap-khau-thuy-san-mekong,https://www.masothue.com/tra-cuu-ma-so-thue-theo-nganh-nghe/che-bien-bao-quan-thuy-san-va-cac-san-pham-tu-thuy-san-1020?page=5,2026-08-24T09:02:52Z
CÔNG TY TNHH ĐẠI VIỆT SEAFOOD,2001404136,1020,10,"Số 33-34 Đường D1, KĐT Bạch Đằng, Khóm Bà Điều, Phường Lý Văn Lâm, Tỉnh Cà Mau, Việt Nam",Cà Mau,,https://www.masothue.com/2001404136-cong-ty-tnhh-dai-viet-seafood,https://www.masothue.com/tra-cuu-ma-so-thue-theo-nganh-nghe/che-bien-bao-quan-thuy-san-va-cac-san-pham-tu-thuy-san-1020,2026-08-24T09:02:46Z
CÔNG TY TNHH CHẾ BIẾN THỦY SẢN TÂN HÒA,2100611824,1020,10,"Ấp Tân Thành Tây, Xã Tân Hòa, Huyện Tiểu Cần, Tỉnh Trà Vinh, Việt Nam",Trà Vinh,,https://www.masothue.com/2100611824-cong-ty-tnhh-che-bien-thuy-san-tan-hoa,https://www.masothue.com/tra-cuu-ma-so-thue-theo-nganh-nghe/che-bien-bao-quan-thuy-san-va-cac-san-pham-tu-thuy-san-1020,2026-08-24T09:02:46Z
CÔNG TY TNHH MỘT THÀNH VIÊN NGỌC THÁI,2200264733,1020,10,"Ấp Ngãi Hội 2, Xã Đại Ngãi, Thành phố Cần Thơ, Việt Nam",Cần Thơ,,https://www.masothue.com/2200264733-cong-ty-tnhh-mot-thanh-vien-ngoc-thai,https://www.masothue.com/tra-cuu-ma-so-thue-theo-nganh-nghe/che-bien-bao-quan-thuy-san-va-cac-san-pham-tu-thuy-san-1020?page=2,2026-08-24T09:02:48Z
CÔNG TY TRÁCH NHIỆM HỮU HẠN NGỌC THUẬN HƯNG,2200560059,1020,10,"Thửa đất số 183, tờ bản đồ số 82 , ấp Nam Chánh, Xã Lịch Hội Thượng, Thành phố Cần Thơ, Việt Nam",Cần Thơ,,https://www.masothue.com/2200560059-cong-ty-trach-nhiem-huu-han-ngoc-thuan-hung,https://www.masothue.com/tra-cuu-ma-so-thue-theo-nganh-nghe/che-bien-bao-quan-thuy-san-va-cac-san-pham-tu-thuy-san-1020?page=4,2026-08-24T09:02:50Z
CÔNG TY TNHH O&H LOONG PTY,2200750363,1020,10,"Số 540 đường Nguyễn Huệ, ấp 3, Xã Phú Lộc, Thành phố Cần Thơ, Việt Nam",Cần Thơ,,https://www.masothue.com/2200750363-cong-ty-tnhh-o-h-loong-pty,https://www.masothue.com/tra-cuu-ma-so-thue-theo-nganh-nghe/che-bien-bao-quan-thuy-san-va-cac-san-pham-tu-thuy-san-1020?page=5,2026-08-24T09:02:52Z
CÔNG TY CỔ PHẦN XUẤT NHẬP KHẨU HẢI TRÍ,2200754985,1020,10,"Lô K, khu công nghiệp An Nghiệp, Phường Sóc Trăng, Thành phố Cần Thơ, Việt Nam",Cần Thơ,,https://www.masothue.com/2200754985-cong-ty-co-phan-xuat-nhap-khau-hai-tri,https://www.masothue.com/tra-cuu-ma-so-thue-theo-nganh-nghe/che-bien-bao-quan-thuy-san-va-cac-san-pham-tu-thuy-san-1020?page=4,2026-08-24T09:02:50Z
CÔNG TY TNHH SẢN XUẤT VÀ THƯƠNG MẠI LÝ HÒA,2801705340,1020,10,"Nhà bà Nguyễn Thị Hòa, thôn Liên Thành, Xã Hải Châu, Thị xã Nghi Sơn, Tỉnh Thanh Hóa, Việt Nam",Thanh Hóa,,https://www.masothue.com/2801705340-cong-ty-tnhh-san-xuat-va-thuong-mai-ly-hoa,https://www.masothue.com/tra-cuu-ma-so-thue-theo-nganh-nghe/che-bien-bao-quan-thuy-san-va-cac-san-pham-tu-thuy-san-1020?page=2,2026-08-24T09:02:48Z
CÔNG TY TNHH ANCHOVY VIỆT NAM,2802450014,1020,10,"Thôn Thượng Hải, Xã Hải Thanh, Thị xã Nghi Sơn, Tỉnh Thanh Hóa, Việt Nam",Thanh Hóa,,https://www.masothue.com/2802450014-cong-ty-tnhh-anchovy-viet-nam,https://www.masothue.com/tra-cuu-ma-so-thue-theo-nganh-nghe/che-bien-bao-quan-thuy-san-va-cac-san-pham-tu-thuy-san-1020?page=5,2026-08-24T09:02:52Z
DOANH NGHIỆP TƯ NHÂN HIỀN DUNG THẢO MY,2802484736,1020,10,"Thôn Thành Xuân, Xã Hoằng Trường, Huyện Hoằng Hoá, Tỉnh Thanh Hóa, Việt Nam",Thanh Hóa,,https://www.masothue.com/2802484736-doanh-nghiep-tu-nhan-hien-dung-thao-my,https://www.masothue.com/tra-cuu-ma-so-thue-theo-nganh-nghe/che-bien-bao-quan-thuy-san-va-cac-san-pham-tu-thuy-san-1020?page=5,2026-08-24T09:02:52Z
CÔNG TY TNHH CHẾ BIẾN HẢI SẢN DIÊM PHỐ,2802502199,1020,10,"Thôn Minh Hùng, Xã Minh Lộc, Huyện Hậu Lộc, Tỉnh Thanh Hóa, Việt Nam",Thanh Hóa,,https://www.masothue.com/2802502199-cong-ty-tnhh-che-bien-hai-san-diem-pho,https://www.masothue.com/tra-cuu-ma-so-thue-theo-nganh-nghe/che-bien-bao-quan-thuy-san-va-cac-san-pham-tu-thuy-san-1020?page=5,2026-08-24T09:02:52Z
CÔNG TY TNHH NÔNG SẢN MINH ĐẠT TRADING - CHI NHÁNH TH,2803198230-003,1020,10,"Số nhà 4868 Đường Phượng Đình 1, Phường Nguyệt Viên, Tỉnh Thanh Hóa, Việt Nam",Thanh Hóa,,https://www.masothue.com/2803198230-003-cong-ty-tnhh-nong-san-minh-dat-trading-chi-nhanh-th,https://www.masothue.com/tra-cuu-ma-so-thue-theo-nganh-nghe/che-bien-bao-quan-thuy-san-va-cac-san-pham-tu-thuy-san-1020,2026-08-24T09:02:46Z
CÔNG TY TNHH PHÂN PHỐI NÔNG SẢN NGỌC PHẤN - CHI NHÁNH 368ND,2803198304-011,1020,10,"Số nhà 368 Đường Nguyễn Du, Xã Quảng Hà, Tỉnh Quảng Ninh, Việt Nam",Quảng Ninh,,https://www.masothue.com/2803198304-011-cong-ty-tnhh-phan-phoi-nong-san-ngoc-phan-chi-nhanh-368nd,https://www.masothue.com/tra-cuu-ma-so-thue-theo-nganh-nghe/che-bien-bao-quan-thuy-san-va-cac-san-pham-tu-thuy-san-1020?page=5,2026-08-24T09:02:52Z
CÔNG TY TNHH CỬA SÓT,3001784514,1020,10,"Tại nhà ông Đặng Văn Long, Cảng cá, thôn Xuân Phương , Xã Thạch Kim, Huyện Lộc Hà, Tỉnh Hà Tĩnh, Việt Nam",Hà Tĩnh,,https://www.masothue.com/3001784514-cong-ty-tnhh-cua-sot,https://www.masothue.com/tra-cuu-ma-so-thue-theo-nganh-nghe/che-bien-bao-quan-thuy-san-va-cac-san-pham-tu-thuy-san-1020?page=3,2026-08-24T09:02:49Z
CÔNG TY TNHH ĐẠI THUỶ - CHI NHÁNH QUẢNG BÌNH,3100321644-004,1020,10,"Thôn Tiền Phong, Xã Thanh Trạch, Huyện Bố Trạch, Tỉnh Quảng Bình, Việt Nam",Quảng Bình,,https://www.masothue.com/3100321644-004-cong-ty-tnhh-dai-thuy-chi-nhanh-quang-binh,https://www.masothue.com/tra-cuu-ma-so-thue-theo-nganh-nghe/che-bien-bao-quan-thuy-san-va-cac-san-pham-tu-thuy-san-1020?page=3,2026-08-24T09:02:49Z
CÔNG TY TRÁCH NHIỆM HỮU HẠN MỘT THÀNH VIÊN XUẤT NHẬP KHẨU THỦY SẢN QUẢNG TRỊ SURIMI,3200600218,1020,10,"Khu phố An Hòa 1, Thị Trấn Cửa Tùng, Huyện Vĩnh Linh, Tỉnh Quảng Trị, Việt Nam",Quảng Trị,,https://www.masothue.com/3200600218-cong-ty-trach-nhiem-huu-han-mot-thanh-vien-xuat-nhap-khau-thuy-san-quang-tri-surimi,https://www.masothue.com/tra-cuu-ma-so-thue-theo-nganh-nghe/che-bien-bao-quan-thuy-san-va-cac-san-pham-tu-thuy-san-1020?page=4,2026-08-24T09:02:50Z
CÔNG TY TRÁCH NHIỆM HỮU HẠN XUẤT NHẬP KHẨU THỦY SẢN PHÚ SONG HƯỜNG,3301569476,1020,10,"165 Nguyễn Sinh Cung, Phường Mỹ Thượng, Thành phố Huế, Việt Nam",Huế,,https://www.masothue.com/3301569476-cong-ty-trach-nhiem-huu-han-xuat-nhap-khau-thuy-san-phu-song-huong,https://www.masothue.com/tra-cuu-ma-so-thue-theo-nganh-nghe/che-bien-bao-quan-thuy-san-va-cac-san-pham-tu-thuy-san-1020?page=3,2026-08-24T09:02:49Z
KHO HÀNG THẠNH PHÚ - CHI NHÁNH CÔNG TY TNHH THU MUA CHẾ BIẾN HẢI SẢN THẠNH PHÚ,3400305770-001,1020,10,"Thôn Phú Hưng, Xã Tiến Lợi, Thành phố Phan Thiết, Tỉnh Bình Thuận, Việt Nam",Bình Thuận,,https://www.masothue.com/3400305770-001-kho-hang-thanh-phu-chi-nhanh-cong-ty-tnhh-thu-mua-che-bien-hai-san-thanh-phu,https://www.masothue.com/tra-cuu-ma-so-thue-theo-nganh-nghe/che-bien-bao-quan-thuy-san-va-cac-san-pham-tu-thuy-san-1020,2026-08-24T09:02:46Z
CỬA HÀNG BÁN BUÔN THỦY SẢN - CÔNG TY TNHH THUẬN LỢI,3400450697-003,1020,10,"Số 1 Lý Tự Trọng, Phường Đức Nghĩa, Thành phố Phan Thiết, Tỉnh Bình Thuận, Việt Nam",Bình Thuận,,https://www.masothue.com/3400450697-003-cua-hang-ban-buon-thuy-san-cong-ty-tnhh-thuan-loi,https://www.masothue.com/tra-cuu-ma-so-thue-theo-nganh-nghe/che-bien-bao-quan-thuy-san-va-cac-san-pham-tu-thuy-san-1020,2026-08-24T09:02:46Z
CÔNG TY CỔ PHẦN NAM MỸ,3400832689,1020,10,"Lô C2, Cụm công nghiệp - TTCN Nam Tuy Phong, Xã Chí Công, Huyện Tuy Phong, Tỉnh Bình Thuận, Việt Nam",Bình Thuận,,https://www.masothue.com/3400832689-cong-ty-co-phan-nam-my,https://www.masothue.com/tra-cuu-ma-so-thue-theo-nganh-nghe/che-bien-bao-quan-thuy-san-va-cac-san-pham-tu-thuy-san-1020,2026-08-24T09:02:46Z
CÔNG TY TNHH MỘT THÀNH VIÊN CHẾ BIẾN THỦY SẢN BIỂN ĐÔNG 5 BÌNH THUẬN,3401052064,1020,10,"Số 279 Cao Bá Quát , Thị Trấn Phan Rí Cửa, Huyện Tuy Phong, Tỉnh Bình Thuận, Việt Nam",Bình Thuận,,https://www.masothue.com/3401052064-cong-ty-tnhh-mot-thanh-vien-che-bien-thuy-san-bien-dong-5-binh-thuan,https://www.masothue.com/tra-cuu-ma-so-thue-theo-nganh-nghe/che-bien-bao-quan-thuy-san-va-cac-san-pham-tu-thuy-san-1020?page=3,2026-08-24T09:02:49Z
DOANH NGHIỆP TN THỦY SẢN NGUYỄN CÔNG,3401062231,1020,10,"Số 01 Cảng cá , Phường Đức Thắng, Thành phố Phan Thiết, Tỉnh Bình Thuận, Việt Nam",Bình Thuận,,https://www.masothue.com/3401062231-doanh-nghiep-tn-thuy-san-nguyen-cong,https://www.masothue.com/tra-cuu-ma-so-thue-theo-nganh-nghe/che-bien-bao-quan-thuy-san-va-cac-san-pham-tu-thuy-san-1020?page=3,2026-08-24T09:02:49Z
CÔNG TY TNHH DỊCH VỤ HẬU CẦN PHÚ QUÝ,3401120130,1020,10,"Thôn Hội An, Xã Tam Thanh, Huyện Phú Quý, Tỉnh Bình Thuận, Việt Nam",Bình Thuận,,https://www.masothue.com/3401120130-cong-ty-tnhh-dich-vu-hau-can-phu-quy,https://www.masothue.com/tra-cuu-ma-so-thue-theo-nganh-nghe/che-bien-bao-quan-thuy-san-va-cac-san-pham-tu-thuy-san-1020?page=4,2026-08-24T09:02:50Z
CHI NHÁNH CÔNG TY CỔ PHẦN CHẾ BIẾN XUẤT NHẬP KHẨU THỦY SẢN TỈNH BÀ RỊA-VŨNG TÀU - XÍ NGHIỆP CHẾ BIẾN THỦY SẢN XUẤT KHẨU LỘC AN,3500666675-009,1020,10,"Ấp An Hải , Xã Lộc An, Huyện Đất đỏ, Tỉnh Bà Rịa - Vũng Tàu, Việt Nam",Bà Rịa - Vũng Tàu,,https://www.masothue.com/3500666675-009-chi-nhanh-cong-ty-co-phan-che-bien-xuat-nhap-khau-thuy-san-tinh-ba-ria-vung-tau-xi-nghiep-che-bien-thuy-san-xuat-khau-loc-an,https://www.masothue.com/tra-cuu-ma-so-thue-theo-nganh-nghe/che-bien-bao-quan-thuy-san-va-cac-san-pham-tu-thuy-san-1020,2026-08-24T09:02:46Z
CÔNG TY TNHH CHẾ BIẾN THỦY SẢN THIÊN BẢO,3501555255,1020,10,"Ấp Tân Lễ B, Xã Châu Pha, Thành Phố Phú Mỹ, Tỉnh Bà Rịa - Vũng Tàu, Việt Nam",Bà Rịa - Vũng Tàu,,https://www.masothue.com/3501555255-cong-ty-tnhh-che-bien-thuy-san-thien-bao,https://www.masothue.com/tra-cuu-ma-so-thue-theo-nganh-nghe/che-bien-bao-quan-thuy-san-va-cac-san-pham-tu-thuy-san-1020?page=2,2026-08-24T09:02:48Z
ĐỊA ĐIỂM KINH DOANH CÔNG TY TNHH CHẾ BIẾN HẢI SẢN THIÊN ÂN - PHÂN XƯỞNG 1,3501716350-001,1020,10,"Số 29 tổ 5, ấp Phước Lâm, Xã Phước Hưng, Huyện Long Đất, Tỉnh Bà Rịa - Vũng Tàu, Việt Nam",Bà Rịa - Vũng Tàu,,https://www.masothue.com/3501716350-001-dia-diem-kinh-doanh-cong-ty-tnhh-che-bien-hai-san-thien-an-phan-xuong-1,https://www.masothue.com/tra-cuu-ma-so-thue-theo-nganh-nghe/che-bien-bao-quan-thuy-san-va-cac-san-pham-tu-thuy-san-1020?page=2,2026-08-24T09:02:48Z
CÔNG TY TNHH BU HUNG,3600633289,1020,10,"Số 45C, ấp Thọ Bình, Xã Xuân Lộc, Tỉnh Đồng Nai, Việt Nam",Đồng Nai,,https://www.masothue.com/3600633289-cong-ty-tnhh-bu-hung,https://www.masothue.com/tra-cuu-ma-so-thue-theo-nganh-nghe/che-bien-bao-quan-thuy-san-va-cac-san-pham-tu-thuy-san-1020?page=5,2026-08-24T09:02:52Z
CÔNG TY TNHH YEOJU,3702921328,1020,10,"293 Tổ 6, Khu Phố Bình Hòa 2, Phường Tân Phước Khánh, Thị xã Tân Uyên, Tỉnh Bình Dương, Việt Nam",Bình Dương,,https://www.masothue.com/3702921328-cong-ty-tnhh-yeoju,https://www.masothue.com/tra-cuu-ma-so-thue-theo-nganh-nghe/che-bien-bao-quan-thuy-san-va-cac-san-pham-tu-thuy-san-1020,2026-08-24T09:02:46Z
TRẠM SẢN XUẤT BÌNH AN - CÔNG TY TNHH THỦY SẢN TRUNG HẢI,4000389802-005,1020,10,"Tổ 5, An Thành 1, Xã Bình An, Huyện Thăng Bình, Tỉnh Quảng Nam, Việt Nam",Quảng Nam,,https://www.masothue.com/4000389802-005-tram-san-xuat-binh-an-cong-ty-tnhh-thuy-san-trung-hai,https://www.masothue.com/tra-cuu-ma-so-thue-theo-nganh-nghe/che-bien-bao-quan-thuy-san-va-cac-san-pham-tu-thuy-san-1020,2026-08-24T09:02:46Z
NHÀ MÁY CHẾ BIẾN XUẤT KHẨU THỦY SẢN QUẢNG NINH - CHI NHÁNH CÔNG TY TNHH CHẾ BIẾN & XUẤT KHẨU THỦY SẢN CAM RANH,4200284035-002,1020,10,"Khu 1, Phường Hải Yên, Thành phố Móng cái, Tỉnh Quảng Ninh, Việt Nam",Quảng Ninh,,https://www.masothue.com/4200284035-002-nha-may-che-bien-xuat-khau-thuy-san-quang-ninh-chi-nhanh-cong-ty-tnhh-che-bien-xuat-khau-thuy-san-cam-ranh,https://www.masothue.com/tra-cuu-ma-so-thue-theo-nganh-nghe/che-bien-bao-quan-thuy-san-va-cac-san-pham-tu-thuy-san-1020,2026-08-24T09:02:46Z
CÔNG TY TNHH SẢN XUẤT THUẬN PHÁT,4201616621,1020,10,"18 Trịnh Phong, Phường Phước Tiến, Thành phố Nha Trang, Tỉnh Khánh Hòa, Việt Nam",Khánh Hòa,,https://www.masothue.com/4201616621-cong-ty-tnhh-san-xuat-thuan-phat,https://www.masothue.com/tra-cuu-ma-so-thue-theo-nganh-nghe/che-bien-bao-quan-thuy-san-va-cac-san-pham-tu-thuy-san-1020?page=3,2026-08-24T09:02:49Z
CÔNG TY TNHH THỦY SẢN TAM ANH,4201639548,1020,10,"51/3 Lương Thế Vinh, Phường Phước Long, Thành phố Nha Trang, Tỉnh Khánh Hòa, Việt Nam",Khánh Hòa,,https://www.masothue.com/4201639548-cong-ty-tnhh-thuy-san-tam-anh,https://www.masothue.com/tra-cuu-ma-so-thue-theo-nganh-nghe/che-bien-bao-quan-thuy-san-va-cac-san-pham-tu-thuy-san-1020?page=4,2026-08-24T09:02:50Z
CÔNG TY TNHH MỘT THÀNH VIÊN XUẤT NHẬP KHẨU THỦY SẢN HẢI PHÚ,4300305232,1020,10,"Lô 12, Khu công Nghiệp Quảng Phú, Phường Quảng Phú, Thành phố Quảng Ngãi, Tỉnh Quảng Ngãi, Việt Nam",Quảng Ngãi,,https://www.masothue.com/4300305232-cong-ty-tnhh-mot-thanh-vien-xuat-nhap-khau-thuy-san-hai-phu,https://www.masothue.com/tra-cuu-ma-so-thue-theo-nganh-nghe/che-bien-bao-quan-thuy-san-va-cac-san-pham-tu-thuy-san-1020?page=2,2026-08-24T09:02:48Z
CÔNG TY TNHH CHẾ BIẾN HẢI SẢN PHÚ HƯNG,4400977982,1020,10,"Lô A14 - KCN An Phú, Xã An Phú, TP Tuy Hoà, Tỉnh Phú Yên, Việt Nam",Phú Yên,,https://www.masothue.com/4400977982-cong-ty-tnhh-che-bien-hai-san-phu-hung,https://www.masothue.com/tra-cuu-ma-so-thue-theo-nganh-nghe/che-bien-bao-quan-thuy-san-va-cac-san-pham-tu-thuy-san-1020?page=5,2026-08-24T09:02:52Z
CÔNG TY TNHH SẢN XUẤT ẨM THỰC TUANFOOD - CHI NHÁNH 269SL,5500675874-007,1020,10,"Số nhà 269, Tiểu Khu 4, Xã Mường La, Tỉnh Sơn La, Việt Nam",Sơn La,,https://www.masothue.com/5500675874-007-cong-ty-tnhh-san-xuat-am-thuc-tuanfood-chi-nhanh-269sl,https://www.masothue.com/tra-cuu-ma-so-thue-theo-nganh-nghe/che-bien-bao-quan-thuy-san-va-cac-san-pham-tu-thuy-san-1020?page=5,2026-08-24T09:02:52Z
CÔNG TY TNHH TỔNG HỢP TMDV MẠNH VN - CHI NHÁNH SL01,5500676324-002,1020,10,"Số 222, Tiểu Khu 8, Xã Thuận Châu, Tỉnh Sơn La, Việt Nam",Sơn La,,https://www.masothue.com/5500676324-002-cong-ty-tnhh-tong-hop-tmdv-manh-vn-chi-nhanh-sl01,https://www.masothue.com/tra-cuu-ma-so-thue-theo-nganh-nghe/che-bien-bao-quan-thuy-san-va-cac-san-pham-tu-thuy-san-1020?page=3,2026-08-24T09:02:49Z
CÔNG TY TNHH TM PVM FOOD STORE - CHI NHÁNH 112 VH,5500676405-004,1020,10,"Số nhà 112 Khu đô thị Đông Gia, Phường Việt Hưng, Tỉnh Quảng Ninh, Việt Nam",Quảng Ninh,,https://www.masothue.com/5500676405-004-cong-ty-tnhh-tm-pvm-food-store-chi-nhanh-112-vh,https://www.masothue.com/tra-cuu-ma-so-thue-theo-nganh-nghe/che-bien-bao-quan-thuy-san-va-cac-san-pham-tu-thuy-san-1020?page=3,2026-08-24T09:02:49Z
CHI NHÁNH CÔNG TY CỔ PHẦN ĐÔNG TÂY TẠI BẮC GIANG,0101826089-001,1030,10,"Khả Lý Thượng, Xã Quảng Minh, Huyện Việt Yên, Tỉnh Bắc Giang, Việt Nam",Bắc Giang,,https://www.masothue.com/0101826089-001-chi-nhanh-cong-ty-co-phan-dong-tay-tai-bac-giang,https://www.masothue.com/tra-cuu-ma-so-thue-theo-nganh-nghe/che-bien-va-bao-quan-rau-qua-1030?page=2,2026-08-24T09:03:11Z
CÔNG TY TNHH XUẤT KHẨU RAU QUẢ VAMEXCO,0101908415,1030,10,"Số 41A1, ngách 39/106, đường Hoàng Quốc Việt, Phường Cổ Nhuế 1, Quận Bắc Từ Liêm, Thành phố Hà Nội, Việt Nam",Hà Nội,,https://www.masothue.com/0101908415-cong-ty-tnhh-xuat-khau-rau-qua-vamexco,https://www.masothue.com/tra-cuu-ma-so-thue-theo-nganh-nghe/che-bien-va-bao-quan-rau-qua-1030,2026-08-24T09:03:10Z
CÔNG TY TNHH MỘT THÀNH VIÊN THƯƠNG MẠI ĐÔNG NAM VIỆT - XƯỞNG SẢN XUẤT GIA CÔNG ĐÓNG GÓI DONAVI,0102165554-003,1030,10,"Số nhà 5, ngõ 77, phố Nguyễn Thị Định, Phường Trung Hoà, Quận Cầu Giấy, Thành phố Hà Nội, Việt Nam",Hà Nội,,https://www.masothue.com/0102165554-003-cong-ty-tnhh-mot-thanh-vien-thuong-mai-dong-nam-viet-xuong-san-xuat-gia-cong-dong-goi-donavi,https://www.masothue.com/tra-cuu-ma-so-thue-theo-nganh-nghe/che-bien-va-bao-quan-rau-qua-1030?page=2,2026-08-24T09:03:11Z
CÔNG TY TNHH SẢN XUẤT & THƯƠNG MẠI VIỆT HẢI,0200790330,1030,10,"Số 117 Kênh Dương, Phường Kênh Dương, Quận Lê Chân, Thành phố Hải Phòng, Việt Nam",Hải Phòng,,https://www.masothue.com/0200790330-cong-ty-tnhh-san-xuat-thuong-mai-viet-hai,https://www.masothue.com/tra-cuu-ma-so-thue-theo-nganh-nghe/che-bien-va-bao-quan-rau-qua-1030,2026-08-24T09:03:10Z
CHI NHÁNH CÔNG TY CỔ PHẦN LONG SƠN  - BÌNH  PHƯỚC,0302817119-005,1030,10,"Tổ 15, Ấp Minh Lập 2, Xã Nha Bích, Tỉnh Đồng Nai, Việt Nam",Đồng Nai,,https://www.masothue.com/0302817119-005-chi-nhanh-cong-ty-co-phan-long-son-binh-phuoc,https://www.masothue.com/tra-cuu-ma-so-thue-theo-nganh-nghe/che-bien-va-bao-quan-rau-qua-1030,2026-08-24T09:03:10Z
CHI NHÁNH CÔNG TY CỔ PHẦN AN NA,0303173932-001,1030,10,"Tổ 3,ấp 2, Xã Đồng Tâm, Huyện Đồng Phú, Tỉnh Bình Phước, Việt Nam",Bình Phước,,https://www.masothue.com/0303173932-001-chi-nhanh-cong-ty-co-phan-an-na,https://www.masothue.com/tra-cuu-ma-so-thue-theo-nganh-nghe/che-bien-va-bao-quan-rau-qua-1030?page=2,2026-08-24T09:03:11Z
CÔNG TY TNHH MEGUMI KOSAN (VIỆT NAM),0303813572,1030,10,"10/6 Khu phố 4, Thị Trấn Hóc Môn, Huyện Hóc Môn, Thành phố Hồ Chí Minh, Việt Nam",Hồ Chí Minh,,https://www.masothue.com/0303813572-cong-ty-tnhh-megumi-kosan-viet-nam,https://www.masothue.com/tra-cuu-ma-so-thue-theo-nganh-nghe/che-bien-va-bao-quan-rau-qua-1030,2026-08-24T09:03:10Z
CHI NHÁNH CÔNG TY TNHH LÂM AN KHANG,0309960453-001,1030,10,"02A3, ấp Thanh Hiệp, Xã Thanh Phú, Huyện Bến Lức, Tỉnh Long An, Việt Nam",Long An,,https://www.masothue.com/0309960453-001-chi-nhanh-cong-ty-tnhh-lam-an-khang,https://www.masothue.com/tra-cuu-ma-so-thue-theo-nganh-nghe/che-bien-va-bao-quan-rau-qua-1030,2026-08-24T09:03:10Z
CHI NHÁNH - CÔNG TY TNHH THỰC PHẨM THÙY KHANG,0310186160-001,1030,10,"Số 01A, Xa lộ Hà Nội, KP 5B, Phường Tân Biên, Thành phố Biên Hoà, Tỉnh Đồng Nai, Việt Nam",Đồng Nai,,https://www.masothue.com/0310186160-001-chi-nhanh-cong-ty-tnhh-thuc-pham-thuy-khang,https://www.masothue.com/tra-cuu-ma-so-thue-theo-nganh-nghe/che-bien-va-bao-quan-rau-qua-1030?page=2,2026-08-24T09:03:11Z
CHI NHÁNH CÔNG TY TNHH  MỘT THÀNH VIÊN DỊCH VỤ TRƯỜNG THĂNG,0310351449-001,1030,10,"48 Trần Văn Chẩm, Ấp Hậu, Xã Tân Thông Hội, Huyện Củ Chi, Thành phố Hồ Chí Minh, Việt Nam",Hồ Chí Minh,,https://www.masothue.com/0310351449-001-chi-nhanh-cong-ty-tnhh-mot-thanh-vien-dich-vu-truong-thang,https://www.masothue.com/tra-cuu-ma-so-thue-theo-nganh-nghe/che-bien-va-bao-quan-rau-qua-1030,2026-08-24T09:03:10Z
CÔNG TY TNHH DU LỊCH HƯƠNG BIỂN CÔN ĐẢO - CHI NHÁNH THUẬN ĐỨC,0310626220-001,1030,10,"696 Lã Xuân Oai, Ấp Phước Lai, Phường Long Trường, Quận 9, Thành phố Hồ Chí Minh, Việt Nam",Hồ Chí Minh,,https://www.masothue.com/0310626220-001-cong-ty-tnhh-du-lich-huong-bien-con-dao-chi-nhanh-thuan-duc,https://www.masothue.com/tra-cuu-ma-so-thue-theo-nganh-nghe/che-bien-va-bao-quan-rau-qua-1030,2026-08-24T09:03:10Z
CHI NHÁNH CÔNG TY TNHH CHẾ BIẾN NÔNG SẢN THỰC PHẨM VIỆT HÙNG MINH PHÁT - XƯỞNG SẢN XUẤT,0310692110-001,1030,10,"Quốc lộ 1A, ấp Tân Hòa, Xã Thạnh Phú, Huyện Cái Nước, Tỉnh Cà Mau, Việt Nam",Cà Mau,,https://www.masothue.com/0310692110-001-chi-nhanh-cong-ty-tnhh-che-bien-nong-san-thuc-pham-viet-hung-minh-phat-xuong-san-xuat,https://www.masothue.com/tra-cuu-ma-so-thue-theo-nganh-nghe/che-bien-va-bao-quan-rau-qua-1030,2026-08-24T09:03:10Z
CHI NHÁNH CÔNG TY TNHH MỘT THÀNH VIÊN NÔNG SẢN MỸ THUẬN,0310888515-002,1030,10,"218/54, Đường An Dương Vương, Phường 16, Quận 8, Thành phố Hồ Chí Minh, Việt Nam",Hồ Chí Minh,,https://www.masothue.com/0310888515-002-chi-nhanh-cong-ty-tnhh-mot-thanh-vien-nong-san-my-thuan,https://www.masothue.com/tra-cuu-ma-so-thue-theo-nganh-nghe/che-bien-va-bao-quan-rau-qua-1030,2026-08-24T09:03:10Z
CHI NHÁNH CÔNG TY TNHH MỘT THÀNH VIÊN PHÁT TRIỂN CƯỜNG THÀNH,0311212342-001,1030,10,"4/13 ấp 2, Xã Nhơn Đức, Huyện Nhà Bè, Thành phố Hồ Chí Minh, Việt Nam",Hồ Chí Minh,,https://www.masothue.com/0311212342-001-chi-nhanh-cong-ty-tnhh-mot-thanh-vien-phat-trien-cuong-thanh,https://www.masothue.com/tra-cuu-ma-so-thue-theo-nganh-nghe/che-bien-va-bao-quan-rau-qua-1030?page=2,2026-08-24T09:03:11Z
CHI NHÁNH CÔNG TY TNHH AUM,0311409726-001,1030,10,"số 384/8A Cộng Hòa, Phường 12, Quận Tân Bình, Thành phố Hồ Chí Minh, Việt Nam",Hồ Chí Minh,,https://www.masothue.com/0311409726-001-chi-nhanh-cong-ty-tnhh-aum,https://www.masothue.com/tra-cuu-ma-so-thue-theo-nganh-nghe/che-bien-va-bao-quan-rau-qua-1030?page=2,2026-08-24T09:03:11Z
CHI NHÁNH CÔNG TY TNHH BẾP HỒNG,0311515611-001,1030,10,"48/21C Nguyễn Biểu, Phường 01, Quận 5, Thành phố Hồ Chí Minh, Việt Nam",Hồ Chí Minh,,https://www.masothue.com/0311515611-001-chi-nhanh-cong-ty-tnhh-bep-hong,https://www.masothue.com/tra-cuu-ma-so-thue-theo-nganh-nghe/che-bien-va-bao-quan-rau-qua-1030,2026-08-24T09:03:10Z
CHI NHÁNH CÔNG TY TNHH SẢN XUẤT THƯƠNG MẠI DỊCH VỤ HƯƠNG ĐẤT,0311747926-002,1030,10,"Số 2 Đường Tân Sơn, Phường 15, Quận Tân Bình, Thành phố Hồ Chí Minh, Việt Nam",Hồ Chí Minh,,https://www.masothue.com/0311747926-002-chi-nhanh-cong-ty-tnhh-san-xuat-thuong-mai-dich-vu-huong-dat,https://www.masothue.com/tra-cuu-ma-so-thue-theo-nganh-nghe/che-bien-va-bao-quan-rau-qua-1030?page=2,2026-08-24T09:03:11Z
CHI NHÁNH - CÔNG TY TNHH THƯƠNG MẠI DỊCH VỤ KHANG MỸ,0311956020-002,1030,10,"135 Đường 26, Phường 10, Quận 6, Thành phố Hồ Chí Minh, Việt Nam",Hồ Chí Minh,,https://www.masothue.com/0311956020-002-chi-nhanh-cong-ty-tnhh-thuong-mai-dich-vu-khang-my,https://www.masothue.com/tra-cuu-ma-so-thue-theo-nganh-nghe/che-bien-va-bao-quan-rau-qua-1030?page=2,2026-08-24T09:03:11Z
CHI NHÁNH CÔNG TY TNHH FRESH PRODUCES,0312013491-001,1030,10,"Khu phố 5, Thị Trấn Vĩnh Bình, Huyện Gò Công Tây, Tỉnh Tiền Giang, Việt Nam",Tiền Giang,,https://www.masothue.com/0312013491-001-chi-nhanh-cong-ty-tnhh-fresh-produces,https://www.masothue.com/tra-cuu-ma-so-thue-theo-nganh-nghe/che-bien-va-bao-quan-rau-qua-1030?page=2,2026-08-24T09:03:11Z
CÔNG TY TNHH XỨ SỞ TỎI ĐEN,0312790219,1030,10,"134 Đường số 2, Phường Phước Bình, Quận 9, Thành phố Hồ Chí Minh, Việt Nam",Hồ Chí Minh,,https://www.masothue.com/0312790219-cong-ty-tnhh-xu-so-toi-den,https://www.masothue.com/tra-cuu-ma-so-thue-theo-nganh-nghe/che-bien-va-bao-quan-rau-qua-1030?page=2,2026-08-24T09:03:11Z
CÔNG TY TNHH SIÊU TRÁI CÂY,0313052084,1030,10,"54/26/18 Đường Số 21, Phường 8, Quận Gò Vấp, Thành phố Hồ Chí Minh, Việt Nam",Hồ Chí Minh,,https://www.masothue.com/0313052084-cong-ty-tnhh-sieu-trai-cay,https://www.masothue.com/tra-cuu-ma-so-thue-theo-nganh-nghe/che-bien-va-bao-quan-rau-qua-1030?page=2,2026-08-24T09:03:11Z
CHI NHÁNH CÔNG TY TNHH THỰC PHẨM BETTER LIFE CMC,0313389507-001,1030,10,"507/52 Hương lộ 3, Phường Bình Hưng Hòa, Quận Bình Tân, Thành phố Hồ Chí Minh, Việt Nam",Hồ Chí Minh,,https://www.masothue.com/0313389507-001-chi-nhanh-cong-ty-tnhh-thuc-pham-better-life-cmc,https://www.masothue.com/tra-cuu-ma-so-thue-theo-nganh-nghe/che-bien-va-bao-quan-rau-qua-1030?page=2,2026-08-24T09:03:11Z
CÔNG TY TNHH TỎI ĐEN SNG,0313479648,1030,10,"Số 55/34 Đường 48 Tổ 40 Khu phố 6, Phường Hiệp Bình Chánh, Quận Thủ Đức, Thành phố Hồ Chí Minh, Việt Nam",Hồ Chí Minh,,https://www.masothue.com/0313479648-cong-ty-tnhh-toi-den-sng,https://www.masothue.com/tra-cuu-ma-so-thue-theo-nganh-nghe/che-bien-va-bao-quan-rau-qua-1030?page=2,2026-08-24T09:03:11Z
CHI NHÁNH CÔNG TY TNHH THỰC PHẨM SẠCH VEGAN - CƠ SỞ SẢN XUẤT NƯỚC UỐNG ĐÓNG CHAI VEGAN,0313662442-002,1030,10,"Xóm 4, thôn 6, Xã Huy Khiêm, Huyện Tánh Linh, Tỉnh Bình Thuận, Việt Nam",Bình Thuận,,https://www.masothue.com/0313662442-002-chi-nhanh-cong-ty-tnhh-thuc-pham-sach-vegan-co-so-san-xuat-nuoc-uong-dong-chai-vegan,https://www.masothue.com/tra-cuu-ma-so-thue-theo-nganh-nghe/che-bien-va-bao-quan-rau-qua-1030?page=2,2026-08-24T09:03:11Z
CÔNG TY CỔ PHẦN CAMELLIA,0314449903,1030,10,"L10-06 Tầng 10, Tòa nhà Vincom Center, 72 Lê Thánh Tôn, Phường Bến Nghé, Quận 1, Thành phố Hồ Chí Minh, Việt Nam",Hồ Chí Minh,,https://www.masothue.com/0314449903-cong-ty-co-phan-camellia,https://www.masothue.com/tra-cuu-ma-so-thue-theo-nganh-nghe/che-bien-va-bao-quan-rau-qua-1030?page=2,2026-08-24T09:03:11Z
CÔNG TY TNHH  NÔNG NGHIỆP TƯỜNG VỸ,0319523452,1030,10,"Số 22 đường Vũ Duy Chí, Xã Tân An Hội, Thành phố Hồ Chí Minh, Việt Nam",Hồ Chí Minh,,https://www.masothue.com/0319523452-cong-ty-tnhh-nong-nghiep-tuong-vy,https://www.masothue.com/tra-cuu-ma-so-thue-theo-nganh-nghe/che-bien-va-bao-quan-rau-qua-1030,2026-08-24T09:03:10Z
CHI NHÁNH CÔNG TY TNHH  BÌNH PHÚ,1100631554-001,1030,10,"Số 7, Hùng Vương, Phường 2, Thành phố Tân An, Tỉnh Long An, Việt Nam",Long An,,https://www.masothue.com/1100631554-001-chi-nhanh-cong-ty-tnhh-binh-phu,https://www.masothue.com/tra-cuu-ma-so-thue-theo-nganh-nghe/che-bien-va-bao-quan-rau-qua-1030,2026-08-24T09:03:10Z
CHI NHÁNH CÔNG TY TNHH DUY ĐỨC 5,1100644754-004,1030,10,"Ấp Bình Thạnh 2, Xã Thuận Mỹ, Huyện Châu Thành, Tỉnh Long An, Việt Nam",Long An,,https://www.masothue.com/1100644754-004-chi-nhanh-cong-ty-tnhh-duy-duc-5,https://www.masothue.com/tra-cuu-ma-so-thue-theo-nganh-nghe/che-bien-va-bao-quan-rau-qua-1030,2026-08-24T09:03:10Z
CHI NHÁNH CÔNG TY TNHH LONG SƠN LA - LỢI BÌNH NHƠN,1101273252-002,1030,10,"Khu công nghiệp Lợi Bình Nhơn, Xã Lợi Bình Nhơn, Thành phố Tân An, Tỉnh Long An, Việt Nam",Long An,,https://www.masothue.com/1101273252-002-chi-nhanh-cong-ty-tnhh-long-son-la-loi-binh-nhon,https://www.masothue.com/tra-cuu-ma-so-thue-theo-nganh-nghe/che-bien-va-bao-quan-rau-qua-1030,2026-08-24T09:03:10Z
CÔNG TY CỔ PHẦN SẢN XUẤT VÀ CHẾ BIẾN NÔNG SẢN SẠCH VINA,1101918197,1030,10,"Số 401/26 Quốc lộ 1, Khu phố Bình Quân 1, Phường 4, Thành phố Tân An, Tỉnh Long An, Việt Nam",Long An,,https://www.masothue.com/1101918197-cong-ty-co-phan-san-xuat-va-che-bien-nong-san-sach-vina,https://www.masothue.com/tra-cuu-ma-so-thue-theo-nganh-nghe/che-bien-va-bao-quan-rau-qua-1030,2026-08-24T09:03:10Z
CÔNG TY TNHH MỘT THÀNH VIÊN NICHIREI SUCO VIỆT NAM,1201437426,1030,10,"Ấp Hòa Bình, Xã Tân Hòa, Tỉnh Đồng Tháp, Việt Nam",Đồng Tháp,,https://www.masothue.com/1201437426-cong-ty-tnhh-mot-thanh-vien-nichirei-suco-viet-nam,https://www.masothue.com/tra-cuu-ma-so-thue-theo-nganh-nghe/che-bien-va-bao-quan-rau-qua-1030?page=2,2026-08-24T09:03:11Z
CÔNG TY CỔ PHẦN CHẾ BIẾN NÔNG SẢN XUẤT KHẨU VIXACO,1201486896,1030,10,"Ấp Tân Phong, Xã Tân Lập 2, Huyện Tân Phước, Tỉnh Tiền Giang, Việt Nam",Tiền Giang,,https://www.masothue.com/1201486896-cong-ty-co-phan-che-bien-nong-san-xuat-khau-vixaco,https://www.masothue.com/tra-cuu-ma-so-thue-theo-nganh-nghe/che-bien-va-bao-quan-rau-qua-1030?page=2,2026-08-24T09:03:11Z
CÔNG TY TNHH MỘT THÀNH VIÊN SẢN XUẤT THỰC PHẨM TIẾN PHÁT,1300965018,1030,10,"Số 07, ấp An Thiện, Xã Thành Thới B, Huyện Mỏ Cày Nam, Tỉnh Bến Tre, Việt Nam",Bến Tre,,https://www.masothue.com/1300965018-cong-ty-tnhh-mot-thanh-vien-san-xuat-thuc-pham-tien-phat,https://www.masothue.com/tra-cuu-ma-so-thue-theo-nganh-nghe/che-bien-va-bao-quan-rau-qua-1030?page=2,2026-08-24T09:03:11Z
CÔNG TY TNHH MỘT THÀNH VIÊN SẢN XUẤT KOKO XIÊM,1301017986,1030,10,"Thửa đất số 72, tờ bản đồ số 04, đường Đồng Văn Cống, Phường 6, Thành phố Bến Tre, Tỉnh Bến Tre, Việt Nam",Bến Tre,,https://www.masothue.com/1301017986-cong-ty-tnhh-mot-thanh-vien-san-xuat-koko-xiem,https://www.masothue.com/tra-cuu-ma-so-thue-theo-nganh-nghe/che-bien-va-bao-quan-rau-qua-1030?page=2,2026-08-24T09:03:11Z
CÔNG TY TNHH IN JAE ĐỒNG THÁP,1402035540,1030,10,"Chợ Đầu mối trái cây Mỹ Hiệp, Xã Mỹ Hiệp, Huyện Cao Lãnh, Tỉnh Đồng Tháp, Việt Nam",Đồng Tháp,,https://www.masothue.com/1402035540-cong-ty-tnhh-in-jae-dong-thap,https://www.masothue.com/tra-cuu-ma-so-thue-theo-nganh-nghe/che-bien-va-bao-quan-rau-qua-1030?page=2,2026-08-24T09:03:11Z
CÔNG TY TNHH MỘT THÀNH VIÊN SẢN XUẤT DƯA CHUA TRƯỜNG GIANG,1601902614,1030,10,"Ấp Tấn Phước, Xã Tấn Mỹ, Huyện Chợ Mới, Tỉnh An Giang, Việt Nam",An Giang,,https://www.masothue.com/1601902614-cong-ty-tnhh-mot-thanh-vien-san-xuat-dua-chua-truong-giang,https://www.masothue.com/tra-cuu-ma-so-thue-theo-nganh-nghe/che-bien-va-bao-quan-rau-qua-1030?page=2,2026-08-24T09:03:11Z
CÔNG TY TNHH MTV TÀI VỤ,2100484485,1030,10,"Ấp Rọ Say, Xã Ngũ Lạc, Huyện Duyên Hải, Tỉnh Trà Vinh, Việt Nam",Trà Vinh,,https://www.masothue.com/2100484485-cong-ty-tnhh-mtv-tai-vu,https://www.masothue.com/tra-cuu-ma-so-thue-theo-nganh-nghe/che-bien-va-bao-quan-rau-qua-1030,2026-08-24T09:03:10Z
CÔNG TY TNHH MTV NÔNG TRẠI CƯỜNG PHÁT,2100595139,1030,10,"Ấp Cây Ổi, Xã Tập Ngãi, Huyện Tiểu Cần, Tỉnh Trà Vinh, Việt Nam",Trà Vinh,,https://www.masothue.com/2100595139-cong-ty-tnhh-mtv-nong-trai-cuong-phat,https://www.masothue.com/tra-cuu-ma-so-thue-theo-nganh-nghe/che-bien-va-bao-quan-rau-qua-1030,2026-08-24T09:03:10Z
CÔNG TY TNHH COOLTOP,2100613370,1030,10,"Ấp Trung, Xã Đại Phước, Huyện Càng Long, Tỉnh Trà Vinh, Việt Nam",Trà Vinh,,https://www.masothue.com/2100613370-cong-ty-tnhh-cooltop,https://www.masothue.com/tra-cuu-ma-so-thue-theo-nganh-nghe/che-bien-va-bao-quan-rau-qua-1030,2026-08-24T09:03:10Z
CÔNG TY TNHH CHẾ BIẾN NÔNG SẢN SƠN NGỌC ÁNH,2200734354,1030,10,"Số 412, Ấp An Phú, Thị Trấn Kế Sách, Huyện Kế Sách, Tỉnh Sóc Trăng, Việt Nam",Sóc Trăng,,https://www.masothue.com/2200734354-cong-ty-tnhh-che-bien-nong-san-son-ngoc-anh,https://www.masothue.com/tra-cuu-ma-so-thue-theo-nganh-nghe/che-bien-va-bao-quan-rau-qua-1030?page=2,2026-08-24T09:03:11Z
DOANH NGHIỆP TƯ NHÂN THÀNH CÔNG VĨNH PHÚC,2500281017,1030,10,"TDP Bắc Cường, Thị Trấn Thổ Tang, Huyện Vĩnh Tường, Tỉnh Vĩnh Phúc, Việt Nam",Vĩnh Phúc,,https://www.masothue.com/2500281017-doanh-nghiep-tu-nhan-thanh-cong-vinh-phuc,https://www.masothue.com/tra-cuu-ma-so-thue-theo-nganh-nghe/che-bien-va-bao-quan-rau-qua-1030?page=2,2026-08-24T09:03:11Z
CHI NHÁNH CÔNG TY TNHH MỘT THÀNH VIÊN RAU QUẢ BÌNH THUẬN,3400351590-008,1030,10,"Kho B2, Số 7 Đại Lộ Độc Lập, KCN Sóng Thần 1, Phường Dĩ An, Thành phố Dĩ An, Tỉnh Bình Dương, Việt Nam",Bình Dương,,https://www.masothue.com/3400351590-008-chi-nhanh-cong-ty-tnhh-mot-thanh-vien-rau-qua-binh-thuan,https://www.masothue.com/tra-cuu-ma-so-thue-theo-nganh-nghe/che-bien-va-bao-quan-rau-qua-1030,2026-08-24T09:03:10Z
CÔNG TY TNHH THẢO NGUYÊN,3500449303,1030,10,"Khu phố Thị Vải, Phường Phú Mỹ, Thành phố Hồ Chí Minh, Việt Nam",Hồ Chí Minh,,https://www.masothue.com/3500449303-cong-ty-tnhh-thao-nguyen,https://www.masothue.com/tra-cuu-ma-so-thue-theo-nganh-nghe/che-bien-va-bao-quan-rau-qua-1030?page=2,2026-08-24T09:03:11Z
CHI NHÁNH CÔNG TY TNHH ĐẦU TƯ SẢN XUẤT THƯƠNG MẠI MINH NHẬT-XƯỞNG CHẾ BIẾN HẠT ĐIỀU MINH NHẬT,3501966696-001,1030,10,"128/8 Ấp Thạnh Sơn 3, Xã Phước Tân, Huyện Xuyên Mộc, Tỉnh Bà Rịa - Vũng Tàu, Việt Nam",Bà Rịa - Vũng Tàu,,https://www.masothue.com/3501966696-001-chi-nhanh-cong-ty-tnhh-dau-tu-san-xuat-thuong-mai-minh-nhat-xuong-che-bien-hat-dieu-minh-nhat,https://www.masothue.com/tra-cuu-ma-so-thue-theo-nganh-nghe/che-bien-va-bao-quan-rau-qua-1030,2026-08-24T09:03:10Z
CÔNG TY CỔ PHẦN HOÀNG SƠN I,3800259342,1030,10,"Thôn 2, Xã Nghĩa Trung, Tỉnh Đồng Nai, Việt Nam",Đồng Nai,,https://www.masothue.com/3800259342-cong-ty-co-phan-hoang-son-i,https://www.masothue.com/tra-cuu-ma-so-thue-theo-nganh-nghe/che-bien-va-bao-quan-rau-qua-1030,2026-08-24T09:03:10Z
CHI NHÁNH TÂN THÀNH - DOANH NGHIỆP TƯ NHÂN NGỌC LỢI,3800290504-001,1030,10,"Ấp 7, Xã Tân Thành, Thành phố Đồng Xoài, Tỉnh Bình Phước, Việt Nam",Bình Phước,,https://www.masothue.com/3800290504-001-chi-nhanh-tan-thanh-doanh-nghiep-tu-nhan-ngoc-loi,https://www.masothue.com/tra-cuu-ma-so-thue-theo-nganh-nghe/che-bien-va-bao-quan-rau-qua-1030,2026-08-24T09:03:10Z
CÔNG TY TNHH LONG HẢI NHẬT TRƯỜNG,3800415760,1030,10,"Tổ 1, Ấp Tằng Hách, Xã Minh Đức, Tỉnh Đồng Nai, Việt Nam",Đồng Nai,,https://www.masothue.com/3800415760-cong-ty-tnhh-long-hai-nhat-truong,https://www.masothue.com/tra-cuu-ma-so-thue-theo-nganh-nghe/che-bien-va-bao-quan-rau-qua-1030,2026-08-24T09:03:10Z
ĐIỂM KINH DOANH CÔNG TY TNHH MỘT THÀNH VIÊN NGỌC TRÂN,3800759320-001,1030,10,"Thôn Phước Tân, Xã Bình Tân, Huyện Bù Gia Mập, Tỉnh Bình Phước, Việt Nam",Bình Phước,,https://www.masothue.com/3800759320-001-diem-kinh-doanh-cong-ty-tnhh-mot-thanh-vien-ngoc-tran,https://www.masothue.com/tra-cuu-ma-so-thue-theo-nganh-nghe/che-bien-va-bao-quan-rau-qua-1030,2026-08-24T09:03:10Z
CÔNG TY TNHH MỘT THÀNH VIÊN NÔNG SẢN TÍN LỘC,4000881002,1030,10,"Thôn Phú Bông, Xã Duy Trinh, Huyện Duy Xuyên, Tỉnh Quảng Nam, Việt Nam",Quảng Nam,,https://www.masothue.com/4000881002-cong-ty-tnhh-mot-thanh-vien-nong-san-tin-loc,https://www.masothue.com/tra-cuu-ma-so-thue-theo-nganh-nghe/che-bien-va-bao-quan-rau-qua-1030,2026-08-24T09:03:10Z
CHI NHÁNH CÔNG TY CỔ PHẦN ĐẦU TƯ SAN NAM HÒA BÌNH - NHÀ MÁY THỰC PHẨM SANNAMFOOD HÒA BÌNH,5400229001-001,1030,10,"(Trong trụ sở Công ty cổ phần đầu tư San Nam Hoà Bình), Xã Phú Minh, Huyện Kỳ Sơn, Tỉnh Hòa Bình, Việt Nam",Hòa Bình,,https://www.masothue.com/5400229001-001-chi-nhanh-cong-ty-co-phan-dau-tu-san-nam-hoa-binh-nha-may-thuc-pham-sannamfood-hoa-binh,https://www.masothue.com/tra-cuu-ma-so-thue-theo-nganh-nghe/che-bien-va-bao-quan-rau-qua-1030?page=2,2026-08-24T09:03:11Z
CÔNG TY TNHH MTV CAO SU PHÙNG CƯỜNG,0102784064,2211,22,"Nhà 30, tổ 21, cụm 3, Phường Tứ Liên, Quận Tây Hồ, Thành phố Hà Nội, Việt Nam",Hà Nội,,https://www.masothue.com/0102784064-cong-ty-tnhh-mtv-cao-su-phung-cuong,https://www.masothue.com/tra-cuu-ma-so-thue-theo-nganh-nghe/san-xuat-sam-lop-cao-su-dap-va-tai-che-lop-cao-su-2211?page=4,2026-08-24T09:02:37Z
CÔNG TY CỔ PHẦN KHO VẬN VÀ DỊCH VỤ THƯƠNG MẠI HÀ NỘI,0102997947,2211,22,"Số 375, Minh Khai, Phường Vĩnh Tuy, Thành phố Hà Nội, Việt Nam",Hà Nội,,https://www.masothue.com/0102997947-cong-ty-co-phan-kho-van-va-dich-vu-thuong-mai-ha-noi,https://www.masothue.com/tra-cuu-ma-so-thue-theo-nganh-nghe/san-xuat-sam-lop-cao-su-dap-va-tai-che-lop-cao-su-2211,2026-08-24T09:02:32Z
CÔNG TY TNHH SẢN XUẤT VÀ THƯƠNG MẠI TÂN MINH PHÁT,0105252117,2211,22,"Số 310, tổ 49, Phường Mai Dịch, Quận Cầu Giấy, Thành phố Hà Nội, Việt Nam",Hà Nội,,https://www.masothue.com/0105252117-cong-ty-tnhh-san-xuat-va-thuong-mai-tan-minh-phat,https://www.masothue.com/tra-cuu-ma-so-thue-theo-nganh-nghe/san-xuat-sam-lop-cao-su-dap-va-tai-che-lop-cao-su-2211,2026-08-24T09:02:32Z
CÔNG TY CỔ PHẦN THƯƠNG MẠI DỊCH VỤ LỐP GIẢI PHÓNG,0105494187,2211,22,"Số 1283, đường Giải Phóng, Phường Hoàng Liệt, Quận Hoàng Mai, Thành phố Hà Nội, Việt Nam",Hà Nội,,https://www.masothue.com/0105494187-cong-ty-co-phan-thuong-mai-dich-vu-lop-giai-phong,https://www.masothue.com/tra-cuu-ma-so-thue-theo-nganh-nghe/san-xuat-sam-lop-cao-su-dap-va-tai-che-lop-cao-su-2211?page=4,2026-08-24T09:02:37Z
CÔNG TY TNHH LỐP EURO,0106171943,2211,22,"Số 27, ngõ 785 Trương Định, Phường Thịnh Liệt, Quận Hoàng Mai, Thành phố Hà Nội, Việt Nam",Hà Nội,,https://www.masothue.com/0106171943-cong-ty-tnhh-lop-euro,https://www.masothue.com/tra-cuu-ma-so-thue-theo-nganh-nghe/san-xuat-sam-lop-cao-su-dap-va-tai-che-lop-cao-su-2211?page=3,2026-08-24T09:02:35Z
CÔNG TY TNHH THƯƠNG MẠI DỊCH VỤ VẬN TẢI VÀ SẢN XUẤT KIM LONG,0106459280,2211,22,"Số nhà 56, Ngõ 2 Xóm Chùa, Xã Thanh Trì, Thành phố Hà Nội, Việt Nam",Hà Nội,,https://www.masothue.com/0106459280-cong-ty-tnhh-thuong-mai-dich-vu-van-tai-va-san-xuat-kim-long,https://www.masothue.com/tra-cuu-ma-so-thue-theo-nganh-nghe/san-xuat-sam-lop-cao-su-dap-va-tai-che-lop-cao-su-2211,2026-08-24T09:02:32Z
CÔNG TY TNHH HD TÂY HÀ NỘI,0106511406,2211,22,"Số nhà 176 đường La Nội, Phường Dương Nội, Thành phố Hà Nội, Việt Nam",Hà Nội,,https://www.masothue.com/0106511406-cong-ty-tnhh-hd-tay-ha-noi,https://www.masothue.com/tra-cuu-ma-so-thue-theo-nganh-nghe/san-xuat-sam-lop-cao-su-dap-va-tai-che-lop-cao-su-2211?page=2,2026-08-24T09:02:34Z
CÔNG TY TNHH DỊCH VỤ VÀ PHÁT TRIỂN MINH THÀNH,0106667354,2211,22,"Số 54, đường Phan Trọng Tuệ, Xã Vĩnh Quỳnh, Huyện Thanh Trì, Thành phố Hà Nội, Việt Nam",Hà Nội,,https://www.masothue.com/0106667354-cong-ty-tnhh-dich-vu-va-phat-trien-minh-thanh,https://www.masothue.com/tra-cuu-ma-so-thue-theo-nganh-nghe/san-xuat-sam-lop-cao-su-dap-va-tai-che-lop-cao-su-2211,2026-08-24T09:02:32Z
CÔNG TY TNHH CAO SU VÀ NHỰA SÁNG TẠO,0106908257,2211,22,"Thôn Dục Nội, Xã Việt Hùng, Huyện Đông Anh, Thành phố Hà Nội, Việt Nam",Hà Nội,,https://www.masothue.com/0106908257-cong-ty-tnhh-cao-su-va-nhua-sang-tao,https://www.masothue.com/tra-cuu-ma-so-thue-theo-nganh-nghe/san-xuat-sam-lop-cao-su-dap-va-tai-che-lop-cao-su-2211?page=2,2026-08-24T09:02:34Z
CÔNG TY TNHH THƯƠNG MẠI AEOLUS HENAN,0106936254,2211,22,"Số nhà 1 (Tầng 2) Ngách 42 Ngõ 13 Đường Khuất Duy Tiến, Phường Thanh Xuân Bắc, Quận Thanh Xuân, Thành phố Hà Nội, Việt Nam",Hà Nội,,https://www.masothue.com/0106936254-cong-ty-tnhh-thuong-mai-aeolus-henan,https://www.masothue.com/tra-cuu-ma-so-thue-theo-nganh-nghe/san-xuat-sam-lop-cao-su-dap-va-tai-che-lop-cao-su-2211?page=2,2026-08-24T09:02:34Z
CÔNG TY TNHH DỰ ĐOÁN KẾT QUẢ 365,0106939946,2211,22,"Số 424 Bạch Mai, Phường Cầu Dền, Quận Hai Bà Trưng, Thành phố Hà Nội, Việt Nam",Hà Nội,,https://www.masothue.com/0106939946-cong-ty-tnhh-du-doan-ket-qua-365,https://www.masothue.com/tra-cuu-ma-so-thue-theo-nganh-nghe/san-xuat-sam-lop-cao-su-dap-va-tai-che-lop-cao-su-2211?page=4,2026-08-24T09:02:37Z
CÔNG TY CỔ PHẦN KỸ THUẬT CAO SU SAO VIỆT,0107600881,2211,22,"Thôn Phương Bảng, Xã Song Phương, Huyện Hoài Đức, Thành phố Hà Nội, Việt Nam",Hà Nội,,https://www.masothue.com/0107600881-cong-ty-co-phan-ky-thuat-cao-su-sao-viet,https://www.masothue.com/tra-cuu-ma-so-thue-theo-nganh-nghe/san-xuat-sam-lop-cao-su-dap-va-tai-che-lop-cao-su-2211?page=2,2026-08-24T09:02:34Z
CÔNG TY TNHH THƯƠNG MẠI DỊCH VỤ DC KIM CƯƠNG,0107691977,2211,22,"Số 62, ngách 116, ngõ 245, đường Định Công, tổ 20, Phường Định Công, Quận Hoàng Mai, Thành phố Hà Nội, Việt Nam",Hà Nội,,https://www.masothue.com/0107691977-cong-ty-tnhh-thuong-mai-dich-vu-dc-kim-cuong,https://www.masothue.com/tra-cuu-ma-so-thue-theo-nganh-nghe/san-xuat-sam-lop-cao-su-dap-va-tai-che-lop-cao-su-2211?page=3,2026-08-24T09:02:35Z
CÔNG TY TNHH XỬ LÝ NUỚC HUYỀN TRANG,0107752475,2211,22,"Số nhà 179, đường Dương Đức Hiền, Xã Phú Sơn, Huyện Gia Lâm, Thành phố Hà Nội, Việt Nam",Hà Nội,,https://www.masothue.com/0107752475-cong-ty-tnhh-xu-ly-nuoc-huyen-trang,https://www.masothue.com/tra-cuu-ma-so-thue-theo-nganh-nghe/san-xuat-sam-lop-cao-su-dap-va-tai-che-lop-cao-su-2211?page=2,2026-08-24T09:02:34Z
CÔNG TY TNHH THƯƠNG MẠI VÀ DỊCH VỤ VĨNH HƯNG PHÁT,0108501682,2211,22,"Thôn Phù Liễn, Xã Bắc Hồng, Huyện Đông Anh, Thành phố Hà Nội, Việt Nam",Hà Nội,,https://www.masothue.com/0108501682-cong-ty-tnhh-thuong-mai-va-dich-vu-vinh-hung-phat,https://www.masothue.com/tra-cuu-ma-so-thue-theo-nganh-nghe/san-xuat-sam-lop-cao-su-dap-va-tai-che-lop-cao-su-2211?page=5,2026-08-24T09:02:38Z
CÔNG TY TNHH MỘT THÀNH VIÊN CAO SU THIÊN MÃ,0108506747,2211,22,"Số 2 Ngõ 172/46/20 Âu Cơ, Phường Tứ Liên, Quận Tây Hồ, Thành phố Hà Nội, Việt Nam",Hà Nội,,https://www.masothue.com/0108506747-cong-ty-tnhh-mo-t-tha-nh-vien-cao-su-thien-ma,https://www.masothue.com/tra-cuu-ma-so-thue-theo-nganh-nghe/san-xuat-sam-lop-cao-su-dap-va-tai-che-lop-cao-su-2211?page=5,2026-08-24T09:02:38Z
CÔNG TY TNHH THƯƠNG MẠI THIẾT BỊ VÀ PHỤ TÙNG HÀ THÀNH,0108694240,2211,22,"Số 28 phố Gò Sỏi, Thôn 9, Xã Trung Giã, Thành phố Hà Nội, Việt Nam",Hà Nội,,https://www.masothue.com/0108694240-cong-ty-tnhh-thuong-mai-thiet-bi-va-phu-tung-ha-thanh,https://www.masothue.com/tra-cuu-ma-so-thue-theo-nganh-nghe/san-xuat-sam-lop-cao-su-dap-va-tai-che-lop-cao-su-2211?page=3,2026-08-24T09:02:35Z
CÔNG TY TNHH THIẾT KẾ XÂY DỰNG ĐÌNH VŨ,0110454750,2211,22,"Tầng 19, Tòa nhà Vinaconex 9, đường Phạm Hùng, Phường Mễ Trì, Quận Nam Từ Liêm, Thành phố Hà Nội, Việt Nam",Hà Nội,,https://www.masothue.com/0110454750-cong-ty-tnhh-thiet-ke-xay-dung-dinh-vu,https://www.masothue.com/tra-cuu-ma-so-thue-theo-nganh-nghe/san-xuat-sam-lop-cao-su-dap-va-tai-che-lop-cao-su-2211?page=4,2026-08-24T09:02:37Z
CÔNG TY TNHH CAO SU PT HẢI PHÒNG,0200835599,2211,22,"Khu công nghiệp Đình Vũ, Phường Đông Hải 2, Quận Hải An, Thành phố Hải Phòng, Việt Nam",Hải Phòng,,https://www.masothue.com/0200835599-cong-ty-tnhh-cao-su-pt-hai-phong,https://www.masothue.com/tra-cuu-ma-so-thue-theo-nganh-nghe/san-xuat-sam-lop-cao-su-dap-va-tai-che-lop-cao-su-2211?page=4,2026-08-24T09:02:37Z
CHI NHÁNH CÔNG TY TNHH CAO SU PT HẢI PHÒNG TẠI NGHỆ AN,0200835599-001,2211,22,"Thôn Đức Long, Xã Quỳnh Thuận, Huyện Quỳnh Lưu, Tỉnh Nghệ An, Việt Nam",Nghệ An,,https://www.masothue.com/0200835599-001-chi-nhanh-cong-ty-tnhh-cao-su-pt-hai-phong-tai-nghe-an,https://www.masothue.com/tra-cuu-ma-so-thue-theo-nganh-nghe/san-xuat-sam-lop-cao-su-dap-va-tai-che-lop-cao-su-2211?page=5,2026-08-24T09:02:38Z
CÔNG TY TNHH SẢN XUẤT ĐẠT PHÁT,0201133137,2211,22,"Thôn Hoàng Đông (tại nhà ông Mai Xuân Đặng), Xã Quang Phục, Huyện Tiên Lãng, Thành phố Hải Phòng, Việt Nam",Hải Phòng,,https://www.masothue.com/0201133137-cong-ty-tnhh-san-xuat-dat-phat,https://www.masothue.com/tra-cuu-ma-so-thue-theo-nganh-nghe/san-xuat-sam-lop-cao-su-dap-va-tai-che-lop-cao-su-2211,2026-08-24T09:02:32Z
CÔNG TY TNHH SẢN XUẤT LỐP XE BRIDGESTONE VIỆT NAM,0201240026,2211,22,"Khu đất CN4.1, khu công nghiệp Đình Vũ, Phường Đông Hải, Thành phố Hải Phòng, Việt Nam",Hải Phòng,,https://www.masothue.com/0201240026-cong-ty-tnhh-san-xuat-lop-xe-bridgestone-viet-nam,https://www.masothue.com/tra-cuu-ma-so-thue-theo-nganh-nghe/san-xuat-sam-lop-cao-su-dap-va-tai-che-lop-cao-su-2211,2026-08-24T09:02:32Z
CÔNG TY TNHH SỬA CHỮA ĐẮP LỐP VIỆT TRUNG,0201545349,2211,22,"Thửa số 4, tờ bản đồ số 24, Khu công nghiệp phía Nam Cầu Bính, Phường Sở Dầu, Quận Hồng Bàng, Thành phố Hải Phòng, Việt Nam",Hải Phòng,,https://www.masothue.com/0201545349-cong-ty-tnhh-sua-chua-dap-lop-viet-trung,https://www.masothue.com/tra-cuu-ma-so-thue-theo-nganh-nghe/san-xuat-sam-lop-cao-su-dap-va-tai-che-lop-cao-su-2211?page=2,2026-08-24T09:02:34Z
CHI NHÁNH CÔNG TY TNHH KINH DOANH LỐP XE BRIDGESTONE VIỆT NAM TẠI BÌNH DƯƠNG,0309875328-001,2211,22,"Lô D7M-CN, khu công nghiệp Mỹ Phước 3, Phường Mỹ Phước, Thị xã Bến Cát, Tỉnh Bình Dương, Việt Nam",Bình Dương,,https://www.masothue.com/0309875328-001-chi-nha-nh-cong-ty-tnhh-kinh-doanh-lo-p-xe-bridgestone-vie-t-nam-ta-i-bi-nh-duong,https://www.masothue.com/tra-cuu-ma-so-thue-theo-nganh-nghe/san-xuat-sam-lop-cao-su-dap-va-tai-che-lop-cao-su-2211?page=4,2026-08-24T09:02:37Z
CÔNG TY TNHH SẢN XUẤT THƯƠNG MẠI DỊCH VỤ THẮNG HOÀNG NAM,0310188640,2211,22,"26/8 Đường Nguyễn Thị Thử ấp 3, Xã Xuân Thới Sơn, Huyện Hóc Môn, Thành phố Hồ Chí Minh, Việt Nam",Hồ Chí Minh,,https://www.masothue.com/0310188640-cong-ty-tnhh-san-xuat-thuong-mai-dich-vu-thang-hoang-nam,https://www.masothue.com/tra-cuu-ma-so-thue-theo-nganh-nghe/san-xuat-sam-lop-cao-su-dap-va-tai-che-lop-cao-su-2211?page=4,2026-08-24T09:02:37Z
CHI NHÁNH CÔNG TY TNHH TÂN VẠN TỶ,0310258834-001,2211,22,"B5/16A Nguyễn Hữu Trí, khu phố 2, Thị Trấn Tân Túc, Huyện Bình Chánh, Thành phố Hồ Chí Minh, Việt Nam",Hồ Chí Minh,,https://www.masothue.com/0310258834-001-chi-nhanh-cong-ty-tnhh-tan-van-ty,https://www.masothue.com/tra-cuu-ma-so-thue-theo-nganh-nghe/san-xuat-sam-lop-cao-su-dap-va-tai-che-lop-cao-su-2211,2026-08-24T09:02:32Z
CÔNG TY TNHH MỘT THÀNH VIÊN TÂN RỒNG SINH,0310486446,2211,22,"Số 280B4, đường Lương Định Của, khu phố 1, Phường An Phú, Quận 2, Thành phố Hồ Chí Minh, Việt Nam",Hồ Chí Minh,,https://www.masothue.com/0310486446-cong-ty-tnhh-mot-thanh-vien-tan-rong-sinh,https://www.masothue.com/tra-cuu-ma-so-thue-theo-nganh-nghe/san-xuat-sam-lop-cao-su-dap-va-tai-che-lop-cao-su-2211?page=4,2026-08-24T09:02:37Z
CHI NHÁNH CÔNG TY TNHH THƯƠNG MẠI HIỆP VÂN,0310515841-001,2211,22,"Số 302A, đường Võ Văn Bích, Xã Bình Mỹ, Huyện Củ Chi, Thành phố Hồ Chí Minh, Việt Nam",Hồ Chí Minh,,https://www.masothue.com/0310515841-001-chi-nhanh-cong-ty-tnhh-thuong-mai-hiep-van,https://www.masothue.com/tra-cuu-ma-so-thue-theo-nganh-nghe/san-xuat-sam-lop-cao-su-dap-va-tai-che-lop-cao-su-2211?page=2,2026-08-24T09:02:34Z
CÔNG TY TNHH JET VIỆT NAM - CHI NHÁNH ĐỒNG NAI,0311589797-002,2211,22,"Tổ 7, Ấp 6-7, Xã Thiện Tân, Huyện Vĩnh Cửu, Tỉnh Đồng Nai, Việt Nam",Đồng Nai,,https://www.masothue.com/0311589797-002-cong-ty-tnhh-jet-viet-nam-chi-nhanh-dong-nai,https://www.masothue.com/tra-cuu-ma-so-thue-theo-nganh-nghe/san-xuat-sam-lop-cao-su-dap-va-tai-che-lop-cao-su-2211?page=5,2026-08-24T09:02:38Z
CÔNG TY TNHH SẢN XUẤT SẢN PHẨM CAO SU TOÀN CẦU,0311696460,2211,22,"2C17 Tỉnh lộ 10, Ấp 2, Xã Phạm Văn Hai, Huyện Bình Chánh, Thành phố Hồ Chí Minh, Việt Nam",Hồ Chí Minh,,https://www.masothue.com/0311696460-cong-ty-tnhh-san-xuat-san-pham-cao-su-toan-cau,https://www.masothue.com/tra-cuu-ma-so-thue-theo-nganh-nghe/san-xuat-sam-lop-cao-su-dap-va-tai-che-lop-cao-su-2211?page=4,2026-08-24T09:02:37Z
CÔNG TY TNHH SẢN XUẤT THƯƠNG MẠI VÀ DỊCH VỤ VẠN PHƯỚC ANH,0311877065,2211,22,"2/242P Dương Đình Hội, Tổ 6, Khu phố 3, Phường Tăng Nhơn Phú B, Quận 9, Thành phố Hồ Chí Minh, Việt Nam",Hồ Chí Minh,,https://www.masothue.com/0311877065-cong-ty-tnhh-san-xuat-thuong-mai-va-dich-vu-van-phuoc-anh,https://www.masothue.com/tra-cuu-ma-so-thue-theo-nganh-nghe/san-xuat-sam-lop-cao-su-dap-va-tai-che-lop-cao-su-2211?page=2,2026-08-24T09:02:34Z
CÔNG TY TNHH THƯƠNG MẠI DỊCH VỤ LỐP DÁN Ô TÔ HÙNG CƯỜNG,0311961327,2211,22,"68/4 Đường TX 22, Phường Thạnh Xuân, Quận 12, Thành phố Hồ Chí Minh, Việt Nam",Hồ Chí Minh,,https://www.masothue.com/0311961327-cong-ty-tnhh-thuong-mai-dich-vu-lop-dan-o-to-hung-cuong,https://www.masothue.com/tra-cuu-ma-so-thue-theo-nganh-nghe/san-xuat-sam-lop-cao-su-dap-va-tai-che-lop-cao-su-2211?page=3,2026-08-24T09:02:35Z
CHI NHÁNH CÔNG TY TNHH THƯƠNG MẠI DỊCH VỤ LỐP DÁN Ô TÔ HÙNG CƯỜNG,0311961327-001,2211,22,"255/9A Quốc lộ 13 cũ, Khu phố 1, Phường Hiệp Bình Phước, Quận Thủ Đức, Thành phố Hồ Chí Minh, Việt Nam",Hồ Chí Minh,,https://www.masothue.com/0311961327-001-chi-nhanh-cong-ty-tnhh-thuong-mai-dich-vu-lop-dan-o-to-hung-cuong,https://www.masothue.com/tra-cuu-ma-so-thue-theo-nganh-nghe/san-xuat-sam-lop-cao-su-dap-va-tai-che-lop-cao-su-2211?page=3,2026-08-24T09:02:35Z
CÔNG TY TNHH ĐẦU TƯ THƯƠNG MẠI SẢN XUẤT HOÀNG ĐẠO,0312194671,2211,22,"B19/405C Ấp 2, Xã Tân Nhựt, Huyện Bình Chánh, Thành phố Hồ Chí Minh, Việt Nam",Hồ Chí Minh,,https://www.masothue.com/0312194671-cong-ty-tnhh-dau-tu-thuong-mai-san-xuat-hoang-dao,https://www.masothue.com/tra-cuu-ma-so-thue-theo-nganh-nghe/san-xuat-sam-lop-cao-su-dap-va-tai-che-lop-cao-su-2211,2026-08-24T09:02:32Z
CÔNG TY TNHH THƯƠNG MẠI DỊCH VỤ LỐP DÁN Ô TÔ THỊNH HÙNG CƯỜNG,0312199045,2211,22,"579/25/3 Phạm Văn Chiêu, Phường 13, Quận Gò Vấp, Thành phố Hồ Chí Minh, Việt Nam",Hồ Chí Minh,,https://www.masothue.com/0312199045-cong-ty-tnhh-thuong-mai-dich-vu-lop-dan-o-to-thinh-hung-cuong,https://www.masothue.com/tra-cuu-ma-so-thue-theo-nganh-nghe/san-xuat-sam-lop-cao-su-dap-va-tai-che-lop-cao-su-2211?page=2,2026-08-24T09:02:34Z
DOANH NGHIỆP TƯ NHÂN CAO SU CƠ KHÍ TÍN LỘC,0312346035,2211,22,"Số nhà F10/19A ấp 6, Xã Lê Minh Xuân, Huyện Bình Chánh, Thành phố Hồ Chí Minh, Việt Nam",Hồ Chí Minh,,https://www.masothue.com/0312346035-doanh-nghiep-tu-nhan-cao-su-co-khi-tin-loc,https://www.masothue.com/tra-cuu-ma-so-thue-theo-nganh-nghe/san-xuat-sam-lop-cao-su-dap-va-tai-che-lop-cao-su-2211?page=2,2026-08-24T09:02:34Z
CHI NHÁNH DOANH NGHIỆP TƯ NHÂN CAO SU CƠ KHÍ TÍN LỘC,0312346035-001,2211,22,"G14/45 Láng Le - Bàu Cò, ấp 7, Xã Lê Minh Xuân, Huyện Bình Chánh, Thành phố Hồ Chí Minh, Việt Nam",Hồ Chí Minh,,https://www.masothue.com/0312346035-001-chi-nhanh-doanh-nghiep-tu-nhan-cao-su-co-khi-tin-loc,https://www.masothue.com/tra-cuu-ma-so-thue-theo-nganh-nghe/san-xuat-sam-lop-cao-su-dap-va-tai-che-lop-cao-su-2211,2026-08-24T09:02:32Z
CÔNG TY TNHH CAO SU ĐỨC SƠN,0312496087,2211,22,"122/8 Trần Đình Xu, Phường Cầu Ông Lãnh, Thành phố Hồ Chí Minh, Việt Nam",Hồ Chí Minh,,https://www.masothue.com/0312496087-cong-ty-tnhh-cao-su-duc-son,https://www.masothue.com/tra-cuu-ma-so-thue-theo-nganh-nghe/san-xuat-sam-lop-cao-su-dap-va-tai-che-lop-cao-su-2211?page=3,2026-08-24T09:02:35Z
CÔNG TY CỔ PHẦN VỎ XE CÔNG NGHIỆP SÀI GÒN,0312523968,2211,22,"Số 1, Lô C, Cụm công nghiệp Quang Trung, Phường Hiệp Thành, Quận 12, Thành phố Hồ Chí Minh, Việt Nam",Hồ Chí Minh,,https://www.masothue.com/0312523968-cong-ty-co-phan-vo-xe-cong-nghiep-sai-gon,https://www.masothue.com/tra-cuu-ma-so-thue-theo-nganh-nghe/san-xuat-sam-lop-cao-su-dap-va-tai-che-lop-cao-su-2211?page=3,2026-08-24T09:02:35Z
CHI NHÁNH CÔNG TY TNHH ĐỨC MINH SÀI GÒN - XƯỞNG SẢN XUẤT,0312765364-001,2211,22,"Lô C3-2 Cụm Công Nghiệp Nhị Xuân, Xã Xuân Thới Sơn, Huyện Hóc Môn, Thành phố Hồ Chí Minh, Việt Nam",Hồ Chí Minh,,https://www.masothue.com/0312765364-001-chi-nhanh-cong-ty-tnhh-duc-minh-sai-gon-xuong-san-xuat,https://www.masothue.com/tra-cuu-ma-so-thue-theo-nganh-nghe/san-xuat-sam-lop-cao-su-dap-va-tai-che-lop-cao-su-2211?page=2,2026-08-24T09:02:34Z
CÔNG TY TNHH MỘT THÀNH VIÊN LOPDAN.COM,0312842347,2211,22,"876/35/6 Cách Mạng Tháng Tám, Phường 5, Quận Tân Bình, Thành phố Hồ Chí Minh, Việt Nam",Hồ Chí Minh,,https://www.masothue.com/0312842347-cong-ty-tnhh-mot-thanh-vien-lopdan-com,https://www.masothue.com/tra-cuu-ma-so-thue-theo-nganh-nghe/san-xuat-sam-lop-cao-su-dap-va-tai-che-lop-cao-su-2211?page=3,2026-08-24T09:02:35Z
CÔNG TY TNHH SẢN XUẤT THƯƠNG MẠI CAO SU THIÊN NHIÊN NAM KHÁNH,0313011747,2211,22,"568/8 Lạc Long Quân, Phường 5, Quận 11, Thành phố Hồ Chí Minh, Việt Nam",Hồ Chí Minh,,https://www.masothue.com/0313011747-cong-ty-tnhh-san-xuat-thuong-mai-cao-su-thien-nhien-nam-khanh,https://www.masothue.com/tra-cuu-ma-so-thue-theo-nganh-nghe/san-xuat-sam-lop-cao-su-dap-va-tai-che-lop-cao-su-2211?page=3,2026-08-24T09:02:35Z
CÔNG TY TNHH SẢN XUẤT THƯƠNG MẠI TIẾN NGÂN,0313176971,2211,22,"1158A Lê Đức Thọ, Phường 13, Quận Gò Vấp, Thành phố Hồ Chí Minh, Việt Nam",Hồ Chí Minh,,https://www.masothue.com/0313176971-cong-ty-tnhh-san-xuat-thuong-mai-tien-ngan,https://www.masothue.com/tra-cuu-ma-so-thue-theo-nganh-nghe/san-xuat-sam-lop-cao-su-dap-va-tai-che-lop-cao-su-2211?page=3,2026-08-24T09:02:35Z
CÔNG TY TNHH PIRELLI VIỆT NAM,0313206457,2211,22,"56 Phước Hưng, Phường 08, Quận 5, Thành phố Hồ Chí Minh, Việt Nam",Hồ Chí Minh,,https://www.masothue.com/0313206457-cong-ty-tnhh-pirelli-viet-nam,https://www.masothue.com/tra-cuu-ma-so-thue-theo-nganh-nghe/san-xuat-sam-lop-cao-su-dap-va-tai-che-lop-cao-su-2211?page=3,2026-08-24T09:02:35Z
CÔNG TY TNHH ANH LÙN,0313279409,2211,22,"1212A Tỉnh lộ 7, Ấp Xóm Trại, Xã An Nhơn Tây, Huyện Củ Chi, Thành phố Hồ Chí Minh, Việt Nam",Hồ Chí Minh,,https://www.masothue.com/0313279409-cong-ty-tnhh-anh-lun,https://www.masothue.com/tra-cuu-ma-so-thue-theo-nganh-nghe/san-xuat-sam-lop-cao-su-dap-va-tai-che-lop-cao-su-2211?page=3,2026-08-24T09:02:35Z
CÔNG TY CỔ PHẦN THƯƠNG MẠI & SẢN XUẤT CHÁNH HỒNG,0314091135,2211,22,"565/2 An Dương Vương, Phường An Lạc A, Quận Bình Tân, Thành phố Hồ Chí Minh, Việt Nam",Hồ Chí Minh,,https://www.masothue.com/0314091135-cong-ty-co-phan-thuong-mai-san-xuat-chanh-hong,https://www.masothue.com/tra-cuu-ma-so-thue-theo-nganh-nghe/san-xuat-sam-lop-cao-su-dap-va-tai-che-lop-cao-su-2211?page=4,2026-08-24T09:02:37Z
CÔNG TY TNHH THƯƠNG MẠI DỊCH VỤ Ô TÔ HÙNG THỊNH,0314163171,2211,22,"148/21/29 Đường 59, Phường 14, Quận Gò Vấp, Thành phố Hồ Chí Minh, Việt Nam",Hồ Chí Minh,,https://www.masothue.com/0314163171-cong-ty-tnhh-thuong-mai-dich-vu-o-to-hung-thinh,https://www.masothue.com/tra-cuu-ma-so-thue-theo-nganh-nghe/san-xuat-sam-lop-cao-su-dap-va-tai-che-lop-cao-su-2211?page=3,2026-08-24T09:02:35Z
CHI NHÁNH CÔNG TY TNHH THƯƠNG MẠI DỊCH VỤ Ô TÔ HÙNG THỊNH,0314163171-001,2211,22,"Thửa đất số 1955, tờ bản đồ số 44, Phường Khánh Bình, Thị xã Tân Uyên, Tỉnh Bình Dương, Việt Nam",Bình Dương,,https://www.masothue.com/0314163171-001-chi-nhanh-cong-ty-tnhh-thuong-mai-dich-vu-o-to-hung-thinh,https://www.masothue.com/tra-cuu-ma-so-thue-theo-nganh-nghe/san-xuat-sam-lop-cao-su-dap-va-tai-che-lop-cao-su-2211?page=5,2026-08-24T09:02:38Z
CÔNG TY TNHH ĐẠI THÀNH TOÀN CẦU,0314202864,2211,22,"2C16 Tỉnh lộ 10, Ấp 2, Xã Phạm Văn Hai, Huyện Bình Chánh, Thành phố Hồ Chí Minh, Việt Nam",Hồ Chí Minh,,https://www.masothue.com/0314202864-cong-ty-tnhh-dai-thanh-toan-cau,https://www.masothue.com/tra-cuu-ma-so-thue-theo-nganh-nghe/san-xuat-sam-lop-cao-su-dap-va-tai-che-lop-cao-su-2211,2026-08-24T09:02:32Z
CÔNG TY TNHH MỘT THÀNH VIÊN CAO SU TRUNG LÝ,0314374292,2211,22,"14A Đường 47, Phường Thảo Điền, Quận 2, Thành phố Hồ Chí Minh, Việt Nam",Hồ Chí Minh,,https://www.masothue.com/0314374292-cong-ty-tnhh-mot-thanh-vien-cao-su-trung-ly,https://www.masothue.com/tra-cuu-ma-so-thue-theo-nganh-nghe/san-xuat-sam-lop-cao-su-dap-va-tai-che-lop-cao-su-2211,2026-08-24T09:02:32Z
CÔNG TY TNHH SẢN XUẤT THƯƠNG MẠI TRẦN ĐẠI,0314808905,2211,22,"118/18/63B Đường Liên Khu 5-6, Phường Bình Hưng Hòa B, Quận Bình Tân, Thành phố Hồ Chí Minh, Việt Nam",Hồ Chí Minh,,https://www.masothue.com/0314808905-cong-ty-tnhh-san-xuat-thuong-mai-tran-dai,https://www.masothue.com/tra-cuu-ma-so-thue-theo-nganh-nghe/san-xuat-sam-lop-cao-su-dap-va-tai-che-lop-cao-su-2211?page=2,2026-08-24T09:02:34Z
CHI NHÁNH CÔNG TY TNHH SẢN XUẤT THƯƠNG MẠI TRẦN ĐẠI,0314808905-002,2211,22,"C6/41 Võ Văn Vân, Xã Vĩnh Lộc B, Huyện Bình Chánh, Thành phố Hồ Chí Minh, Việt Nam",Hồ Chí Minh,,https://www.masothue.com/0314808905-002-chi-nhanh-cong-ty-tnhh-san-xuat-thuong-mai-tran-dai,https://www.masothue.com/tra-cuu-ma-so-thue-theo-nganh-nghe/san-xuat-sam-lop-cao-su-dap-va-tai-che-lop-cao-su-2211?page=5,2026-08-24T09:02:38Z
CÔNG TY TNHH  SẢN XUẤT THƯƠNG MẠI VỎ RUỘT XE SẢN PHẨM CAO SU VINA,0315314144,2211,22,"C1/17G Phạm Hùng, Khu phố 4, Xã Bình Hưng, Huyện Bình Chánh, Thành phố Hồ Chí Minh, Việt Nam",Hồ Chí Minh,,https://www.masothue.com/0315314144-cong-ty-tnhh-san-xuat-thuong-mai-vo-ruot-xe-san-pham-cao-su-vina,https://www.masothue.com/tra-cuu-ma-so-thue-theo-nganh-nghe/san-xuat-sam-lop-cao-su-dap-va-tai-che-lop-cao-su-2211?page=3,2026-08-24T09:02:35Z
CÔNG TY TNHH SẢN XUẤT THƯƠNG MẠI CAO SU NHỰA VIỆT TÂN,0315633214,2211,22,"548 đường Thanh Niên, Xã Phạm Văn Hai, Huyện Bình Chánh, Thành phố Hồ Chí Minh, Việt Nam",Hồ Chí Minh,,https://www.masothue.com/0315633214-cong-ty-tnhh-san-xuat-thuong-mai-cao-su-nhua-viet-tan,https://www.masothue.com/tra-cuu-ma-so-thue-theo-nganh-nghe/san-xuat-sam-lop-cao-su-dap-va-tai-che-lop-cao-su-2211?page=3,2026-08-24T09:02:35Z
CÔNG TY TNHH SẢN XUẤT CASIMA,0315910309,2211,22,"17/3 Núi Thành, Phường 13, Quận Tân Bình, Thành phố Hồ Chí Minh, Việt Nam",Hồ Chí Minh,,https://www.masothue.com/0315910309-cong-ty-tnhh-san-xuat-casima,https://www.masothue.com/tra-cuu-ma-so-thue-theo-nganh-nghe/san-xuat-sam-lop-cao-su-dap-va-tai-che-lop-cao-su-2211?page=4,2026-08-24T09:02:37Z
CÔNG TY TNHH XUẤT NHẬP KHẨU SẢN XUẤT DỊCH VỤ HIỆP ON,0316133341,2211,22,"958/3 Hậu Giang, Phường Phú Lâm, Thành phố Hồ Chí Minh, Việt Nam",Hồ Chí Minh,,https://www.masothue.com/0316133341-cong-ty-tnhh-xuat-nhap-khau-san-xuat-dich-vu-hiep-on,https://www.masothue.com/tra-cuu-ma-so-thue-theo-nganh-nghe/san-xuat-sam-lop-cao-su-dap-va-tai-che-lop-cao-su-2211?page=5,2026-08-24T09:02:38Z
"CHI NHÁNH 001-CÔNG TY TNHH XUẤT NHẬP KHẨU, SẢN XUẤT, DỊCH VỤ HIỆP ON",0316133341-001,2211,22,"32 Võ Văn Vân, Phường Tân Tạo, Quận Bình Tân, Thành phố Hồ Chí Minh, Việt Nam",Hồ Chí Minh,,https://www.masothue.com/0316133341-001-chi-nhanh-001-cong-ty-tnhh-xuat-nhap-khau-san-xuat-dich-vu-hiep-on,https://www.masothue.com/tra-cuu-ma-so-thue-theo-nganh-nghe/san-xuat-sam-lop-cao-su-dap-va-tai-che-lop-cao-su-2211?page=4,2026-08-24T09:02:37Z
CÔNG TY TNHH THƯƠNG MẠI VÀ SẢN XUẤT PHÁT THỊNH,0316218958,2211,22,"166/44 Trần Văn Dư, Phường 13, Quận Tân Bình, Thành phố Hồ Chí Minh, Việt Nam",Hồ Chí Minh,,https://www.masothue.com/0316218958-cong-ty-tnhh-thuong-mai-va-san-xuat-phat-thinh,https://www.masothue.com/tra-cuu-ma-so-thue-theo-nganh-nghe/san-xuat-sam-lop-cao-su-dap-va-tai-che-lop-cao-su-2211?page=2,2026-08-24T09:02:34Z
CHI NHÁNH CÔNG TY TNHH THƯƠNG MẠI VÀ SẢN XUẤT PHÁT THỊNH,0316218958-002,2211,22,"Đường số 1 Khu Công Nghiệp Đông Xuyên, Phường Rạch Dừa, Thành phố Vũng Tàu, Tỉnh Bà Rịa - Vũng Tàu, Việt Nam",Bà Rịa - Vũng Tàu,,https://www.masothue.com/0316218958-002-chi-nhanh-cong-ty-tnhh-thuong-mai-va-san-xuat-phat-thinh,https://www.masothue.com/tra-cuu-ma-so-thue-theo-nganh-nghe/san-xuat-sam-lop-cao-su-dap-va-tai-che-lop-cao-su-2211?page=4,2026-08-24T09:02:37Z
CÔNG TY TNHH SẢN XUẤT THƯƠNG MẠI CAO SU SÀI GÒN,0316507621,2211,22,"Số 87 Đường TX21, Khu Phố 5, Phường Thạnh Xuân, Quận 12, Thành phố Hồ Chí Minh, Việt Nam",Hồ Chí Minh,,https://www.masothue.com/0316507621-cong-ty-tnhh-san-xuat-thuong-mai-cao-su-sai-gon,https://www.masothue.com/tra-cuu-ma-so-thue-theo-nganh-nghe/san-xuat-sam-lop-cao-su-dap-va-tai-che-lop-cao-su-2211?page=4,2026-08-24T09:02:37Z
CÔNG TY CỔ PHẦN THIẾT BỊ CÔNG NGHIỆP PHÚ TÂN,0316763738,2211,22,"223/6 Đường số 8, Phường Gò Vấp, Thành phố Hồ Chí Minh, Việt Nam",Hồ Chí Minh,,https://www.masothue.com/0316763738-cong-ty-co-phan-thiet-bi-cong-nghiep-phu-tan,https://www.masothue.com/tra-cuu-ma-so-thue-theo-nganh-nghe/san-xuat-sam-lop-cao-su-dap-va-tai-che-lop-cao-su-2211?page=5,2026-08-24T09:02:38Z
CHI NHÁNH CÔNG TY CỔ PHẦN THIẾT BỊ CÔNG NGHIỆP PHÚ TÂN,0316763738-001,2211,22,"556/9 Lê Thị Riêng, Phường Thới An, Quận 12, Thành phố Hồ Chí Minh, Việt Nam",Hồ Chí Minh,,https://www.masothue.com/0316763738-001-chi-nhanh-cong-ty-co-phan-thiet-bi-cong-nghiep-phu-tan,https://www.masothue.com/tra-cuu-ma-so-thue-theo-nganh-nghe/san-xuat-sam-lop-cao-su-dap-va-tai-che-lop-cao-su-2211?page=5,2026-08-24T09:02:38Z
CÔNG TY TNHH CAO SU THỦ ĐỨC,0316886391,2211,22,"25A Đường TX38, Phường Thạnh Xuân, Quận 12, Thành phố Hồ Chí Minh, Việt Nam",Hồ Chí Minh,,https://www.masothue.com/0316886391-cong-ty-tnhh-cao-su-thu-duc,https://www.masothue.com/tra-cuu-ma-so-thue-theo-nganh-nghe/san-xuat-sam-lop-cao-su-dap-va-tai-che-lop-cao-su-2211?page=5,2026-08-24T09:02:38Z
CHI NHÁNH CÔNG TY TNHH NĂNG LƯỢNG MAI ANH,0317952375-001,2211,22,"Cụm công nghiệp Hố Nai 3, Xã Hố Nai 3, Huyện Trảng Bom, Tỉnh Đồng Nai, Việt Nam",Đồng Nai,,https://www.masothue.com/0317952375-001-chi-nhanh-cong-ty-tnhh-nang-luong-mai-anh,https://www.masothue.com/tra-cuu-ma-so-thue-theo-nganh-nghe/san-xuat-sam-lop-cao-su-dap-va-tai-che-lop-cao-su-2211?page=2,2026-08-24T09:02:34Z
CÔNG TY TNHH GUANGDONG HYUNDAI CONTAINER,0318095606,2211,22,"89 Đường 24 A, Phường Bình Trị Đông B, Quận Bình Tân, Thành phố Hồ Chí Minh, Việt Nam",Hồ Chí Minh,,https://www.masothue.com/0318095606-cong-ty-tnhh-guangdong-hyundai-container,https://www.masothue.com/tra-cuu-ma-so-thue-theo-nganh-nghe/san-xuat-sam-lop-cao-su-dap-va-tai-che-lop-cao-su-2211?page=5,2026-08-24T09:02:38Z
CÔNG TY TNHH SUMEC MACHINERY AND ELECTRIC CO.LTD,0318276747,2211,22,"51/8 Phạm Văn Chiêu, Phường 14, Quận Gò Vấp, Thành phố Hồ Chí Minh, Việt Nam",Hồ Chí Minh,,https://www.masothue.com/0318276747-cong-ty-tnhh-sumec-machinery-and-electric-co-ltd,https://www.masothue.com/tra-cuu-ma-so-thue-theo-nganh-nghe/san-xuat-sam-lop-cao-su-dap-va-tai-che-lop-cao-su-2211?page=3,2026-08-24T09:02:35Z
CÔNG TY TNHH OM CHEMICAL,0700797976,2211,22,"Khu Công nghiệp Đồng Văn I, Phường Bạch Thượng, Thị xã Duy Tiên, Tỉnh Hà Nam, Việt Nam",Hà Nam,,https://www.masothue.com/0700797976-cong-ty-tnhh-om-chemical,https://www.masothue.com/tra-cuu-ma-so-thue-theo-nganh-nghe/san-xuat-sam-lop-cao-su-dap-va-tai-che-lop-cao-su-2211?page=2,2026-08-24T09:02:34Z
CÔNG TY TNHH SX-TM HẰNG LỢI,0801378883,2211,22,"Thôn Mạn Trà, Xã Trần Phú, Thành phố Hải Phòng, Việt Nam",Hải Phòng,,https://www.masothue.com/0801378883-cong-ty-tnhh-sx-tm-hang-loi,https://www.masothue.com/tra-cuu-ma-so-thue-theo-nganh-nghe/san-xuat-sam-lop-cao-su-dap-va-tai-che-lop-cao-su-2211?page=5,2026-08-24T09:02:38Z
CÔNG TY TNHH PERUBCO NITTO KAKO,1100787745,2211,22,"Lô 1, Đường số 7, Xã Đức Hòa Hạ, Huyện Đức Hoà, Tỉnh Long An, Việt Nam",Long An,,https://www.masothue.com/1100787745-cong-ty-tnhh-perubco-nitto-kako,https://www.masothue.com/tra-cuu-ma-so-thue-theo-nganh-nghe/san-xuat-sam-lop-cao-su-dap-va-tai-che-lop-cao-su-2211,2026-08-24T09:02:32Z
CÔNG TY TNHH VỎ  & RUỘT XE VIỆT PHÁT,1100815657,2211,22,"Đường số 3, Cụm công Nghiệp Hoàng Gia, Ấp Mới 2, Xã Mỹ Hạnh Nam, Huyện Đức Hoà, Tỉnh Long An, Việt Nam",Long An,,https://www.masothue.com/1100815657-cong-ty-tnhh-vo-ruot-xe-viet-phat,https://www.masothue.com/tra-cuu-ma-so-thue-theo-nganh-nghe/san-xuat-sam-lop-cao-su-dap-va-tai-che-lop-cao-su-2211,2026-08-24T09:02:32Z
CÔNG TY TNHH  SẢN XUẤT VÀ THƯƠNG MẠI CAO SU NHỰA HIỆP ON,1101400077,2211,22,"Lô C4, Đường số 2 và Đường số 6, Khu công nghiệp Tân Đô, Xã Đức Hòa Hạ, Huyện Đức Hoà, Tỉnh Long An, Việt Nam",Long An,,https://www.masothue.com/1101400077-cong-ty-tnhh-san-xuat-va-thuong-mai-cao-su-nhua-hiep-on,https://www.masothue.com/tra-cuu-ma-so-thue-theo-nganh-nghe/san-xuat-sam-lop-cao-su-dap-va-tai-che-lop-cao-su-2211,2026-08-24T09:02:32Z
CHI NHÁNH CÔNG TY TNHH MỘT THÀNH VIÊN XUẤT NHẬP KHẨU KIẾN HIỆP ROLL,1101757292-001,2211,22,"Lô E 18, Đường số 1 , KCN Hải Sơn, Ấp Bình Tiền 2, Xã Đức Hòa Hạ, Huyện Đức Hoà, Tỉnh Long An, Việt Nam",Long An,,https://www.masothue.com/1101757292-001-chi-nhanh-cong-ty-tnhh-mot-thanh-vien-xuat-nhap-khau-kien-hiep-roll,https://www.masothue.com/tra-cuu-ma-so-thue-theo-nganh-nghe/san-xuat-sam-lop-cao-su-dap-va-tai-che-lop-cao-su-2211?page=2,2026-08-24T09:02:34Z
CÔNG TY TNHH CAO SU KỸ THUẬT MINH NHẬT,1101901651,2211,22,"A12/24 Đường Mai Bá Hương, Ấp 1, Xã Lê Minh Xuân, Huyện Bình Chánh, Thành phố Hồ Chí Minh, Việt Nam",Hồ Chí Minh,,https://www.masothue.com/1101901651-cong-ty-tnhh-cao-su-ky-thua-t-minh-nha-t,https://www.masothue.com/tra-cuu-ma-so-thue-theo-nganh-nghe/san-xuat-sam-lop-cao-su-dap-va-tai-che-lop-cao-su-2211?page=2,2026-08-24T09:02:34Z
CÔNG TY TNHH ZHI MA,1101974988,2211,22,"Ấp 4, Xã Đức Hòa Đông, Huyện Đức Hoà, Tỉnh Long An, Việt Nam",Long An,,https://www.masothue.com/1101974988-cong-ty-tnhh-zhi-ma,https://www.masothue.com/tra-cuu-ma-so-thue-theo-nganh-nghe/san-xuat-sam-lop-cao-su-dap-va-tai-che-lop-cao-su-2211?page=5,2026-08-24T09:02:38Z
CÔNG TY TNHH LỐP ADVANCE VIỆT NAM,1201601651,2211,22,"Lô 105-109D, 110A2, 111B-113B Khu Công nghiệp Long Giang, Xã Tân Phước 3, Tỉnh Đồng Tháp, Việt Nam",Đồng Tháp,,https://www.masothue.com/1201601651-cong-ty-tnhh-lop-advance-viet-nam,https://www.masothue.com/tra-cuu-ma-so-thue-theo-nganh-nghe/san-xuat-sam-lop-cao-su-dap-va-tai-che-lop-cao-su-2211?page=3,2026-08-24T09:02:35Z
CÔNG TY TNHH MỘT THÀNH VIÊN SẢN XUẤT VÀ THƯƠNG MẠI ĐỨC THỊNH PHÁT,1801308648,2211,22,"324C, đường Nguyên Hồng, KV 1, Phường Cái Răng, Thành phố Cần Thơ, Việt Nam",Cần Thơ,,https://www.masothue.com/1801308648-cong-ty-tnhh-mot-thanh-vien-san-xuat-va-thuong-mai-duc-thinh-phat,https://www.masothue.com/tra-cuu-ma-so-thue-theo-nganh-nghe/san-xuat-sam-lop-cao-su-dap-va-tai-che-lop-cao-su-2211?page=2,2026-08-24T09:02:34Z
CÔNG TY TNHH  ASEAN TIRE,2300238536,2211,22,"Lô D3-5, đường TS19, Khu công nghiệp Tiên Sơn, Xã Đại Đồng, Tỉnh Bắc Ninh, Việt Nam",Bắc Ninh,,https://www.masothue.com/2300238536-cong-ty-tnhh-asean-tire,https://www.masothue.com/tra-cuu-ma-so-thue-theo-nganh-nghe/san-xuat-sam-lop-cao-su-dap-va-tai-che-lop-cao-su-2211,2026-08-24T09:02:32Z
CHI NHÁNH CỦA CÔNG TY TNHH CAO SU INOUE VIỆT NAM TẠI PHÚ THỌ,2500150631-002,2211,22,"Lô đất CN-03 trong Khu công nghiệp Phú Hà, Xã Hà Lộc, Thị xã Phú Thọ, Tỉnh Phú Thọ, Việt Nam",Phú Thọ,,https://www.masothue.com/2500150631-002-chi-nhanh-cua-cong-ty-tnhh-cao-su-inoue-viet-nam-tai-phu-tho,https://www.masothue.com/tra-cuu-ma-so-thue-theo-nganh-nghe/san-xuat-sam-lop-cao-su-dap-va-tai-che-lop-cao-su-2211?page=5,2026-08-24T09:02:38Z
CÔNG TY CỔ PHẦN CAO SU AVI,2500228302,2211,22,"Lô số 40E, Khu công nghiệp Quang Minh, Thị Trấn Quang Minh, Huyện Mê Linh, Thành phố Hà Nội, Việt Nam",Hà Nội,,https://www.masothue.com/2500228302-cong-ty-co-phan-cao-su-avi,https://www.masothue.com/tra-cuu-ma-so-thue-theo-nganh-nghe/san-xuat-sam-lop-cao-su-dap-va-tai-che-lop-cao-su-2211?page=4,2026-08-24T09:02:37Z
CÔNG TY TNHH HÓA CHẤT VÀ THIẾT BỊ TRƯỜNG PHÁT,2500507063,2211,22,"Khu 1, Thôn Hòa Loan, Xã Lũng Hoà, Huyện Vĩnh Tường, Tỉnh Vĩnh Phúc, Việt Nam",Vĩnh Phúc,,https://www.masothue.com/2500507063-cong-ty-tnhh-hoa-chat-va-thiet-bi-truong-phat,https://www.masothue.com/tra-cuu-ma-so-thue-theo-nganh-nghe/san-xuat-sam-lop-cao-su-dap-va-tai-che-lop-cao-su-2211?page=4,2026-08-24T09:02:37Z
CÔNG TY TNHH PACIFIC YUEI VIỆT NAM,2500609322,2211,22,"Lô I, Khu công nghiệp Bình Xuyên, Thị Trấn Hương Canh, Huyện Bình Xuyên, Tỉnh Vĩnh Phúc, Việt Nam",Vĩnh Phúc,,https://www.masothue.com/2500609322-cong-ty-tnhh-pacific-yuei-viet-nam,https://www.masothue.com/tra-cuu-ma-so-thue-theo-nganh-nghe/san-xuat-sam-lop-cao-su-dap-va-tai-che-lop-cao-su-2211?page=3,2026-08-24T09:02:35Z
CÔNG TY CỔ PHẦN BÌNH MINH SÔNG HỒNG,2700653671,2211,22,"Xóm 1, Xã Khánh Thiện, Huyện Yên Khánh, Tỉnh Ninh Bình, Việt Nam",Ninh Bình,,https://www.masothue.com/2700653671-cong-ty-co-phan-binh-minh-song-hong,https://www.masothue.com/tra-cuu-ma-so-thue-theo-nganh-nghe/san-xuat-sam-lop-cao-su-dap-va-tai-che-lop-cao-su-2211?page=2,2026-08-24T09:02:34Z
CÔNG TY TNHH THƯƠNG MẠI & PHÁT TRIỂN DUY HƯNG,2700781987,2211,22,"Thôn 1, Xã Đông Sơn, Thành phố Tam Điệp, Tỉnh Ninh Bình, Việt Nam",Ninh Bình,,https://www.masothue.com/2700781987-cong-ty-tnhh-thuong-mai-phat-trien-duy-hung,https://www.masothue.com/tra-cuu-ma-so-thue-theo-nganh-nghe/san-xuat-sam-lop-cao-su-dap-va-tai-che-lop-cao-su-2211?page=3,2026-08-24T09:02:35Z
CÔNG TY CỔ PHẦN CAO SU SÔNG LAM,2902110734,2211,22,"Khối 5A, Thị Trấn Thanh Chương, Huyện Thanh Chương, Tỉnh Nghệ An, Việt Nam",Nghệ An,,https://www.masothue.com/2902110734-cong-ty-co-phan-cao-su-song-lam,https://www.masothue.com/tra-cuu-ma-so-thue-theo-nganh-nghe/san-xuat-sam-lop-cao-su-dap-va-tai-che-lop-cao-su-2211?page=5,2026-08-24T09:02:38Z
CÔNG TY CP SAO VÀNG HOÀNH SƠN,3002153776,2211,22,"Khu hành chính dịch vụ - Khu CN và cảng biển Vũng Áng, Phường Vũng Áng, Tỉnh Hà Tĩnh, Việt Nam",Hà Tĩnh,,https://www.masothue.com/3002153776-cong-ty-cp-sao-vang-hoanh-son,https://www.masothue.com/tra-cuu-ma-so-thue-theo-nganh-nghe/san-xuat-sam-lop-cao-su-dap-va-tai-che-lop-cao-su-2211?page=4,2026-08-24T09:02:37Z
CÔNG TY TNHH CAO SU CAMEL VIỆT NAM,3200176581,2211,22,"Số 02 Lý Thường Kiệt, Xã Lao Bảo, Tỉnh Quảng Trị, Việt Nam",Quảng Trị,,https://www.masothue.com/3200176581-cong-ty-tnhh-cao-su-camel-viet-nam,https://www.masothue.com/tra-cuu-ma-so-thue-theo-nganh-nghe/san-xuat-sam-lop-cao-su-dap-va-tai-che-lop-cao-su-2211,2026-08-24T09:02:32Z
CÔNG TY CỔ PHẦN VỎ XE PHƯƠNG NAM,3601330103,2211,22,"302 Đường Cao Lỗ, Phường 4, Quận 8, Thành phố Hồ Chí Minh, Việt Nam",Hồ Chí Minh,,https://www.masothue.com/3601330103-cong-ty-co-phan-vo-xe-phuong-nam,https://www.masothue.com/tra-cuu-ma-so-thue-theo-nganh-nghe/san-xuat-sam-lop-cao-su-dap-va-tai-che-lop-cao-su-2211,2026-08-24T09:02:32Z
CÔNG TY TNHH KỸ THUẬT CAO SU KHẢI HOÀN CẦU,3603065901,2211,22,"Số 33/3, Đinh Quang Ân, Ấp Tân Cang , Xã Phước Tân, Thành phố Biên Hoà, Tỉnh Đồng Nai, Việt Nam",Đồng Nai,,https://www.masothue.com/3603065901-cong-ty-tnhh-ky-thuat-cao-su-khai-hoan-cau,https://www.masothue.com/tra-cuu-ma-so-thue-theo-nganh-nghe/san-xuat-sam-lop-cao-su-dap-va-tai-che-lop-cao-su-2211?page=4,2026-08-24T09:02:37Z
CHI NHÁNH CÔNG TY TNHH LỐP XE VY LONG PHÁT,3603297211-001,2211,22,"Số 383, KP An Hòa, tổ 19, Phường Hóa An, Thành phố Biên Hoà, Tỉnh Đồng Nai, Việt Nam",Đồng Nai,,https://www.masothue.com/3603297211-001-chi-nhanh-cong-ty-tnhh-lop-xe-vy-long-phat,https://www.masothue.com/tra-cuu-ma-so-thue-theo-nganh-nghe/san-xuat-sam-lop-cao-su-dap-va-tai-che-lop-cao-su-2211?page=4,2026-08-24T09:02:37Z
CÔNG TY TNHH MỘT THÀNH VIÊN PHỤ TÙNG XE NAM PHÁT,3603305896,2211,22,"Số 15/88, KP 13, Phường Hố Nai, Thành phố Biên Hoà, Tỉnh Đồng Nai, Việt Nam",Đồng Nai,,https://www.masothue.com/3603305896-cong-ty-tnhh-mot-thanh-vien-phu-tung-xe-nam-phat,https://www.masothue.com/tra-cuu-ma-so-thue-theo-nganh-nghe/san-xuat-sam-lop-cao-su-dap-va-tai-che-lop-cao-su-2211?page=2,2026-08-24T09:02:34Z
CÔNG TY TNHH SẢN XUẤT PHÚ VIỆT,3603657986,2211,22,"Số 473, ấp Tân Thành, Xã Thanh Bình, Huyện Trảng Bom, Tỉnh Đồng Nai, Việt Nam",Đồng Nai,,https://www.masothue.com/3603657986-cong-ty-tnhh-san-xuat-phu-viet,https://www.masothue.com/tra-cuu-ma-so-thue-theo-nganh-nghe/san-xuat-sam-lop-cao-su-dap-va-tai-che-lop-cao-su-2211?page=3,2026-08-24T09:02:35Z
CÔNG TY TNHH PHAN VĂN HƯƠNG,3603764385,2211,22,"Tổ 17, khu phố Vườn Dừa, Phường Phước Tân, Thành phố Biên Hoà, Tỉnh Đồng Nai, Việt Nam",Đồng Nai,,https://www.masothue.com/3603764385-cong-ty-tnhh-phan-van-huong,https://www.masothue.com/tra-cuu-ma-so-thue-theo-nganh-nghe/san-xuat-sam-lop-cao-su-dap-va-tai-che-lop-cao-su-2211?page=5,2026-08-24T09:02:38Z
CÔNG TY TNHH MỘT THÀNH VIÊN DONA TYRE,3603923959,2211,22,"Quốc lộ 51, tổ 14, ấp Xóm Gốc, Xã Long An, Huyện Long Thành, Tỉnh Đồng Nai, Việt Nam",Đồng Nai,,https://www.masothue.com/3603923959-cong-ty-tnhh-mot-thanh-vien-dona-tyre,https://www.masothue.com/tra-cuu-ma-so-thue-theo-nganh-nghe/san-xuat-sam-lop-cao-su-dap-va-tai-che-lop-cao-su-2211?page=3,2026-08-24T09:02:35Z
CÔNG TY TNHH CAO SU THUẬN PHÁT,3700321808,2211,22,"Lô F Đường số 05, Khu công nghiệp Đồng An, Phường Bình Hòa, Thành phố Thuận An, Tỉnh Bình Dương, Việt Nam",Bình Dương,,https://www.masothue.com/3700321808-cong-ty-tnhh-cao-su-thuan-phat,https://www.masothue.com/tra-cuu-ma-so-thue-theo-nganh-nghe/san-xuat-sam-lop-cao-su-dap-va-tai-che-lop-cao-su-2211?page=3,2026-08-24T09:02:35Z
CÔNG TY TNHH CAO SU NGUYỄN ĐỈNH,3700327214,2211,22,"Số 10/1B, đường DT 743, khu phố 1B, Phường An Phú, Thành phố Thuận An, Tỉnh Bình Dương, Việt Nam",Bình Dương,,https://www.masothue.com/3700327214-cong-ty-tnhh-cao-su-nguyen-dinh,https://www.masothue.com/tra-cuu-ma-so-thue-theo-nganh-nghe/san-xuat-sam-lop-cao-su-dap-va-tai-che-lop-cao-su-2211,2026-08-24T09:02:32Z
CHI NHÁNH BÌNH DƯƠNG - CÔNG TY TNHH CAO SU NGUYỄN ĐỈNH,3700327214-002,2211,22,"Thửa đất số 575, Tờ bản đồ số 35, Cụm Công Nghiệp Tân Mỹ, Xã Tân Mỹ, Huyện Bắc Tân Uyên, Tỉnh Bình Dương, Việt Nam",Bình Dương,,https://www.masothue.com/3700327214-002-chi-nhanh-bi-nh-duong-cong-ty-tnhh-cao-su-nguyen-dinh,https://www.masothue.com/tra-cuu-ma-so-thue-theo-nganh-nghe/san-xuat-sam-lop-cao-su-dap-va-tai-che-lop-cao-su-2211?page=5,2026-08-24T09:02:38Z
CÔNG TY TNHH CAO SU ĐẠI THÀNH CÔNG,3700504512,2211,22,"37/9 khu phố Bình Phước B, Phường An Phú, Thành phố Hồ Chí Minh, Việt Nam",Hồ Chí Minh,,https://www.masothue.com/3700504512-cong-ty-tnhh-cao-su-dai-thanh-cong,https://www.masothue.com/tra-cuu-ma-so-thue-theo-nganh-nghe/san-xuat-sam-lop-cao-su-dap-va-tai-che-lop-cao-su-2211,2026-08-24T09:02:32Z
CÔNG TY TNHH SẢN XUẤT THƯƠNG MẠI PHONG THẠNH,3700694165,2211,22,"Lô B2-19, 20 KCN Tân Đông Hiệp B, Phường Tân Đông Hiệp, Thành phố Dĩ An, Tỉnh Bình Dương, Việt Nam",Bình Dương,,https://www.masothue.com/3700694165-cong-ty-tnhh-san-xuat-thuong-mai-phong-thanh,https://www.masothue.com/tra-cuu-ma-so-thue-theo-nganh-nghe/san-xuat-sam-lop-cao-su-dap-va-tai-che-lop-cao-su-2211?page=4,2026-08-24T09:02:37Z
CÔNG TY TNHH CÔNG NGHỆ CAO SU HẠC KHANG,3700710089,2211,22,"Lô O-1,đường N8, khu công nghiệp Nam Tân Uyên, Phường Khánh Bình, Thành phố Tân Uyên, Tỉnh Bình Dương, Việt Nam",Bình Dương,,https://www.masothue.com/3700710089-cong-ty-tnhh-cong-nghe-cao-su-hac-khang,https://www.masothue.com/tra-cuu-ma-so-thue-theo-nganh-nghe/san-xuat-sam-lop-cao-su-dap-va-tai-che-lop-cao-su-2211,2026-08-24T09:02:32Z
CÔNG TY TNHH YOKOHAMA TYRE VIỆT NAM,3700711244,2211,22,"Số 17, đường số 10, khu công nghiệp Việt Nam-Singapore, Phường Bình Hòa, Thành phố Hồ Chí Minh, Việt Nam",Hồ Chí Minh,,https://www.masothue.com/3700711244-cong-ty-tnhh-yokohama-tyre-viet-nam,https://www.masothue.com/tra-cuu-ma-so-thue-theo-nganh-nghe/san-xuat-sam-lop-cao-su-dap-va-tai-che-lop-cao-su-2211?page=5,2026-08-24T09:02:38Z
CHI NHÁNH CÔNG TY TNHH YOKOHAMA TYRE VIỆT NAM TẠI HÀ NỘI,3700711244-003,2211,22,"Tầng 14, Tòa nhà Đào Duy Anh, Số 9 Đào Duy Anh, Phường Kim Liên, Quận Đống Đa, Thành phố Hà Nội, Việt Nam",Hà Nội,,https://www.masothue.com/3700711244-003-chi-nhanh-cong-ty-tnhh-yokohama-tyre-viet-nam-tai-ha-noi,https://www.masothue.com/tra-cuu-ma-so-thue-theo-nganh-nghe/san-xuat-sam-lop-cao-su-dap-va-tai-che-lop-cao-su-2211?page=2,2026-08-24T09:02:34Z
CÔNG TY TNHH SẢN XUẤT THƯƠNG MẠI NGUYÊN TRANG,3700799739,2211,22,"Số 339/2 Khu phố 1B, Phường An Phú, Thành phố Hồ Chí Minh, Việt Nam",Hồ Chí Minh,,https://www.masothue.com/3700799739-cong-ty-tnhh-san-xuat-thuong-mai-nguyen-trang,https://www.masothue.com/tra-cuu-ma-so-thue-theo-nganh-nghe/san-xuat-sam-lop-cao-su-dap-va-tai-che-lop-cao-su-2211?page=3,2026-08-24T09:02:35Z
CÔNG TY TNHH SẢN XUẤT THƯƠNG MẠI DỊCH VỤ LỐP DÁN ASEAN,3702444795,2211,22,"Số 305, đường Ống Nước Thô 2400, khu phố Nội Hóa 2, Phường Bình An, Thành phố Dĩ An, Tỉnh Bình Dương, Việt Nam",Bình Dương,,https://www.masothue.com/3702444795-cong-ty-tnhh-san-xuat-thuong-mai-dich-vu-lop-dan-asean,https://www.masothue.com/tra-cuu-ma-so-thue-theo-nganh-nghe/san-xuat-sam-lop-cao-su-dap-va-tai-che-lop-cao-su-2211?page=2,2026-08-24T09:02:34Z
CÔNG TY TNHH  SẢN XUẤT THƯƠNG MẠI XIN NENG,3702652925,2211,22,"Nhà xưởng P1.2-X2-Module 3, Lô E-11, E-12, đường N4, Khu công nghiệp Nam Tân Uyên mở rộng, Phường Bình Cơ, Thành phố Hồ Chí Minh, Việt Nam",Hồ Chí Minh,,https://www.masothue.com/3702652925-cong-ty-tnhh-san-xuat-thuong-mai-xin-neng,https://www.masothue.com/tra-cuu-ma-so-thue-theo-nganh-nghe/san-xuat-sam-lop-cao-su-dap-va-tai-che-lop-cao-su-2211?page=2,2026-08-24T09:02:34Z
CÔNG TY TNHH CHENG SHIN - BÌNH DƯƠNG,3702846462,2211,22,"Số 17, Đường GS 02, Khu Đầu Tư Thương Mại Dịch Vụ Quảng Trường Xanh, Khu phố Tây B, Phường Đông Hòa, Thành phố Hồ Chí Minh, Việt Nam",Hồ Chí Minh,,https://www.masothue.com/3702846462-cong-ty-tnhh-cheng-shin-binh-duong,https://www.masothue.com/tra-cuu-ma-so-thue-theo-nganh-nghe/san-xuat-sam-lop-cao-su-dap-va-tai-che-lop-cao-su-2211?page=4,2026-08-24T09:02:37Z
CHI NHÁNH CÔNG TY TNHH CHENG SHIN - BÌNH DƯƠNG,3702846462-001,2211,22,"Số nhà 9, đường Lãnh Binh Thăng, tổ 8 Kp Bình Hoà 2, Phường Tân Phước Khánh, Thành phố Tân Uyên, Tỉnh Bình Dương, Việt Nam",Bình Dương,,https://www.masothue.com/3702846462-001-chi-nhanh-cong-ty-tnhh-cheng-shin-binh-duong,https://www.masothue.com/tra-cuu-ma-so-thue-theo-nganh-nghe/san-xuat-sam-lop-cao-su-dap-va-tai-che-lop-cao-su-2211?page=5,2026-08-24T09:02:38Z
CÔNG TY TNHH CÔNG NGHỆ SẢN XUẤT ZOLASUN,3702927866,2211,22,"Thửa đất số 460, tờ bản đồ số 11, ấp Rạch Bắp, Xã An Tây, Thị xã Bến Cát, Tỉnh Bình Dương, Việt Nam",Bình Dương,,https://www.masothue.com/3702927866-cong-ty-tnhh-cong-nghe-san-xuat-zolasun,https://www.masothue.com/tra-cuu-ma-so-thue-theo-nganh-nghe/san-xuat-sam-lop-cao-su-dap-va-tai-che-lop-cao-su-2211?page=5,2026-08-24T09:02:38Z
CÔNG TY TNHH TMDV THANH HỒ,3703034174,2211,22,"Thửa đất 3776, tờ bản đồ số 20, Đường NI6A, Khu phố 1, Phường Thới Hòa, Thành phố Hồ Chí Minh, Việt Nam",Hồ Chí Minh,,https://www.masothue.com/3703034174-cong-ty-tnhh-tmdv-thanh-ho,https://www.masothue.com/tra-cuu-ma-so-thue-theo-nganh-nghe/san-xuat-sam-lop-cao-su-dap-va-tai-che-lop-cao-su-2211?page=5,2026-08-24T09:02:38Z
CÔNG TY TNHH  XT TYRE,3703097216,2211,22,"129 ĐH 501, ấp Đồng Tâm, Xã Phú Giáo, Thành phố Hồ Chí Minh, Việt Nam",Hồ Chí Minh,,https://www.masothue.com/3703097216-cong-ty-tnhh-xt-tyre,https://www.masothue.com/tra-cuu-ma-so-thue-theo-nganh-nghe/san-xuat-sam-lop-cao-su-dap-va-tai-che-lop-cao-su-2211?page=4,2026-08-24T09:02:37Z
CÔNG TY TNHH MỘT THÀNH VIÊN TÂN BẢO CHÂU,3800425279,2211,22,"1062 đường Phú Riềng Đỏ, Phường Tân Thiện, Thành phố Đồng Xoài, Tỉnh Bình Phước, Việt Nam",Bình Phước,,https://www.masothue.com/3800425279-cong-ty-tnhh-mot-thanh-vien-tan-bao-chau,https://www.masothue.com/tra-cuu-ma-so-thue-theo-nganh-nghe/san-xuat-sam-lop-cao-su-dap-va-tai-che-lop-cao-su-2211,2026-08-24T09:02:32Z
CÔNG TY TNHH THƯƠNG MẠI CAO SU LỘC THÀNH,3801060239,2211,22,"Ấp 7, Xã Lộc Hòa, Huyện Lộc Ninh, Tỉnh Bình Phước, Việt Nam",Bình Phước,,https://www.masothue.com/3801060239-cong-ty-tnhh-thuong-mai-cao-su-loc-thanh,https://www.masothue.com/tra-cuu-ma-so-thue-theo-nganh-nghe/san-xuat-sam-lop-cao-su-dap-va-tai-che-lop-cao-su-2211?page=5,2026-08-24T09:02:38Z
CÔNG TY TNHH ĐẦU TƯ NÔNG NGHIỆP NGUYỄN TÂN,3801270469,2211,22,"Số nhà 02, Tổ 1, Ấp Suối Ngang, Xã Nha Bích, Huyện Chơn Thành, Tỉnh Bình Phước, Việt Nam",Bình Phước,,https://www.masothue.com/3801270469-cong-ty-tnhh-dau-tu-nong-nghiep-nguyen-tan,https://www.masothue.com/tra-cuu-ma-so-thue-theo-nganh-nghe/san-xuat-sam-lop-cao-su-dap-va-tai-che-lop-cao-su-2211?page=5,2026-08-24T09:02:38Z
CÔNG TY TNHH CAO SU THỜI ÍCH,3900310391,2211,22,"Đường số 12, Khu công nghiệp Trảng Bàng, Phường An Tịnh, Tỉnh Tây Ninh, Việt Nam",Tây Ninh,,https://www.masothue.com/3900310391-cong-ty-tnhh-cao-su-thoi-ich,https://www.masothue.com/tra-cuu-ma-so-thue-theo-nganh-nghe/san-xuat-sam-lop-cao-su-dap-va-tai-che-lop-cao-su-2211,2026-08-24T09:02:32Z
CÔNG TY TNHH NHỰA VÀ CAO SU KIẾN PHÁT VIỆT NAM,3900335269,2211,22,"Đường số 5, KCN Trảng Bàng, Phường An Tịnh, Tỉnh Tây Ninh, Việt Nam",Tây Ninh,,https://www.masothue.com/3900335269-cong-ty-tnhh-nhua-va-cao-su-kien-phat-viet-nam,https://www.masothue.com/tra-cuu-ma-so-thue-theo-nganh-nghe/san-xuat-sam-lop-cao-su-dap-va-tai-che-lop-cao-su-2211,2026-08-24T09:02:32Z
CÔNG TY TNHH SĂM LỐP XE LIÊN PHÚC,3900366757,2211,22,"ấp Trâm Vàng, Xã Thanh Phước, Huyện Gò Dầu, Tỉnh Tây Ninh, Việt Nam",Tây Ninh,,https://www.masothue.com/3900366757-cong-ty-tnhh-sam-lop-xe-lien-phuc,https://www.masothue.com/tra-cuu-ma-so-thue-theo-nganh-nghe/san-xuat-sam-lop-cao-su-dap-va-tai-che-lop-cao-su-2211?page=4,2026-08-24T09:02:37Z
CÔNG TY TRÁCH NHIỆM HỮU HẠN MỘT THÀNH VIÊN SEIKEN VIỆT NAM,3900845245,2211,22,"Số 123, đường Nguyễn Huệ, ấp Long Mỹ, Xã Long Thành Bắc, Thị xã Hoà Thành, Tỉnh Tây Ninh, Việt Nam",Tây Ninh,,https://www.masothue.com/3900845245-cong-ty-trach-nhiem-huu-han-mot-thanh-vien-seiken-viet-nam,https://www.masothue.com/tra-cuu-ma-so-thue-theo-nganh-nghe/san-xuat-sam-lop-cao-su-dap-va-tai-che-lop-cao-su-2211?page=5,2026-08-24T09:02:38Z
CÔNG TY TRÁCH NHIỆM HỮU HẠN MỘT THÀNH VIÊN ĐẦU TƯ-SẢN XUẤT VÀ PHÁT TRIỂN HOÀN HOA,3900999460,2211,22,"Số 143, ấp Vịnh, Xã An Cơ, Huyện Châu Thành, Tỉnh Tây Ninh, Việt Nam",Tây Ninh,,https://www.masothue.com/3900999460-cong-ty-trach-nhiem-huu-han-mot-thanh-vien-dau-tu-san-xuat-va-phat-trien-hoan-hoa,https://www.masothue.com/tra-cuu-ma-so-thue-theo-nganh-nghe/san-xuat-sam-lop-cao-su-dap-va-tai-che-lop-cao-su-2211?page=2,2026-08-24T09:02:34Z
CÔNG TY TNHH LỐP XE H.A VINA,3901167899,2211,22,"Lô số 47-1, 47-2, 47-3, đường D11, Khu công nghiệp Phước Đông, Phường Gia Lộc, Tỉnh Tây Ninh, Việt Nam",Tây Ninh,,https://www.masothue.com/3901167899-cong-ty-tnhh-lop-xe-h-a-vina,https://www.masothue.com/tra-cuu-ma-so-thue-theo-nganh-nghe/san-xuat-sam-lop-cao-su-dap-va-tai-che-lop-cao-su-2211?page=2,2026-08-24T09:02:34Z
CÔNG TY TNHH KS WIRE TECH VINA,3901193176,2211,22,"Lô số 36-3, 36-11, Đường D14, Khu Công Nghiệp Phước Đông, Phường Gia Lộc, Tỉnh Tây Ninh, Việt Nam",Tây Ninh,,https://www.masothue.com/3901193176-cong-ty-tnhh-ks-wire-tech-vina,https://www.masothue.com/tra-cuu-ma-so-thue-theo-nganh-nghe/san-xuat-sam-lop-cao-su-dap-va-tai-che-lop-cao-su-2211?page=3,2026-08-24T09:02:35Z
CÔNG TY TNHH THƯƠNG MẠI SẢN XUẤT CÔNG KỸ NGHỆ,3901193715,2211,22,"Tổ 2, đường Trần Phú, ấp Trường Huệ, Xã Trường Tây, Thị xã Hoà Thành, Tỉnh Tây Ninh, Việt Nam",Tây Ninh,,https://www.masothue.com/3901193715-cong-ty-tnhh-thuong-mai-san-xuat-cong-ky-nghe,https://www.masothue.com/tra-cuu-ma-so-thue-theo-nganh-nghe/san-xuat-sam-lop-cao-su-dap-va-tai-che-lop-cao-su-2211,2026-08-24T09:02:32Z
CÔNG TY TNHH LỐP DÁN TOÀN TÂM,4101554139,2211,22,"Thôn Mỹ Long, Xã Cát Hưng, Huyện Phù Cát, Tỉnh Bình Định, Việt Nam",Bình Định,,https://www.masothue.com/4101554139-cong-ty-tnhh-lop-dan-toan-tam,https://www.masothue.com/tra-cuu-ma-so-thue-theo-nganh-nghe/san-xuat-sam-lop-cao-su-dap-va-tai-che-lop-cao-su-2211?page=4,2026-08-24T09:02:37Z
CHI NHÁNH CÔNG TY TNHH LỐP DÁN TOÀN TÂM,4101554139-001,2211,22,"Thôn 1, Xã Đông Sơn, Thành phố Tam Điệp, Tỉnh Ninh Bình, Việt Nam",Ninh Bình,,https://www.masothue.com/4101554139-001-chi-nhanh-cong-ty-tnhh-lop-dan-toan-tam,https://www.masothue.com/tra-cuu-ma-so-thue-theo-nganh-nghe/san-xuat-sam-lop-cao-su-dap-va-tai-che-lop-cao-su-2211,2026-08-24T09:02:32Z
CÔNG TY TNHH SẢN XUẤT - THƯƠNG MẠI VÀ DỊCH VỤ PHAN NGUYỄN,4101641790,2211,22,"Thôn Mỹ Long, Xã Cát Hưng, Huyện Phù Cát, Tỉnh Bình Định, Việt Nam",Bình Định,,https://www.masothue.com/4101641790-cong-ty-tnhh-san-xuat-thuong-mai-va-dich-vu-phan-nguyen,https://www.masothue.com/tra-cuu-ma-so-thue-theo-nganh-nghe/san-xuat-sam-lop-cao-su-dap-va-tai-che-lop-cao-su-2211?page=3,2026-08-24T09:02:35Z
CÔNG TY TNHH DN AUTOMOTIVE VINA,4300846009,2211,22,"Số 1, đường số 1A, KCN Việt Nam - Singapore, Xã Thọ Phong, Tỉnh Quảng Ngãi, Việt Nam",Quảng Ngãi,,https://www.masothue.com/4300846009-cong-ty-tnhh-dn-automotive-vina,https://www.masothue.com/tra-cuu-ma-so-thue-theo-nganh-nghe/san-xuat-sam-lop-cao-su-dap-va-tai-che-lop-cao-su-2211?page=4,2026-08-24T09:02:37Z
CÔNG TY TNHH SX VÀ TM DUY HƯNG,5702127535,2211,22,"Tổ 7, Khu 5, Phường Quang Hanh, Thành phố Cẩm Phả, Tỉnh Quảng Ninh, Việt Nam",Quảng Ninh,,https://www.masothue.com/5702127535-cong-ty-tnhh-sx-va-tm-duy-hung,https://www.masothue.com/tra-cuu-ma-so-thue-theo-nganh-nghe/san-xuat-sam-lop-cao-su-dap-va-tai-che-lop-cao-su-2211?page=5,2026-08-24T09:02:38Z
CÔNG TY TNHH THƯƠNG MẠI DF,0101655637,2212,22,"Số nhà 12, Tập thể Việt Hà, Tổ dân phố Phú Minh, Phường Cổ Nhuế 2, Quận Bắc Từ Liêm, Thành phố Hà Nội, Việt Nam",Hà Nội,,https://www.masothue.com/0101655637-cong-ty-tnhh-thuong-mai-df,https://www.masothue.com/tra-cuu-ma-so-thue-theo-nganh-nghe/san-xuat-san-pham-khac-tu-cao-su-2212,2026-08-24T09:02:53Z
CÔNG TY TNHH THƯƠNG MẠI  VÀ SẢN XUẤT PHÚ TOÀN,0101933450,2212,22,"Cụm 1, tổ 8, Phường Phú La, Quận Hà Đông, Thành phố Hà Nội, Việt Nam",Hà Nội,,https://www.masothue.com/0101933450-cong-ty-tnhh-thuong-mai-va-san-xuat-phu-toan,https://www.masothue.com/tra-cuu-ma-so-thue-theo-nganh-nghe/san-xuat-san-pham-khac-tu-cao-su-2212,2026-08-24T09:02:53Z
CÔNG TY TNHH ISHIGAKI RUBBER VIỆT NAM,0102348607,2212,22,"Lô A11-2 khu công nghiệp Hà nội - Đài Tư, , TP Hà Nội",TP Hà Nội,,https://www.masothue.com/0102348607-cong-ty-tnhh-ishigaki-rubber-viet-nam,https://www.masothue.com/tra-cuu-ma-so-thue-theo-nganh-nghe/san-xuat-san-pham-khac-tu-cao-su-2212,2026-08-24T09:02:53Z
CÔNG TY TNHH SẢN XUẤT VÀ THƯƠNG MẠI VIỆT AN,0105341737,2212,22,"Số 469 đường Hà Huy Tập, Xã Yên Viên, Huyện Gia Lâm, Thành phố Hà Nội, Việt Nam",Hà Nội,,https://www.masothue.com/0105341737-cong-ty-tnhh-san-xuat-va-thuong-mai-viet-an,https://www.masothue.com/tra-cuu-ma-so-thue-theo-nganh-nghe/san-xuat-san-pham-khac-tu-cao-su-2212,2026-08-24T09:02:53Z
CÔNG TY TNHH XUẤT NHẬP KHẨU CAO SU THĂNG LONG,0108150240,2212,22,"Thôn Đồng Vỡ, Xã Thanh Lâm, Huyện Mê Linh, Thành phố Hà Nội, Việt Nam",Hà Nội,,https://www.masothue.com/0108150240-cong-ty-tnhh-xuat-nhap-khau-cao-su-thang-long,https://www.masothue.com/tra-cuu-ma-so-thue-theo-nganh-nghe/san-xuat-san-pham-khac-tu-cao-su-2212?page=5,2026-08-24T09:02:59Z
CHI NHÁNH TẠI HƯNG YÊN-CÔNG TY CỔ PHẦN TPTECH QUỐC TẾ,0108385556-001,2212,22,"Đường N1, khu công nghiệp Yên Mỹ II, Thị Trấn Yên Mỹ, Huyện Yên Mỹ, Tỉnh Hưng Yên, Việt Nam",Hưng Yên,,https://www.masothue.com/0108385556-001-chi-nhanh-tai-hung-yen-cong-ty-co-phan-tptech-quoc-te,https://www.masothue.com/tra-cuu-ma-so-thue-theo-nganh-nghe/san-xuat-san-pham-khac-tu-cao-su-2212?page=5,2026-08-24T09:02:59Z
CÔNG TY TNHH SẢN XUẤT GIA CÔNG NAM THẮNG,0200676229,2212,22,"Thôn 2 (tại nhà Tạ Thanh Toàn), Xã Kiền Bái, Huyện Thuỷ Nguyên, Thành phố Hải Phòng, Việt Nam",Hải Phòng,,https://www.masothue.com/0200676229-cong-ty-tnhh-san-xuat-gia-cong-nam-thang,https://www.masothue.com/tra-cuu-ma-so-thue-theo-nganh-nghe/san-xuat-san-pham-khac-tu-cao-su-2212?page=3,2026-08-24T09:02:56Z
CÔNG TY TNHH THƯƠNG MẠI DỊCH VỤ KHẮC DẤU SAO ĐỎ,0301046946,2212,22,"Số 882/16 Võ Văn Kiệt, Phường 05, Quận 5, Thành phố Hồ Chí Minh, Việt Nam",Hồ Chí Minh,,https://www.masothue.com/0301046946-cong-ty-tnhh-thuong-mai-dich-vu-khac-dau-sao-do,https://www.masothue.com/tra-cuu-ma-so-thue-theo-nganh-nghe/san-xuat-san-pham-khac-tu-cao-su-2212,2026-08-24T09:02:53Z
CHI NHÁNH CẦN THƠ - CÔNG  TY  TNHH  THƯƠNG MẠI DỊCH VỤ KHẮC DẤU SAO ĐỎ,0301046946-005,2212,22,"72 Xô Viết Nghệ Tỉnh, Phường An Hội, Quận Ninh Kiều, Thành phố Cần Thơ, Việt Nam",Cần Thơ,,https://www.masothue.com/0301046946-005-chi-nhanh-can-tho-cong-ty-tnhh-thuong-mai-dich-vu-khac-dau-sao-do,https://www.masothue.com/tra-cuu-ma-so-thue-theo-nganh-nghe/san-xuat-san-pham-khac-tu-cao-su-2212?page=5,2026-08-24T09:02:59Z
CHI NHÁNH CÔNG TY TNHH THƯƠNG MẠI - DỊCH VỤ KHẮC DẤU SAO ĐỎ,0301046946-015,2212,22,"188 Phùng Hưng, Phường 14, Quận 5, Thành phố Hồ Chí Minh, Việt Nam",Hồ Chí Minh,,https://www.masothue.com/0301046946-015-chi-nhanh-cong-ty-tnhh-thuong-mai-dich-vu-khac-dau-sao-do,https://www.masothue.com/tra-cuu-ma-so-thue-theo-nganh-nghe/san-xuat-san-pham-khac-tu-cao-su-2212?page=5,2026-08-24T09:02:59Z
CÔNG TY TNHH CÔNG NGHIỆP CAO SU HÙNG VƯƠNG - HRIC,0301080471,2212,22,"565/22 Bình Thới, Phường 10, Quận 11, Thành phố Hồ Chí Minh, Việt Nam",Hồ Chí Minh,,https://www.masothue.com/0301080471-cong-ty-tnhh-cong-nghiep-cao-su-hung-vuong-hric,https://www.masothue.com/tra-cuu-ma-so-thue-theo-nganh-nghe/san-xuat-san-pham-khac-tu-cao-su-2212,2026-08-24T09:02:53Z
CHI NHÁNH CÔNG TY TNHH CÔNG NGHIỆP CAO SU HÙNG VƯƠNG - HRIC,0301080471-001,2212,22,"số 223, Quốc lộ 22, Ấp Bàu Tre, Xã Tân An Hội, Huyện Củ Chi, Thành phố Hồ Chí Minh, Việt Nam",Hồ Chí Minh,,https://www.masothue.com/0301080471-001-chi-nhanh-cong-ty-tnhh-cong-nghiep-cao-su-hung-vuong-hric,https://www.masothue.com/tra-cuu-ma-so-thue-theo-nganh-nghe/san-xuat-san-pham-khac-tu-cao-su-2212?page=5,2026-08-24T09:02:59Z
CHI NHÁNH CÔNG TY TNHH NỆM VẠN THÀNH TẠI THÀNH PHỐ VINH,0301435068-030,2212,22,"Số 324 Nguyễn Văn Cừ, Phường Hưng Phúc, Thành phố Vinh, Tỉnh Nghệ An, Việt Nam",Nghệ An,,https://www.masothue.com/0301435068-030-chi-nhanh-cong-ty-tnhh-nem-van-thanh-tai-thanh-pho-vinh,https://www.masothue.com/tra-cuu-ma-so-thue-theo-nganh-nghe/san-xuat-san-pham-khac-tu-cao-su-2212?page=5,2026-08-24T09:02:59Z
CÔNG TY CỔ PHẦN CÔNG NGHIỆP THƯƠNG MẠI PHƯỚC BÌNH,0301436858,2212,22,"1023 Tạ Quang Bửu, Phường Bình Đông, Thành phố Hồ Chí Minh, Việt Nam",Hồ Chí Minh,,https://www.masothue.com/0301436858-cong-ty-co-phan-cong-nghiep-thuong-mai-phuoc-binh,https://www.masothue.com/tra-cuu-ma-so-thue-theo-nganh-nghe/san-xuat-san-pham-khac-tu-cao-su-2212?page=2,2026-08-24T09:02:54Z
CHI NHÁNH CÔNG TY TNHH TM & SX NỆM MOUSSE LIÊN Á,0302082048-005,2212,22,"Ấp 3B, Xã Đức Hòa, Tỉnh Tây Ninh, Việt Nam",Tây Ninh,,https://www.masothue.com/0302082048-005-chi-nhanh-cong-ty-tnhh-tm-sx-nem-mousse-lien-a,https://www.masothue.com/tra-cuu-ma-so-thue-theo-nganh-nghe/san-xuat-san-pham-khac-tu-cao-su-2212?page=5,2026-08-24T09:02:59Z
DOANH NGHIỆP TƯ NHÂN  TÍCH ƯU,0302153482,2212,22,"Lô E, đường số 8, Khu công nghiệp Sóng Thần 1, Phường Dĩ An, Thành phố Dĩ An, Tỉnh Bình Dương, Việt Nam",Bình Dương,,https://www.masothue.com/0302153482-doanh-nghiep-tu-nhan-tich-uu,https://www.masothue.com/tra-cuu-ma-so-thue-theo-nganh-nghe/san-xuat-san-pham-khac-tu-cao-su-2212,2026-08-24T09:02:53Z
CHI NHÁNH CÔNG TY TNHH A.67 LONG AN,0302177606-002,2212,22,"Một phần lô A13, KCN Phú An Thạnh, Xã An Thạnh, Huyện Bến Lức, Tỉnh Long An, Việt Nam",Long An,,https://www.masothue.com/0302177606-002-chi-nhanh-cong-ty-tnhh-a-67-long-an,https://www.masothue.com/tra-cuu-ma-so-thue-theo-nganh-nghe/san-xuat-san-pham-khac-tu-cao-su-2212?page=5,2026-08-24T09:02:59Z
CÔNG TY TNHH HÓA NHỰA QUỐC TẾ,0302637324,2212,22,"339 Quang Trung, Phường 10, Quận Gò Vấp, Thành phố Hồ Chí Minh, Việt Nam",Hồ Chí Minh,,https://www.masothue.com/0302637324-cong-ty-tnhh-hoa-nhua-quoc-te,https://www.masothue.com/tra-cuu-ma-so-thue-theo-nganh-nghe/san-xuat-san-pham-khac-tu-cao-su-2212,2026-08-24T09:02:53Z
CÔNG TY TNHH SẢN XUẤT VỎ RUỘT XE Ô TÔ HỒNG PHÚC,0302788725,2212,22,"1084/20 Lê Đức Thọ, Phường 13, Quận Gò Vấp, Thành phố Hồ Chí Minh, Việt Nam",Hồ Chí Minh,,https://www.masothue.com/0302788725-cong-ty-tnhh-san-xuat-vo-ruot-xe-o-to-hong-phuc,https://www.masothue.com/tra-cuu-ma-so-thue-theo-nganh-nghe/san-xuat-san-pham-khac-tu-cao-su-2212?page=2,2026-08-24T09:02:54Z
CHI NHÁNH CÔNG TY CỔ PHẦN CAO SU VIỆT PHÚ THỊNH,0302910157-001,2212,22,"38/12 Nguyễn Văn Trỗi, Phường 15, Quận Phú Nhuận, Thành phố Hồ Chí Minh, Việt Nam",Hồ Chí Minh,,https://www.masothue.com/0302910157-001-chi-nhanh-cong-ty-co-phan-cao-su-viet-phu-thinh,https://www.masothue.com/tra-cuu-ma-so-thue-theo-nganh-nghe/san-xuat-san-pham-khac-tu-cao-su-2212?page=4,2026-08-24T09:02:57Z
CÔNG TY TNHH SẢN XUẤT THƯƠNG MẠI TIẾN TẤN PHÁT,0303362288,2212,22,"47/101D Nguyễn Hữu Tiến, Phường Tây Thạnh, Quận Tân Phú, Thành phố Hồ Chí Minh, Việt Nam",Hồ Chí Minh,,https://www.masothue.com/0303362288-cong-ty-tnhh-san-xuat-thuong-mai-tien-tan-phat,https://www.masothue.com/tra-cuu-ma-so-thue-theo-nganh-nghe/san-xuat-san-pham-khac-tu-cao-su-2212,2026-08-24T09:02:53Z
CÔNG TY TRÁCH NHIỆM HỮU HẠN TIMATEX (VIỆT NAM),0303422716,2212,22,"Lô 80, đường số 1, Khu chế xuất Linh Trung 2, Phường Bình Chiểu, Quận Thủ Đức, Thành phố Hồ Chí Minh, Việt Nam",Hồ Chí Minh,,https://www.masothue.com/0303422716-cong-ty-trach-nhiem-huu-han-timatex-viet-nam,https://www.masothue.com/tra-cuu-ma-so-thue-theo-nganh-nghe/san-xuat-san-pham-khac-tu-cao-su-2212?page=4,2026-08-24T09:02:57Z
CHI NHÁNH CÔNG TY TNHH DU ÂN NAM,0303756370-002,2212,22,"Đường ĐT 748, Ấp Kiến An, Xã An Lập, Huyện Dầu Tiếng, Tỉnh Bình Dương, Việt Nam",Bình Dương,,https://www.masothue.com/0303756370-002-chi-nhanh-cong-ty-tnhh-du-an-nam,https://www.masothue.com/tra-cuu-ma-so-thue-theo-nganh-nghe/san-xuat-san-pham-khac-tu-cao-su-2212?page=5,2026-08-24T09:02:59Z
DOANH NGHIỆP TƯ NHÂN THƯƠNG MẠI DỊCH VỤ ANH PHI,0303818549,2212,22,"56/90 Thích Quảng Đức, Phường Đức Nhuận, Thành phố Hồ Chí Minh, Việt Nam",Hồ Chí Minh,,https://www.masothue.com/0303818549-doanh-nghiep-tu-nhan-thuong-mai-dich-vu-anh-phi,https://www.masothue.com/tra-cuu-ma-so-thue-theo-nganh-nghe/san-xuat-san-pham-khac-tu-cao-su-2212?page=3,2026-08-24T09:02:56Z
CHI NHÁNH 1 CÔNG TY TRÁCH NHIỆM HỮU HẠN THẾ HUY,0303849949-001,2212,22,"362/10 Phan Văn Hớn, Phường Đông Hưng Thuận, Thành phố Hồ Chí Minh, Việt Nam",Hồ Chí Minh,,https://www.masothue.com/0303849949-001-chi-nhanh-1-cong-ty-trach-nhiem-huu-han-the-huy,https://www.masothue.com/tra-cuu-ma-so-thue-theo-nganh-nghe/san-xuat-san-pham-khac-tu-cao-su-2212?page=4,2026-08-24T09:02:57Z
CÔNG TY TNHH THƯƠNG MẠI - XÂY DỰNG VIỆT TÍN,0304091217,2212,22,"3/38/23 Thành Thái, Phường Diên Hồng, Thành phố Hồ Chí Minh, Việt Nam",Hồ Chí Minh,,https://www.masothue.com/0304091217-cong-ty-tnhh-thuong-mai-xay-dung-viet-tin,https://www.masothue.com/tra-cuu-ma-so-thue-theo-nganh-nghe/san-xuat-san-pham-khac-tu-cao-su-2212?page=2,2026-08-24T09:02:54Z
CÔNG TY TNHH ĐỒ LẶN THÁI BÌNH DƯƠNG,0304198778,2212,22,"19/1 Đường TMT14A, Khu phố 5, Phường Trung Mỹ Tây, Quận 12, Thành phố Hồ Chí Minh, Việt Nam",Hồ Chí Minh,,https://www.masothue.com/0304198778-cong-ty-tnhh-do-lan-thai-binh-duong,https://www.masothue.com/tra-cuu-ma-so-thue-theo-nganh-nghe/san-xuat-san-pham-khac-tu-cao-su-2212?page=3,2026-08-24T09:02:56Z
CÔNG TY CỔ PHẦN VOLT,0304355075,2212,22,"879/54A Hương Lộ 2, khu phố 8, Phường Bình Trị Đông A, Quận Bình Tân, Thành phố Hồ Chí Minh, Việt Nam",Hồ Chí Minh,,https://www.masothue.com/0304355075-cong-ty-co-phan-volt,https://www.masothue.com/tra-cuu-ma-so-thue-theo-nganh-nghe/san-xuat-san-pham-khac-tu-cao-su-2212?page=2,2026-08-24T09:02:54Z
CÔNG TY TNHH SẢN XUẤT - THƯƠNG MẠI NHỰA TIẾN PHÁT,0304375868,2212,22,"258 Tên Lửa, Khu phố 20, Phường An Lạc, Thành phố Hồ Chí Minh, Việt Nam",Hồ Chí Minh,,https://www.masothue.com/0304375868-cong-ty-tnhh-san-xuat-thuong-mai-nhua-tien-phat,https://www.masothue.com/tra-cuu-ma-so-thue-theo-nganh-nghe/san-xuat-san-pham-khac-tu-cao-su-2212?page=2,2026-08-24T09:02:54Z
CHI NHÁNH 2 CÔNG TY TNHH SẢN XUẤT - THƯƠNG MẠI NHỰA TIẾN PHÁT,0304375868-001,2212,22,"71B đường Ao Đôi, khu phố 25, Phường Bình Trị Đông, Thành phố Hồ Chí Minh, Việt Nam",Hồ Chí Minh,,https://www.masothue.com/0304375868-001-chi-nhanh-2-cong-ty-tnhh-san-xuat-thuong-mai-nhua-tien-phat,https://www.masothue.com/tra-cuu-ma-so-thue-theo-nganh-nghe/san-xuat-san-pham-khac-tu-cao-su-2212?page=4,2026-08-24T09:02:57Z
CÔNG TY TNHH PHỤ GIA VÀ NHỰA ĐỒNG THUẬN,0304404639,2212,22,"Phòng 2.11D, Tầng 2, tòa nhà E.Town, Số 364 Đường Cộng Hòa, Phường 13, Quận Tân Bình, Thành phố Hồ Chí Minh, Việt Nam",Hồ Chí Minh,,https://www.masothue.com/0304404639-cong-ty-tnhh-phu-gia-va-nhua-dong-thuan,https://www.masothue.com/tra-cuu-ma-so-thue-theo-nganh-nghe/san-xuat-san-pham-khac-tu-cao-su-2212?page=2,2026-08-24T09:02:54Z
CHI NHÁNH CÔNG TY TNHH PHỤ GIA VÀ NHỰA ĐỒNG THUẬN-XƯỞNG SẢN XUẤT,0304404639-001,2212,22,"Số 228C Đường Võ Văn Bích, Ấp 4B, Xã Bình Mỹ, Huyện Củ Chi, Thành phố Hồ Chí Minh, Việt Nam",Hồ Chí Minh,,https://www.masothue.com/0304404639-001-chi-nhanh-cong-ty-tnhh-phu-gia-va-nhua-dong-thuan-xuong-san-xuat,https://www.masothue.com/tra-cuu-ma-so-thue-theo-nganh-nghe/san-xuat-san-pham-khac-tu-cao-su-2212?page=4,2026-08-24T09:02:57Z
CÔNG TY TNHH SẢN XUẤT THƯƠNG MẠI TRƯỜNG SƠN,0304430766,2212,22,"220 Quốc lộ 1K, Phường Linh Xuân, Quận Thủ Đức, Thành phố Hồ Chí Minh, Việt Nam",Hồ Chí Minh,,https://www.masothue.com/0304430766-cong-ty-tnhh-san-xuat-thuong-mai-truong-son,https://www.masothue.com/tra-cuu-ma-so-thue-theo-nganh-nghe/san-xuat-san-pham-khac-tu-cao-su-2212?page=2,2026-08-24T09:02:54Z
CÔNG TY TNHH MỘT THÀNH VIÊN NỆM ANH & MỸ,0304762306,2212,22,"Số 241, đường ĐX 124, khu 6, Xã Tân An, Thành phố Thủ Dầu Một, Tỉnh Bình Dương, Việt Nam",Bình Dương,,https://www.masothue.com/0304762306-cong-ty-tnhh-mot-thanh-vien-nem-anh-my,https://www.masothue.com/tra-cuu-ma-so-thue-theo-nganh-nghe/san-xuat-san-pham-khac-tu-cao-su-2212,2026-08-24T09:02:53Z
CÔNG TY TNHH MỘT THÀNH VIÊN THƯƠNG MẠI SẢN XUẤT BẢO TOÀN,0304843731,2212,22,"17/2/25 Đường Liên Khu 5-6 Khu phố 6, Phường Bình Hưng Hòa B, Quận Bình Tân, Thành phố Hồ Chí Minh, Việt Nam",Hồ Chí Minh,,https://www.masothue.com/0304843731-cong-ty-tnhh-mot-thanh-vien-thuong-mai-san-xuat-bao-toan,https://www.masothue.com/tra-cuu-ma-so-thue-theo-nganh-nghe/san-xuat-san-pham-khac-tu-cao-su-2212?page=2,2026-08-24T09:02:54Z
CÔNG TY TNHH SẢN XUẤT THƯƠNG MẠI THUẬN HƯNG,0304946180,2212,22,"Số 12, Khu phố 2, Đường HT25, Phường Hiệp Thành, Quận 12, Thành phố Hồ Chí Minh, Việt Nam",Hồ Chí Minh,,https://www.masothue.com/0304946180-cong-ty-tnhh-san-xuat-thuong-mai-thuan-hung,https://www.masothue.com/tra-cuu-ma-so-thue-theo-nganh-nghe/san-xuat-san-pham-khac-tu-cao-su-2212?page=3,2026-08-24T09:02:56Z
CÔNG TY TNHH SẢN XUẤT - PHÁT TRIỂN THƯƠNG MẠI VẠN PHÁT,0305067016,2212,22,"Đường Tam Tân, Khu D, KCN Tân Phú Trung, ấp Trạm Bơm, Tân Phú Trung, Huyện Củ Chi, Thành phố Hồ Chí Minh, Việt Nam",Hồ Chí Minh,,https://www.masothue.com/0305067016-cong-ty-tnhh-san-xuat-phat-trien-thuong-mai-van-phat,https://www.masothue.com/tra-cuu-ma-so-thue-theo-nganh-nghe/san-xuat-san-pham-khac-tu-cao-su-2212?page=2,2026-08-24T09:02:54Z
CHI NHÁNH CÔNG TY TNHH TRANG THIẾT BỊ Y KHOA NAM HÒA PHÁT,0305428505-002,2212,22,"Số 70 đường số 9, ấp Tân Tiến, Xã Tân Thông Hội, Huyện Củ Chi, Thành phố Hồ Chí Minh, Việt Nam",Hồ Chí Minh,,https://www.masothue.com/0305428505-002-chi-nhanh-cong-ty-tnhh-trang-thiet-bi-y-khoa-nam-hoa-phat,https://www.masothue.com/tra-cuu-ma-so-thue-theo-nganh-nghe/san-xuat-san-pham-khac-tu-cao-su-2212?page=5,2026-08-24T09:02:59Z
CÔNG TY TNHH  SẢN XUẤT THƯƠNG MẠI DỊCH VỤ ĐẠI TRƯỜNG THỊNH,0305824474,2212,22,"85/18 Trung Mỹ Tây 17, Khu phố 4, Phường Trung Mỹ Tây, Thành phố Hồ Chí Minh, Việt Nam",Hồ Chí Minh,,https://www.masothue.com/0305824474-cong-ty-tnhh-san-xuat-thuong-mai-dich-vu-dai-truong-thinh,https://www.masothue.com/tra-cuu-ma-so-thue-theo-nganh-nghe/san-xuat-san-pham-khac-tu-cao-su-2212,2026-08-24T09:02:53Z
CHI NHÁNH CÔNG TY TNHH LƯƠNG HẢI HƯNG,0306057613-003,2212,22,"159 Võ Văn Bích, Ấp 1, Xã Tân Thạnh Đông, Huyện Củ Chi, Thành phố Hồ Chí Minh, Việt Nam",Hồ Chí Minh,,https://www.masothue.com/0306057613-003-chi-nhanh-cong-ty-tnhh-luong-hai-hung,https://www.masothue.com/tra-cuu-ma-so-thue-theo-nganh-nghe/san-xuat-san-pham-khac-tu-cao-su-2212?page=4,2026-08-24T09:02:57Z
CÔNG TY TNHH CAO SU NHỰA VIỆT ÚC,0308783089,2212,22,"G16/108A Trần Đại Nghĩa, Ấp 7, Xã Lê Minh Xuân, Huyện Bình Chánh, Thành phố Hồ Chí Minh, Việt Nam",Hồ Chí Minh,,https://www.masothue.com/0308783089-cong-ty-tnhh-cao-su-nhua-viet-uc,https://www.masothue.com/tra-cuu-ma-so-thue-theo-nganh-nghe/san-xuat-san-pham-khac-tu-cao-su-2212,2026-08-24T09:02:53Z
CÔNG TY TNHH MỘT THÀNH VIÊN SẢN XUẤT THƯƠNG MẠI NAM LỢI HƯNG,0308899100,2212,22,"82, Bình Long, Phường Phú Thạnh, Quận Tân Phú, Thành phố Hồ Chí Minh, Việt Nam",Hồ Chí Minh,,https://www.masothue.com/0308899100-cong-ty-tnhh-mot-thanh-vien-san-xuat-thuong-mai-nam-loi-hung,https://www.masothue.com/tra-cuu-ma-so-thue-theo-nganh-nghe/san-xuat-san-pham-khac-tu-cao-su-2212?page=2,2026-08-24T09:02:54Z
CÔNG TY TNHH XUẤT NHẬP KHẨU THƯƠNG MẠI MINH PHƯỚC - CHI NHÁNH MINH PHƯỚC 1,0309115334-001,2212,22,"Tỉnh lộ 830, Xã Lương Bình, Huyện Bến Lức, Tỉnh Long An, Việt Nam",Long An,,https://www.masothue.com/0309115334-001-cong-ty-tnhh-xuat-nhap-khau-thuong-mai-minh-phuoc-chi-nhanh-minh-phuoc-1,https://www.masothue.com/tra-cuu-ma-so-thue-theo-nganh-nghe/san-xuat-san-pham-khac-tu-cao-su-2212?page=4,2026-08-24T09:02:57Z
CHI NHÁNH CÔNG TY TNHH NHỰA THÀNH ĐẠT - XƯỞNG SẢN XUẤT THÀNH CƠ,0309379961-001,2212,22,"360/17/25 Tân Hòa Đông, Khu phố 5, Phường Bình Trị Đông, Quận Bình Tân, Thành phố Hồ Chí Minh, Việt Nam",Hồ Chí Minh,,https://www.masothue.com/0309379961-001-chi-nhanh-cong-ty-tnhh-nhua-thanh-dat-xuong-san-xuat-thanh-co,https://www.masothue.com/tra-cuu-ma-so-thue-theo-nganh-nghe/san-xuat-san-pham-khac-tu-cao-su-2212,2026-08-24T09:02:53Z
CÔNG TY TNHH  THƯƠNG MẠI SẢN XUẤT TRÂU VÀNG,0309576543,2212,22,"1264/36A đường Lê Đức Thọ, Phường 13, Quận Gò Vấp, Thành phố Hồ Chí Minh, Việt Nam",Hồ Chí Minh,,https://www.masothue.com/0309576543-cong-ty-tnhh-thuong-mai-san-xuat-trau-vang,https://www.masothue.com/tra-cuu-ma-so-thue-theo-nganh-nghe/san-xuat-san-pham-khac-tu-cao-su-2212,2026-08-24T09:02:53Z
CHI NHÁNH 1 - CÔNG TY TNHH  THƯƠNG MẠI SẢN XUẤT TRÂU VÀNG,0309576543-001,2212,22,"55/2 Khu phố 6, Phường Thạnh Xuân, Quận 12, Thành phố Hồ Chí Minh, Việt Nam",Hồ Chí Minh,,https://www.masothue.com/0309576543-001-chi-nhanh-1-cong-ty-tnhh-thuong-mai-san-xuat-trau-vang,https://www.masothue.com/tra-cuu-ma-so-thue-theo-nganh-nghe/san-xuat-san-pham-khac-tu-cao-su-2212?page=5,2026-08-24T09:02:59Z
CÔNG TY TNHH ỐNG SI-LI-CON VIỆT NAM,0310007735,2212,22,"Đơn vị A, Tầng 2, Tòa nhà xưởng tiêu chuẩn, Lô N.04b-10, đường số 14, Khu Chế Xuất Tân Thuận, Phường Tân Thuận Đông, Quận 7, Thành phố Hồ Chí Minh, Việt Nam",Hồ Chí Minh,,https://www.masothue.com/0310007735-cong-ty-tnhh-ong-si-li-con-viet-nam,https://www.masothue.com/tra-cuu-ma-so-thue-theo-nganh-nghe/san-xuat-san-pham-khac-tu-cao-su-2212?page=3,2026-08-24T09:02:56Z
CÔNG TY TNHH ĐẦU TƯ SẢN XUẤT THƯƠNG MẠI PHÚ ĐẠT,0310208921,2212,22,"155 Thống Nhất, Phường Tân Thành, Quận Tân Phú, Thành phố Hồ Chí Minh, Việt Nam",Hồ Chí Minh,,https://www.masothue.com/0310208921-cong-ty-tnhh-dau-tu-san-xuat-thuong-mai-phu-dat,https://www.masothue.com/tra-cuu-ma-so-thue-theo-nganh-nghe/san-xuat-san-pham-khac-tu-cao-su-2212?page=3,2026-08-24T09:02:56Z
CÔNG TY TNHH THƯƠNG MẠI SẢN XUẤT BĂNG TẢI TRUNG THÀNH PHÁT,0310259394,2212,22,"28/13 ấp Trung Đông, Xã Thới Tam Thôn, Huyện Hóc Môn, Thành phố Hồ Chí Minh, Việt Nam",Hồ Chí Minh,,https://www.masothue.com/0310259394-cong-ty-tnhh-thuong-mai-san-xuat-bang-tai-trung-thanh-phat,https://www.masothue.com/tra-cuu-ma-so-thue-theo-nganh-nghe/san-xuat-san-pham-khac-tu-cao-su-2212,2026-08-24T09:02:53Z
CÔNG TY TNHH MỘT THÀNH VIÊN KỸ THUẬT THƯƠNG MẠI BÌNH TÍN,0310430179,2212,22,"11/5 Đường 28, Phường 6, Quận Gò Vấp, Thành phố Hồ Chí Minh, Việt Nam",Hồ Chí Minh,,https://www.masothue.com/0310430179-cong-ty-tnhh-mot-thanh-vien-ky-thuat-thuong-mai-binh-tin,https://www.masothue.com/tra-cuu-ma-so-thue-theo-nganh-nghe/san-xuat-san-pham-khac-tu-cao-su-2212,2026-08-24T09:02:53Z
CÔNG TY TNHH SẢN XUẤT TUẤN HỮU,0310456339,2212,22,"4A70/1 đường Thanh Niên, ấp 4, Xã Phạm Văn Hai, Huyện Bình Chánh, Thành phố Hồ Chí Minh, Việt Nam",Hồ Chí Minh,,https://www.masothue.com/0310456339-cong-ty-tnhh-san-xuat-tuan-huu,https://www.masothue.com/tra-cuu-ma-so-thue-theo-nganh-nghe/san-xuat-san-pham-khac-tu-cao-su-2212?page=5,2026-08-24T09:02:59Z
CÔNG TY TNHH DỊCH VỤ THƯƠNG MẠI KHUÊ TRUNG,0310492048,2212,22,"173/1A Đường T15, Khu phố 4, Tổ 14, Phường An Phú Đông, Quận 12, Thành phố Hồ Chí Minh, Việt Nam",Hồ Chí Minh,,https://www.masothue.com/0310492048-cong-ty-tnhh-dich-vu-thuong-mai-khue-trung,https://www.masothue.com/tra-cuu-ma-so-thue-theo-nganh-nghe/san-xuat-san-pham-khac-tu-cao-su-2212?page=2,2026-08-24T09:02:54Z
CÔNG TY TNHH THƯƠNG MẠI DỊCH VỤ TỔNG HỢP THIÊN QUỐC VINH,0310522574,2212,22,"96/22 Nguyễn Kim, Phường 06, Quận 10, Thành phố Hồ Chí Minh, Việt Nam",Hồ Chí Minh,,https://www.masothue.com/0310522574-cong-ty-tnhh-thuong-mai-dich-vu-tong-hop-thien-quoc-vinh,https://www.masothue.com/tra-cuu-ma-so-thue-theo-nganh-nghe/san-xuat-san-pham-khac-tu-cao-su-2212?page=2,2026-08-24T09:02:54Z
CÔNG TY TRÁCH NHIỆM HỮU HẠN CAO SU KỸ THUẬT BẢO TOÀN,0310795758,2212,22,"70/8/10 Đô Đốc Long, Phường Tân Quý, Quận Tân Phú, Thành phố Hồ Chí Minh, Việt Nam",Hồ Chí Minh,,https://www.masothue.com/0310795758-cong-ty-trach-nhiem-huu-han-cao-su-ky-thuat-bao-toan,https://www.masothue.com/tra-cuu-ma-so-thue-theo-nganh-nghe/san-xuat-san-pham-khac-tu-cao-su-2212?page=2,2026-08-24T09:02:54Z
CÔNG TY TNHH ĐẦU TƯ PHÁT TRIỂN CASUVI,0310823194,2212,22,"44/2A Lê Thị Kim, Xã Xuân Thới Sơn, Huyện Hóc Môn, Thành phố Hồ Chí Minh, Việt Nam",Hồ Chí Minh,,https://www.masothue.com/0310823194-cong-ty-tnhh-dau-tu-phat-trien-casuvi,https://www.masothue.com/tra-cuu-ma-so-thue-theo-nganh-nghe/san-xuat-san-pham-khac-tu-cao-su-2212?page=2,2026-08-24T09:02:54Z
CÔNG TY TNHH MỘT THÀNH VIÊN SẢN XUẤT THƯƠNG MẠI DỊCH VỤ VẬT LIỆU NHIỆT ĐỚI,0310869287,2212,22,"3/34 Nguyễn Thái Sơn, Phường 3, Quận Gò Vấp, Thành phố Hồ Chí Minh, Việt Nam",Hồ Chí Minh,,https://www.masothue.com/0310869287-cong-ty-tnhh-mot-thanh-vien-san-xuat-thuong-mai-dich-vu-vat-lieu-nhiet-doi,https://www.masothue.com/tra-cuu-ma-so-thue-theo-nganh-nghe/san-xuat-san-pham-khac-tu-cao-su-2212?page=3,2026-08-24T09:02:56Z
CÔNG TY TNHH SẢN XUẤT THƯƠNG MẠI DỊCH VỤ CAO SU THANH TÂM,0310902657,2212,22,"1107/160 Phạm Thế Hiển, Phường 5, Quận 8, Thành phố Hồ Chí Minh, Việt Nam",Hồ Chí Minh,,https://www.masothue.com/0310902657-cong-ty-tnhh-san-xuat-thuong-mai-dich-vu-cao-su-thanh-tam,https://www.masothue.com/tra-cuu-ma-so-thue-theo-nganh-nghe/san-xuat-san-pham-khac-tu-cao-su-2212,2026-08-24T09:02:53Z
CHI NHÁNH 1 - CÔNG TY TNHH SẢN XUẤT THƯƠNG MẠI DỊCH VỤ CAO SU THANH TÂM - XƯỞNG CƠ KHÍ CÔNG TÂM,0310902657-001,2212,22,"Số 329 An Dương Vương, Phường An Lạc, Quận Bình Tân, Thành phố Hồ Chí Minh, Việt Nam",Hồ Chí Minh,,https://www.masothue.com/0310902657-001-chi-nhanh-1-cong-ty-tnhh-san-xuat-thuong-mai-dich-vu-cao-su-thanh-tam-xuong-co-khi-cong-tam,https://www.masothue.com/tra-cuu-ma-so-thue-theo-nganh-nghe/san-xuat-san-pham-khac-tu-cao-su-2212?page=5,2026-08-24T09:02:59Z
CÔNG TY TNHH THƯƠNG MẠI DỊCH VỤ SẢN XUẤT CAO SU SƠN NAM,0310950435,2212,22,"2366/1B Đường số 9, Khu phố 1, Phường An Phú Đông, Quận 12, Thành phố Hồ Chí Minh, Việt Nam",Hồ Chí Minh,,https://www.masothue.com/0310950435-cong-ty-tnhh-thuong-mai-dich-vu-san-xuat-cao-su-son-nam,https://www.masothue.com/tra-cuu-ma-so-thue-theo-nganh-nghe/san-xuat-san-pham-khac-tu-cao-su-2212?page=3,2026-08-24T09:02:56Z
CÔNG TY TNHH CAO SU NHỰA KỸ THUẬT HỮU PHƯƠNG,0310977726,2212,22,"433B Nơ Trang Long, Phường 13, Quận Bình Thạnh, Thành phố Hồ Chí Minh, Việt Nam",Hồ Chí Minh,,https://www.masothue.com/0310977726-cong-ty-tnhh-cao-su-nhua-ky-thuat-huu-phuong,https://www.masothue.com/tra-cuu-ma-so-thue-theo-nganh-nghe/san-xuat-san-pham-khac-tu-cao-su-2212?page=5,2026-08-24T09:02:59Z
CHI NHÁNH CÔNG TY TNHH CAO SU NHỰA KỸ THUẬT HỮU PHƯƠNG,0310977726-001,2212,22,"238 Đường TL 19, Khu phố 3C, Phường Thạnh Lộc, Quận 12, Thành phố Hồ Chí Minh, Việt Nam",Hồ Chí Minh,,https://www.masothue.com/0310977726-001-chi-nhanh-cong-ty-tnhh-cao-su-nhua-ky-thuat-huu-phuong,https://www.masothue.com/tra-cuu-ma-so-thue-theo-nganh-nghe/san-xuat-san-pham-khac-tu-cao-su-2212,2026-08-24T09:02:53Z
CÔNG TY CỔ PHẦN CAO SU KỸ THUẬT PHÚ THỌ,0311093261,2212,22,"891/36 Hương lộ 2, Khu phố 10, Phường Bình Trị Đông A, Quận Bình Tân, Thành phố Hồ Chí Minh, Việt Nam",Hồ Chí Minh,,https://www.masothue.com/0311093261-cong-ty-co-phan-cao-su-ky-thuat-phu-tho,https://www.masothue.com/tra-cuu-ma-so-thue-theo-nganh-nghe/san-xuat-san-pham-khac-tu-cao-su-2212?page=2,2026-08-24T09:02:54Z
CÔNG TY TNHH XÂY DỰNG DỊCH VỤ THƯƠNG MẠI VƯƠNG NINH,0311173005,2212,22,"260/2 Phan Văn Hớn, Phường Tân Thới Nhất, Quận 12, Thành phố Hồ Chí Minh, Việt Nam",Hồ Chí Minh,,https://www.masothue.com/0311173005-cong-ty-tnhh-xay-dung-dich-vu-thuong-mai-vuong-ninh,https://www.masothue.com/tra-cuu-ma-so-thue-theo-nganh-nghe/san-xuat-san-pham-khac-tu-cao-su-2212,2026-08-24T09:02:53Z
CHI NHÁNH CÔNG TY TNHH MỘT THÀNH VIÊN THƯƠNG MẠI DỊCH VỤ XÂY DỰNG HOÀN DÂN,0311426993-001,2212,22,"385 Lạc Long Quân , Phường 5, Quận 11, Thành phố Hồ Chí Minh, Việt Nam",Hồ Chí Minh,,https://www.masothue.com/0311426993-001-chi-nhanh-cong-ty-tnhh-mot-thanh-vien-thuong-mai-dich-vu-xay-dung-hoan-dan,https://www.masothue.com/tra-cuu-ma-so-thue-theo-nganh-nghe/san-xuat-san-pham-khac-tu-cao-su-2212,2026-08-24T09:02:53Z
CÔNG TY TNHH THƯƠNG MẠI DỊCH VỤ XÂY DỰNG KHA HUỲNH,0311434144,2212,22,"102/29 Phan Huy Ích, Phường 15, Quận Tân Bình, Thành phố Hồ Chí Minh, Việt Nam",Hồ Chí Minh,,https://www.masothue.com/0311434144-cong-ty-tnhh-thuong-mai-dich-vu-xay-dung-kha-huynh,https://www.masothue.com/tra-cuu-ma-so-thue-theo-nganh-nghe/san-xuat-san-pham-khac-tu-cao-su-2212?page=2,2026-08-24T09:02:54Z
CÔNG TY TNHH MỘT THÀNH VIÊN SẢN XUẤT THƯƠNG MẠI NHỰA THUẬN HƯNG,0311467421,2212,22,"482 Tô Ký, Phường Tân Chánh Hiệp, Quận 12, Thành phố Hồ Chí Minh, Việt Nam",Hồ Chí Minh,,https://www.masothue.com/0311467421-cong-ty-tnhh-mot-thanh-vien-san-xuat-thuong-mai-nhua-thuan-hung,https://www.masothue.com/tra-cuu-ma-so-thue-theo-nganh-nghe/san-xuat-san-pham-khac-tu-cao-su-2212?page=3,2026-08-24T09:02:56Z
CHI NHÁNH - CÔNG TY TNHH CAO SU KỸ THUẬT HOÀNG ANH,0311715635-001,2212,22,"A2/4L1 Hương Lộ 80, Ấp 1, Xã Vĩnh Lộc A, Huyện Bình Chánh, Thành phố Hồ Chí Minh, Việt Nam",Hồ Chí Minh,,https://www.masothue.com/0311715635-001-chi-nhanh-cong-ty-tnhh-cao-su-ky-thuat-hoang-anh,https://www.masothue.com/tra-cuu-ma-so-thue-theo-nganh-nghe/san-xuat-san-pham-khac-tu-cao-su-2212?page=4,2026-08-24T09:02:57Z
CHI NHÁNH CÔNG TY TNHH THƯƠNG MẠI SẢN XUẤT CAO SU NHỰA HOÀNG NAM PHÁT,0311808551-001,2212,22,"B3/41J Đường Liên Ấp 2-6, Ấp 2, Xã Vĩnh Lộc A, Huyện Bình Chánh, Thành phố Hồ Chí Minh, Việt Nam",Hồ Chí Minh,,https://www.masothue.com/0311808551-001-chi-nhanh-cong-ty-tnhh-thuong-mai-san-xuat-cao-su-nhua-hoang-nam-phat,https://www.masothue.com/tra-cuu-ma-so-thue-theo-nganh-nghe/san-xuat-san-pham-khac-tu-cao-su-2212?page=4,2026-08-24T09:02:57Z
CÔNG TY TNHH PHÁT TRIỂN CAO SU MIỀN NAM,0311863182,2212,22,"33/10/8 đường 475, Phường Phước Long B, Quận 9, Thành phố Hồ Chí Minh, Việt Nam",Hồ Chí Minh,,https://www.masothue.com/0311863182-cong-ty-tnhh-phat-trien-cao-su-mien-nam,https://www.masothue.com/tra-cuu-ma-so-thue-theo-nganh-nghe/san-xuat-san-pham-khac-tu-cao-su-2212?page=5,2026-08-24T09:02:59Z
CHI NHÁNH CÔNG TY TNHH SẢN XUẤT THƯƠNG MẠI DỊCH VỤ RPS,0311940415-002,2212,22,"816/64/35 Quốc Lộ 1A, Khu phố 5, Phường Thạnh Xuân, Quận 12, Thành phố Hồ Chí Minh, Việt Nam",Hồ Chí Minh,,https://www.masothue.com/0311940415-002-chi-nhanh-cong-ty-tnhh-san-xuat-thuong-mai-dich-vu-rps,https://www.masothue.com/tra-cuu-ma-so-thue-theo-nganh-nghe/san-xuat-san-pham-khac-tu-cao-su-2212?page=4,2026-08-24T09:02:57Z
CÔNG TY TNHH MỘT THÀNH VIÊN SẢN XUẤT NỆM NGỌC HÂN,0311997725,2212,22,"81/1/2 Đường Thạnh Lộc 18, Tổ 21, Khu phố 3C, Phường Thạnh Lộc, Quận 12, Thành phố Hồ Chí Minh, Việt Nam",Hồ Chí Minh,,https://www.masothue.com/0311997725-cong-ty-tnhh-mot-thanh-vien-san-xuat-nem-ngoc-han,https://www.masothue.com/tra-cuu-ma-so-thue-theo-nganh-nghe/san-xuat-san-pham-khac-tu-cao-su-2212?page=4,2026-08-24T09:02:57Z
CÔNG TY TNHH CAO SU CÔNG NGHIỆP VIỄN DƯƠNG,0312314611,2212,22,"A1B/39 Đường 1-2, Ấp 1B, Xã Vĩnh Lộc B, Huyện Bình Chánh, Thành phố Hồ Chí Minh, Việt Nam",Hồ Chí Minh,,https://www.masothue.com/0312314611-cong-ty-tnhh-cao-su-cong-nghiep-vien-duong,https://www.masothue.com/tra-cuu-ma-so-thue-theo-nganh-nghe/san-xuat-san-pham-khac-tu-cao-su-2212?page=5,2026-08-24T09:02:59Z
CHI NHÁNH CÔNG TY CỔ PHẦN ĐẦU TƯ CAO SU VIỆT NAM,0312835967-001,2212,22,"Lầu 5, Tòa Nhà Paxsky, Số 34A Phạm Ngọc Thạch, Phường 06, Quận 3, Thành phố Hồ Chí Minh, Việt Nam",Hồ Chí Minh,,https://www.masothue.com/0312835967-001-chi-nhanh-cong-ty-co-phan-dau-tu-cao-su-viet-nam,https://www.masothue.com/tra-cuu-ma-so-thue-theo-nganh-nghe/san-xuat-san-pham-khac-tu-cao-su-2212?page=5,2026-08-24T09:02:59Z
CHI NHÁNH CÔNG TY TNHH SẢN XUẤT XUẤT NHẬP KHẨU CAO SU BỬU HƯNG - XƯỞNG SẢN XUẤT,0312861702-001,2212,22,"3/388 Ấp Nhị Tân 1, Xã Tân Thới Nhì, Huyện Hóc Môn, Thành phố Hồ Chí Minh, Việt Nam",Hồ Chí Minh,,https://www.masothue.com/0312861702-001-chi-nhanh-cong-ty-tnhh-san-xuat-xuat-nhap-khau-cao-su-buu-hung-xuong-san-xuat,https://www.masothue.com/tra-cuu-ma-so-thue-theo-nganh-nghe/san-xuat-san-pham-khac-tu-cao-su-2212?page=4,2026-08-24T09:02:57Z
CHI NHÁNH CÔNG TY TNHH PLP,0313555881-001,2212,22,"Thửa đất số 887, tờ bản đồ số 21, đường Tân Hiệp 4, khu phố Tân Bình, Phường Tân Hiệp, Thị xã Tân Uyên, Tỉnh Bình Dương, Việt Nam",Bình Dương,,https://www.masothue.com/0313555881-001-chi-nhanh-cong-ty-tnhh-plp,https://www.masothue.com/tra-cuu-ma-so-thue-theo-nganh-nghe/san-xuat-san-pham-khac-tu-cao-su-2212?page=4,2026-08-24T09:02:57Z
CÔNG TY TNHH YU YING FENG VIỆT NAM,0313658982,2212,22,"Lô 8 đường D, KCN Tân Tạo, Phường Tân Tạo A, Quận Bình Tân, Thành phố Hồ Chí Minh, Việt Nam",Hồ Chí Minh,,https://www.masothue.com/0313658982-cong-ty-tnhh-yu-ying-feng-viet-nam,https://www.masothue.com/tra-cuu-ma-so-thue-theo-nganh-nghe/san-xuat-san-pham-khac-tu-cao-su-2212?page=5,2026-08-24T09:02:59Z
CÔNG TY TNHH SẢN XUẤT VÀ THƯƠNG MẠI LÝ QUỐC QUYỀN,0313792106,2212,22,"399 Hồ Học Lãm, Phường An Lạc, Quận Bình Tân, Thành phố Hồ Chí Minh, Việt Nam",Hồ Chí Minh,,https://www.masothue.com/0313792106-cong-ty-tnhh-san-xuat-va-thuong-mai-ly-quoc-quyen,https://www.masothue.com/tra-cuu-ma-so-thue-theo-nganh-nghe/san-xuat-san-pham-khac-tu-cao-su-2212?page=4,2026-08-24T09:02:57Z
CHI NHÁNH CÔNG TY TNHH MỘT THÀNH VIÊN TÂN HÙNG PHƯỢNG SÀI GÒN,0314015134-001,2212,22,"D18/52 ấp 4, Xã Hưng Long, Huyện Bình Chánh, Thành phố Hồ Chí Minh, Việt Nam",Hồ Chí Minh,,https://www.masothue.com/0314015134-001-chi-nhanh-cong-ty-tnhh-mot-thanh-vien-tan-hung-phuong-sai-gon,https://www.masothue.com/tra-cuu-ma-so-thue-theo-nganh-nghe/san-xuat-san-pham-khac-tu-cao-su-2212?page=4,2026-08-24T09:02:57Z
CÔNG TY TNHH SẢN XUẤT THƯƠNG MẠI DỊCH VỤ HOÀNG TÙNG NGUYỄN GIA,0314069926,2212,22,"471/9/1 Phạm Văn Bạch, Phường 15, Quận Tân Bình, Thành phố Hồ Chí Minh, Việt Nam",Hồ Chí Minh,,https://www.masothue.com/0314069926-cong-ty-tnhh-san-xuat-thuong-mai-dich-vu-hoang-tung-nguyen-gia,https://www.masothue.com/tra-cuu-ma-so-thue-theo-nganh-nghe/san-xuat-san-pham-khac-tu-cao-su-2212?page=4,2026-08-24T09:02:57Z
CHI NHÁNH CÔNG TY TNHH SẢN XUẤT THƯƠNG MẠI HKT GOMU - XƯỞNG SẢN XUẤT,0314081017-001,2212,22,"905 Quốc lộ 22, Ấp Phước An, Xã Phước Thạnh, Huyện Củ Chi, Thành phố Hồ Chí Minh, Việt Nam",Hồ Chí Minh,,https://www.masothue.com/0314081017-001-chi-nhanh-cong-ty-tnhh-san-xuat-thuong-mai-hkt-gomu-xuong-san-xuat,https://www.masothue.com/tra-cuu-ma-so-thue-theo-nganh-nghe/san-xuat-san-pham-khac-tu-cao-su-2212?page=4,2026-08-24T09:02:57Z
CÔNG TY TNHH SẢN XUẤT - THƯƠNG MẠI VẠN THÀNH,0400475960,2212,22,"131 Nguyễn Văn Linh, Phường Phước Ninh, Quận Hải Châu, Thành phố Đà Nẵng, Việt Nam",Đà Nẵng,,https://www.masothue.com/0400475960-cong-ty-tnhh-san-xuat-thuong-mai-van-thanh,https://www.masothue.com/tra-cuu-ma-so-thue-theo-nganh-nghe/san-xuat-san-pham-khac-tu-cao-su-2212?page=5,2026-08-24T09:02:59Z
CHI NHÁNH CÔNG TY TNHH SẢN XUẤT-THƯƠNG MẠI VẠN THÀNH QUẢNG NGÃI,0400475960-001,2212,22,"Số: 165-Lê Trung Đình, Phường Trần Hưng Đạo, Thành phố Quảng Ngãi, Tỉnh Quảng Ngãi, Việt Nam",Quảng Ngãi,,https://www.masothue.com/0400475960-001-chi-nhanh-cong-ty-tnhh-san-xuat-thuong-mai-van-thanh-quang-ngai,https://www.masothue.com/tra-cuu-ma-so-thue-theo-nganh-nghe/san-xuat-san-pham-khac-tu-cao-su-2212?page=5,2026-08-24T09:02:59Z
CÔNG TY TNHH  HÀ TÍN,0600438243,2212,22,"Số 1/195 Tân An, Xã Lộc Hoà, Thành phố Nam Định, Tỉnh Nam Định, Việt Nam",Nam Định,,https://www.masothue.com/0600438243-cong-ty-tnhh-ha-tin,https://www.masothue.com/tra-cuu-ma-so-thue-theo-nganh-nghe/san-xuat-san-pham-khac-tu-cao-su-2212?page=3,2026-08-24T09:02:56Z
CÔNG TY TNHH MỘT THÀNH VIÊN THƯƠNG MẠI CƯỜNG AN,0600898473,2212,22,"Thôn Văn Tiên, Xã Yên Tiến, Huyện Ý Yên, Tỉnh Nam Định, Việt Nam",Nam Định,,https://www.masothue.com/0600898473-cong-ty-tnhh-mot-thanh-vien-thuong-mai-cuong-an,https://www.masothue.com/tra-cuu-ma-so-thue-theo-nganh-nghe/san-xuat-san-pham-khac-tu-cao-su-2212?page=3,2026-08-24T09:02:56Z
CÔNG TY TNHH SẢN XUẤT THƯƠNG MẠI VẠN THÀNH HƯNG YÊN,0900226909,2212,22,"Thôn Yên Phú, Xã Nguyễn Văn Linh, Huyện Yên Mỹ, Tỉnh Hưng Yên, Việt Nam",Hưng Yên,,https://www.masothue.com/0900226909-cong-ty-tnhh-san-xuat-thuong-mai-van-thanh-hung-yen,https://www.masothue.com/tra-cuu-ma-so-thue-theo-nganh-nghe/san-xuat-san-pham-khac-tu-cao-su-2212,2026-08-24T09:02:53Z
CHI NHÁNH CÔNG TY TNHH SẢN XUẤT BANDO (VIỆT NAM) TẠI TPHCM,0900763935-001,2212,22,"Tầng 5, tòa nhà Sunshine, số 74C, đường Nguyễn Văn Cừ, Phường Cầu Ông Lãnh, Thành phố Hồ Chí Minh, Việt Nam",Hồ Chí Minh,,https://www.masothue.com/0900763935-001-chi-nhanh-cong-ty-tnhh-san-xuat-bando-viet-nam-tai-tphcm,https://www.masothue.com/tra-cuu-ma-so-thue-theo-nganh-nghe/san-xuat-san-pham-khac-tu-cao-su-2212?page=4,2026-08-24T09:02:57Z
DOANH NGHIỆP TN DOANH NGHIỆP TƯ NHÂN ĐẠI THÀNH PHÁT,1100600355,2212,22,"Khu phố 9, Nguyễn Trung Trực, Xã Bến Lức, Tỉnh Tây Ninh, Việt Nam",Tây Ninh,,https://www.masothue.com/1100600355-doanh-nghiep-tn-doanh-nghiep-tu-nhan-dai-thanh-phat,https://www.masothue.com/tra-cuu-ma-so-thue-theo-nganh-nghe/san-xuat-san-pham-khac-tu-cao-su-2212?page=2,2026-08-24T09:02:54Z
CÔNG TY TRÁCH NHIỆM HỮU HẠN SẢN XUẤT-THƯƠNG MẠI TÂN TOÀN HƯNG,1100816114,2212,22,"457, ấp 4, Xã Đức Hòa Đông, Huyện Đức Hoà, Tỉnh Long An, Việt Nam",Long An,,https://www.masothue.com/1100816114-cong-ty-trach-nhiem-huu-han-san-xuat-thuong-mai-tan-toan-hung,https://www.masothue.com/tra-cuu-ma-so-thue-theo-nganh-nghe/san-xuat-san-pham-khac-tu-cao-su-2212?page=3,2026-08-24T09:02:56Z
CÔNG TY TNHH CAO SU CÔNG NGHỆ CAO KIM CHUN,1101424783,2212,22,"Khu A, Đường số 1, Cụm công nghiệp Quốc Quang Long An, Ấp 5 A, Xã Lương Bình, Huyện Bến Lức, Tỉnh Long An, Việt Nam",Long An,,https://www.masothue.com/1101424783-cong-ty-tnhh-cao-su-cong-nghe-cao-kim-chun,https://www.masothue.com/tra-cuu-ma-so-thue-theo-nganh-nghe/san-xuat-san-pham-khac-tu-cao-su-2212?page=3,2026-08-24T09:02:56Z
CÔNG TY TNHH SX TM XD ĐẠI ĐỒNG PHÁT,1101521579,2212,22,"222A, Ấp 9, Xã Lương Hòa, Huyện Bến Lức, Tỉnh Long An, Việt Nam",Long An,,https://www.masothue.com/1101521579-cong-ty-tnhh-sx-tm-xd-dai-dong-phat,https://www.masothue.com/tra-cuu-ma-so-thue-theo-nganh-nghe/san-xuat-san-pham-khac-tu-cao-su-2212,2026-08-24T09:02:53Z
CÔNG TY TNHH MỘT THÀNH VIÊN TM SX XNK H T H,1101539946,2212,22,"Ấp 5, Xã Mỹ Yên, Huyện Bến Lức, Tỉnh Long An, Việt Nam",Long An,,https://www.masothue.com/1101539946-cong-ty-tnhh-mot-thanh-vien-tm-sx-xnk-h-t-h,https://www.masothue.com/tra-cuu-ma-so-thue-theo-nganh-nghe/san-xuat-san-pham-khac-tu-cao-su-2212,2026-08-24T09:02:53Z
CÔNG TY TNHH CAO SU NHỰA HOÀNG KHẢI MINH,1101835254,2212,22,"Lô LB2-04, Đường số 7, KCN Xuyên Á, Xã Mỹ Hạnh Bắc, Huyện Đức Hoà, Tỉnh Long An, Việt Nam",Long An,,https://www.masothue.com/1101835254-cong-ty-tnhh-cao-su-nhua-hoang-khai-minh,https://www.masothue.com/tra-cuu-ma-so-thue-theo-nganh-nghe/san-xuat-san-pham-khac-tu-cao-su-2212?page=4,2026-08-24T09:02:57Z
DOANH NGHIỆP TƯ NHÂN TÂN TẠO,1400458967,2212,22,"Số 18, Quốc lộ 80, Ấp Thạnh Phú, Xã Tân Bình, Huyện Châu Thành, Tỉnh Đồng Tháp, Việt Nam",Đồng Tháp,,https://www.masothue.com/1400458967-doanh-nghiep-tu-nhan-tan-tao,https://www.masothue.com/tra-cuu-ma-so-thue-theo-nganh-nghe/san-xuat-san-pham-khac-tu-cao-su-2212?page=3,2026-08-24T09:02:56Z
CHI NHÁNH CÔNG TY TNHH THANH NGÂN,1600807319-001,2212,22,"Số 17, Khóm Mỹ Thọ, Phường Mỹ Quý, Thành phố Long Xuyên, Tỉnh An Giang, Việt Nam",An Giang,,https://www.masothue.com/1600807319-001-chi-nhanh-cong-ty-tnhh-thanh-ngan,https://www.masothue.com/tra-cuu-ma-so-thue-theo-nganh-nghe/san-xuat-san-pham-khac-tu-cao-su-2212?page=4,2026-08-24T09:02:57Z
CÔNG TY TNHH CAO SU KỸ THUẬT MINH TUỆ,1800397236,2212,22,"116, Nguyễn Văn Cừ, khu vực 4, Phường An Bình, Quận Ninh Kiều, Thành phố Cần Thơ, Việt Nam",Cần Thơ,,https://www.masothue.com/1800397236-cong-ty-tnhh-cao-su-ky-thuat-minh-tue,https://www.masothue.com/tra-cuu-ma-so-thue-theo-nganh-nghe/san-xuat-san-pham-khac-tu-cao-su-2212?page=3,2026-08-24T09:02:56Z
CHI NHÁNH CÔNG TY TNHH NAMYANG INNOTECH VINA,2300787367-001,2212,22,"Nhà xưởng số 8 & 10 đường Tiên Phong số 10, Khu công nghiệp Mapletree Bình Dương, Phường Hoà Phú, Thành phố Thủ Dầu Một, Tỉnh Bình Dương, Việt Nam",Bình Dương,,https://www.masothue.com/2300787367-001-chi-nhanh-cong-ty-tnhh-namyang-innotech-vina,https://www.masothue.com/tra-cuu-ma-so-thue-theo-nganh-nghe/san-xuat-san-pham-khac-tu-cao-su-2212?page=4,2026-08-24T09:02:57Z
CÔNG TY CỔ PHẦN THƯƠNG MẠI GOMU HƯNG NAM THỊNH,2801811194,2212,22,"Số 61 Lê Chân, Phường Đông Thọ, Thành phố Thanh Hoá, Tỉnh Thanh Hóa, Việt Nam",Thanh Hóa,,https://www.masothue.com/2801811194-cong-ty-co-phan-thuong-mai-gomu-hung-nam-thinh,https://www.masothue.com/tra-cuu-ma-so-thue-theo-nganh-nghe/san-xuat-san-pham-khac-tu-cao-su-2212?page=3,2026-08-24T09:02:56Z
CÔNG TY CỔ PHẦN KHUÔN NGỌC PHÁT,2802299557,2212,22,"Đội 1, Tiền thôn, Xã Hoằng Tiến, Huyện Hoằng Hoá, Tỉnh Thanh Hóa, Việt Nam",Thanh Hóa,,https://www.masothue.com/2802299557-cong-ty-co-phan-khuon-ngoc-phat,https://www.masothue.com/tra-cuu-ma-so-thue-theo-nganh-nghe/san-xuat-san-pham-khac-tu-cao-su-2212?page=5,2026-08-24T09:02:59Z
CÔNG TY TNHH HOA VIỆT,3300596036,2212,22,"34 Ngô Gia Tự, Phường Thuận Hóa, Thành phố Huế, Việt Nam",Huế,,https://www.masothue.com/3300596036-cong-ty-tnhh-hoa-viet,https://www.masothue.com/tra-cuu-ma-so-thue-theo-nganh-nghe/san-xuat-san-pham-khac-tu-cao-su-2212,2026-08-24T09:02:53Z
CÔNG TY TNHH MỘT THÀNH VIÊN QUANG QUÂN,3301001203,2212,22,"Cụm công nghiệp Tứ Hạ, Phường Tứ Hạ, Thị xã Hương Trà, Thành phố Huế, Việt Nam",Huế,,https://www.masothue.com/3301001203-cong-ty-tnhh-mot-thanh-vien-quang-quan,https://www.masothue.com/tra-cuu-ma-so-thue-theo-nganh-nghe/san-xuat-san-pham-khac-tu-cao-su-2212?page=3,2026-08-24T09:02:56Z
DOANH NGHIỆP TƯ NHÂN DỊCH VỤ KHẮC DẤU TIẾN PHÁT,3301373000,2212,22,"20/15B Nguyễn Cửu Vân, TDP Xuân Hòa, Phường Vỹ Dạ, Thành phố Huế, Việt Nam",Huế,,https://www.masothue.com/3301373000-doanh-nghiep-tu-nhan-dich-vu-khac-dau-tien-phat,https://www.masothue.com/tra-cuu-ma-so-thue-theo-nganh-nghe/san-xuat-san-pham-khac-tu-cao-su-2212?page=3,2026-08-24T09:02:56Z
CÔNG TY TNHH CAO SU SIÊU VIỆT,3700231368,2212,22,"Số 16, đường số 6, khu công nghiệp Sóng Thần 1, Phường Dĩ An, Thành phố Hồ Chí Minh, Việt Nam",Hồ Chí Minh,,https://www.masothue.com/3700231368-cong-ty-tnhh-cao-su-sieu-viet,https://www.masothue.com/tra-cuu-ma-so-thue-theo-nganh-nghe/san-xuat-san-pham-khac-tu-cao-su-2212?page=3,2026-08-24T09:02:56Z
CÔNG TY TNHH QUỐC TẾ NHỰA VIỆT HOA,3700347309,2212,22,"Lô D2, khu công nghiệp Việt Hương, Phường Thuận Giao, Thành phố Thuận An, Tỉnh Bình Dương, Việt Nam",Bình Dương,,https://www.masothue.com/3700347309-cong-ty-tnhh-quoc-te-nhua-viet-hoa,https://www.masothue.com/tra-cuu-ma-so-thue-theo-nganh-nghe/san-xuat-san-pham-khac-tu-cao-su-2212?page=3,2026-08-24T09:02:56Z
CÔNG TY TNHH SHOWA GLOVES VIỆT NAM,3700522790,2212,22,"Số 23 Đại lộ Tự Do, khu công nghiệp Việt Nam -Singapore, Phường Bình Hòa, Thành phố Thuận An, Tỉnh Bình Dương, Việt Nam",Bình Dương,,https://www.masothue.com/3700522790-cong-ty-tnhh-showa-gloves-viet-nam,https://www.masothue.com/tra-cuu-ma-so-thue-theo-nganh-nghe/san-xuat-san-pham-khac-tu-cao-su-2212?page=3,2026-08-24T09:02:56Z
CÔNG TY CỔ PHẦN SOUTHLAND - ĐỖ NGUYỄN,3700571597,2212,22,"Thửa đất số 122, Tờ bản đồ số 43, Ấp Bà Phái, Xã Long Nguyên, Huyện Bàu Bàng, Tỉnh Bình Dương, Việt Nam",Bình Dương,,https://www.masothue.com/3700571597-cong-ty-co-phan-southland-do-nguyen,https://www.masothue.com/tra-cuu-ma-so-thue-theo-nganh-nghe/san-xuat-san-pham-khac-tu-cao-su-2212,2026-08-24T09:02:53Z
DOANH NGHIỆP TƯ NHÂN SẢN XUẤT THƯƠNG MẠI HÒA HỢP,3700650129,2212,22,"Số 170, Tổ 3, Đường Tô Vĩnh Diện, Khu phố Khánh Lộc, Phường Tân Phước Khánh, Thành phố Tân Uyên, Tỉnh Bình Dương, Việt Nam",Bình Dương,,https://www.masothue.com/3700650129-doanh-nghiep-tu-nhan-san-xuat-thuong-mai-hoa-hop,https://www.masothue.com/tra-cuu-ma-so-thue-theo-nganh-nghe/san-xuat-san-pham-khac-tu-cao-su-2212?page=2,2026-08-24T09:02:54Z
CÔNG TY TNHH VIỆT - Ý,3700720094,2212,22,"Thửa đất số 391, TBĐ số 16, Tổ 4, đường DH409, khu phố Ông Đông, Phường Tân Hiệp, Thành phố Tân Uyên, Tỉnh Bình Dương, Việt Nam",Bình Dương,,https://www.masothue.com/3700720094-cong-ty-tnhh-viet-y,https://www.masothue.com/tra-cuu-ma-so-thue-theo-nganh-nghe/san-xuat-san-pham-khac-tu-cao-su-2212?page=3,2026-08-24T09:02:56Z
CÔNG TY TNHH THÉP ZIPSON INDUSTRIAL,3700763877,2212,22,"Lô C2-9, C2-10, Khu công nghiệp Đại Đăng, Phường Phú Tân, Thành phố Thủ Dầu Một, Tỉnh Bình Dương, Việt Nam",Bình Dương,,https://www.masothue.com/3700763877-cong-ty-tnhh-thep-zipson-industrial,https://www.masothue.com/tra-cuu-ma-so-thue-theo-nganh-nghe/san-xuat-san-pham-khac-tu-cao-su-2212?page=3,2026-08-24T09:02:56Z
CÔNG TY TNHH HINH NGUYÊN,3700841684,2212,22,"Số 295/9B, Khu phố Chiêu Liêu, Phường Tân Đông Hiệp, Thành phố Dĩ An, Tỉnh Bình Dương, Việt Nam",Bình Dương,,https://www.masothue.com/3700841684-cong-ty-tnhh-hinh-nguyen,https://www.masothue.com/tra-cuu-ma-so-thue-theo-nganh-nghe/san-xuat-san-pham-khac-tu-cao-su-2212?page=3,2026-08-24T09:02:56Z
DOANH NGHIỆP TƯ NHÂN VĨNH THUẬN PHÁT,3701693654,2212,22,"Số A5/5, Khu Phố Bình Thuận 2 , Phường Thuận Giao, Thành phố Thuận An, Tỉnh Bình Dương, Việt Nam",Bình Dương,,https://www.masothue.com/3701693654-doanh-nghiep-tu-nhan-vinh-thuan-phat,https://www.masothue.com/tra-cuu-ma-so-thue-theo-nganh-nghe/san-xuat-san-pham-khac-tu-cao-su-2212?page=2,2026-08-24T09:02:54Z
CÔNG TY TNHH U-JIN VINA,3702110961,2212,22,"Lô A_3H_CN, khu công nghiệp Mỹ Phước 3, Phường Bến Cát, Thành phố Hồ Chí Minh, Việt Nam",Hồ Chí Minh,,https://www.masothue.com/3702110961-cong-ty-tnhh-u-jin-vina,https://www.masothue.com/tra-cuu-ma-so-thue-theo-nganh-nghe/san-xuat-san-pham-khac-tu-cao-su-2212?page=5,2026-08-24T09:02:59Z
"CÔNG TY TNHH MỘT THÀNH VIÊN THƯƠNG MẠI VÀ DỊCH VỤ QUẢNG CÁO, KHẮC DẤU HAI MƯƠI BỐN GIỜ",3702153002,2212,22,"311/5 Đường 30-4, khu phố 4, Phường Phú Thọ, Thành phố Thủ Dầu Một, Tỉnh Bình Dương, Việt Nam",Bình Dương,,https://www.masothue.com/3702153002-cong-ty-tnhh-mot-thanh-vien-thuong-mai-va-dich-vu-quang-cao-khac-dau-hai-muoi-bon-gio,https://www.masothue.com/tra-cuu-ma-so-thue-theo-nganh-nghe/san-xuat-san-pham-khac-tu-cao-su-2212?page=5,2026-08-24T09:02:59Z
CÔNG TY TNHH MỘT THÀNH VIÊN SẢN XUẤT SẢN PHẨM BƠM HƠI A.T.L.A.N.T.I.C,3702258816,2212,22,"Số C16, Đường D16, Lô OASIS, Khu dân cư Viet-Sing, Phường An Phú, Thành phố Thuận An, Tỉnh Bình Dương, Việt Nam",Bình Dương,,https://www.masothue.com/3702258816-cong-ty-tnhh-mot-thanh-vien-san-xuat-san-pham-bom-hoi-a-t-l-a-n-t-i-c,https://www.masothue.com/tra-cuu-ma-so-thue-theo-nganh-nghe/san-xuat-san-pham-khac-tu-cao-su-2212?page=5,2026-08-24T09:02:59Z
CÔNG TY TNHH THƯƠNG MẠI DỊCH VỤ TẤN HOÀNG THỊNH,3702417463,2212,22,"Số 29, Khu C, khu phố Thạnh Quý, Phường An Thạnh, Thành phố Thuận An, Tỉnh Bình Dương, Việt Nam",Bình Dương,,https://www.masothue.com/3702417463-cong-ty-tnhh-thuong-mai-dich-vu-tan-hoang-thinh,https://www.masothue.com/tra-cuu-ma-so-thue-theo-nganh-nghe/san-xuat-san-pham-khac-tu-cao-su-2212?page=4,2026-08-24T09:02:57Z
CÔNG TY CỔ PHẦN CÔNG THÀNH PHÁT,3800372073,2212,22,"Khu 5, Phường Long Thuỷ, Thị xã Phước Long, Tỉnh Bình Phước, Việt Nam",Bình Phước,,https://www.masothue.com/3800372073-cong-ty-co-phan-cong-thanh-phat,https://www.masothue.com/tra-cuu-ma-so-thue-theo-nganh-nghe/san-xuat-san-pham-khac-tu-cao-su-2212?page=2,2026-08-24T09:02:54Z
CÔNG TY CỔ PHẦN CAO SU PHÚ RIỀNG - KRATIE,3800372813,2212,22,"Đường ĐT 741, thôn Phú Nguyên, Xã Phú Riềng, Thành phố Đồng Nai, Việt Nam",Đồng Nai,,https://www.masothue.com/3800372813-cong-ty-co-phan-cao-su-phu-rieng-kratie,https://www.masothue.com/tra-cuu-ma-so-thue-theo-nganh-nghe/san-xuat-san-pham-khac-tu-cao-su-2212?page=2,2026-08-24T09:02:54Z
PHÒNG TRƯNG BÀY VÀ BÁN SẢN PHẨM NỆM GỐI - CÔNG TY CỔ PHẦN CAO SU KỸ THUẬT ĐỒNG PHÚ,3800414774-001,2212,22,"Số 34, Khu nhà liên kết, Đường Phú Riềng Đỏ, Phường Tân Phú, Thành phố Đồng Xoài, Tỉnh Bình Phước, Việt Nam",Bình Phước,,https://www.masothue.com/3800414774-001-phong-trung-bay-va-ban-san-pham-nem-goi-cong-ty-co-phan-cao-su-ky-thuat-dong-phu,https://www.masothue.com/tra-cuu-ma-so-thue-theo-nganh-nghe/san-xuat-san-pham-khac-tu-cao-su-2212?page=4,2026-08-24T09:02:57Z
CÔNG TY TNHH SẢN XUẤT THƯƠNG MẠI DỊCH VỤ PHÚC THỊNH,3800831136,2212,22,"Thôn 7, Xã Thống Nhất, Huyện Bù Đăng, Tỉnh Bình Phước, Việt Nam",Bình Phước,,https://www.masothue.com/3800831136-cong-ty-tnhh-san-xuat-thuong-mai-dich-vu-phuc-thinh,https://www.masothue.com/tra-cuu-ma-so-thue-theo-nganh-nghe/san-xuat-san-pham-khac-tu-cao-su-2212?page=3,2026-08-24T09:02:56Z
CÔNG TY TNHH SẢN XUẤT CAO SU QUANG MINH,3801018981,2212,22,"Ấp Bào Teng, Xã Quang Minh, Huyện Chơn Thành, Tỉnh Bình Phước, Việt Nam",Bình Phước,,https://www.masothue.com/3801018981-cong-ty-tnhh-san-xuat-cao-su-quang-minh,https://www.masothue.com/tra-cuu-ma-so-thue-theo-nganh-nghe/san-xuat-san-pham-khac-tu-cao-su-2212?page=2,2026-08-24T09:02:54Z
CÔNG TY TRÁCH NHIỆM HỮU HẠN THƯƠNG MẠI - DỊCH VỤ - SẢN XUẤT THI QUANG,3900402525,2212,22,"Tổ 2, ấp Bùng Binh, Xã Hưng Thuận, Thị xã Trảng Bàng, Tỉnh Tây Ninh, Việt Nam",Tây Ninh,,https://www.masothue.com/3900402525-cong-ty-trach-nhiem-huu-han-thuong-mai-dich-vu-san-xuat-thi-quang,https://www.masothue.com/tra-cuu-ma-so-thue-theo-nganh-nghe/san-xuat-san-pham-khac-tu-cao-su-2212?page=2,2026-08-24T09:02:54Z
CÔNG TY TNHH BAEK SAN TECHPRENE VIỆT NAM,3901256323,2212,22,"Lô A1-1, KCN TMTC, thuộc KKTCK Mộc Bài, ấp Thuận Đông, Xã Bến Cầu, Tỉnh Tây Ninh, Việt Nam",Tây Ninh,,https://www.masothue.com/3901256323-cong-ty-tnhh-baek-san-techprene-viet-nam,https://www.masothue.com/tra-cuu-ma-so-thue-theo-nganh-nghe/san-xuat-san-pham-khac-tu-cao-su-2212?page=4,2026-08-24T09:02:57Z
CÔNG TY TNHH CAO SU QUI NHƠN,4100357988,2212,22,"Lô C1A Khu CN Phú Tài, Phường Trần Quang Diệu, Thành phố Quy Nhơn, Tỉnh Bình Định, Việt Nam",Bình Định,,https://www.masothue.com/4100357988-cong-ty-tnhh-cao-su-qui-nhon,https://www.masothue.com/tra-cuu-ma-so-thue-theo-nganh-nghe/san-xuat-san-pham-khac-tu-cao-su-2212?page=2,2026-08-24T09:02:54Z
DOANH NGHIỆP TƯ NHÂN TRỌNG ĐẠT,4100438330,2212,22,"Số 21 Bà Triệu, Phường Trần Phú, Thành phố Quy Nhơn, Tỉnh Bình Định, Việt Nam",Bình Định,,https://www.masothue.com/4100438330-doanh-nghiep-tu-nhan-trong-dat,https://www.masothue.com/tra-cuu-ma-so-thue-theo-nganh-nghe/san-xuat-san-pham-khac-tu-cao-su-2212?page=2,2026-08-24T09:02:54Z
CÔNG TY TRÁCH NHIỆM HỮU HẠN NHẬT KHÁNH,4100625732,2212,22,"Số 21 Nguyễn Hữu Thọ, Phường Thị Nại, Thành phố Quy Nhơn, Tỉnh Bình Định, Việt Nam",Bình Định,,https://www.masothue.com/4100625732-cong-ty-trach-nhiem-huu-han-nhat-khanh,https://www.masothue.com/tra-cuu-ma-so-thue-theo-nganh-nghe/san-xuat-san-pham-khac-tu-cao-su-2212?page=4,2026-08-24T09:02:57Z
CÔNG TY CỔ PHẦN XUẤT NHẬP KHẨU CAO THÀNH VINH,5701922160,2212,22,"Lô G, Cụm công nghiệp Hà Khánh, Phường Hà Khánh, Thành phố Hạ Long, Tỉnh Quảng Ninh, Việt Nam",Quảng Ninh,,https://www.masothue.com/5701922160-cong-ty-co-phan-xuat-nhap-khau-cao-thanh-vinh,https://www.masothue.com/tra-cuu-ma-so-thue-theo-nganh-nghe/san-xuat-san-pham-khac-tu-cao-su-2212?page=5,2026-08-24T09:02:59Z
CÔNG TY CỔ PHẦN TẬP ĐOÀN AUSTDOOR,0101306139,2511,25,"Số 37, Đường Lê Văn Thiêm, Phường Thanh Xuân, Thành phố Hà Nội, Việt Nam",Hà Nội,,https://www.masothue.com/0101306139-cong-ty-co-phan-tap-doan-austdoor,https://www.masothue.com/tra-cuu-ma-so-thue-theo-nganh-nghe/san-xuat-cac-cau-kien-kim-loai-2511,2026-08-24T09:02:39Z
CÔNG TY CỔ PHẦN SẢN XUẤT THƯƠNG MẠI THÉP PHÚ THÀNH,0104223233,2511,25,"Khu công nghiệp Thạch Thất Quốc Oai, Thị Trấn Quốc Oai, Huyện Quốc Oai, Thành phố Hà Nội, Việt Nam",Hà Nội,,https://www.masothue.com/0104223233-cong-ty-co-phan-san-xuat-thuong-mai-thep-phu-thanh,https://www.masothue.com/tra-cuu-ma-so-thue-theo-nganh-nghe/san-xuat-cac-cau-kien-kim-loai-2511,2026-08-24T09:02:39Z
"CÔNG TY CỔ PHẦN CƠ KHÍ, XÂY DỰNG VÀ THƯƠNG MẠI ĐỨC VIỆT",0105230089,2511,25,"Khu chợ Cổ Điển- Thôn Cổ Điển, Xã Hải Bối, Huyện Đông Anh, Thành phố Hà Nội, Việt Nam",Hà Nội,,https://www.masothue.com/0105230089-cong-ty-co-phan-co-khi-xay-dung-va-thuong-mai-duc-viet,https://www.masothue.com/tra-cuu-ma-so-thue-theo-nganh-nghe/san-xuat-cac-cau-kien-kim-loai-2511?page=2,2026-08-24T09:02:41Z
XƯỞNG SẢN XUẤT - CÔNG TY TNHH SẢN XUẤT VÀ KINH DOANH VẬT LIỆU XÂY DỰNG HOÀNG HÀ,0105360994-001,2511,25,"Số 131, đường Nước Phần Lan, Phường Tứ Liên, Quận Tây Hồ, Thành phố Hà Nội, Việt Nam",Hà Nội,,https://www.masothue.com/0105360994-001-xuong-san-xuat-cong-ty-tnhh-san-xuat-va-kinh-doanh-vat-lieu-xay-dung-hoang-ha,https://www.masothue.com/tra-cuu-ma-so-thue-theo-nganh-nghe/san-xuat-cac-cau-kien-kim-loai-2511?page=5,2026-08-24T09:02:45Z
CHI NHÁNH CÔNG TY CỔ PHẦN ĐẦU TƯ XÂY LẮP VÀ THƯƠNG MẠI VIỆT NAM,0105361878-001,2511,25,"Khu Khoảng 1, thôn Quyết Tiến, Xã Vân Côn, Huyện Hoài Đức, Thành phố Hà Nội, Việt Nam",Hà Nội,,https://www.masothue.com/0105361878-001-chi-nhanh-cong-ty-co-phan-dau-tu-xay-lap-va-thuong-mai-viet-nam,https://www.masothue.com/tra-cuu-ma-so-thue-theo-nganh-nghe/san-xuat-cac-cau-kien-kim-loai-2511?page=5,2026-08-24T09:02:45Z
CÔNG TY TNHH ĐẦU TƯ THƯƠNG MẠI VÀNG BẠC THĂNG LONG,0105478386,2511,25,"Xóm Đồng Xầm, khu Bắc, Phường Phú Thịnh, Thị Xã Sơn Tây, Thành phố Hà Nội, Việt Nam",Hà Nội,,https://www.masothue.com/0105478386-cong-ty-tnhh-dau-tu-thuong-mai-vang-bac-thang-long,https://www.masothue.com/tra-cuu-ma-so-thue-theo-nganh-nghe/san-xuat-cac-cau-kien-kim-loai-2511,2026-08-24T09:02:39Z
CÔNG TY CỔ PHẦN CƠ KHÍ VÀ XÂY DỰNG ĐÔNG ANH,0105482706,2511,25,"Khu tập thể F361, thôn Đồng Dầu, Xã Dục Tú, Huyện Đông Anh, Thành phố Hà Nội, Việt Nam",Hà Nội,,https://www.masothue.com/0105482706-cong-ty-co-phan-co-khi-va-xay-dung-dong-anh,https://www.masothue.com/tra-cuu-ma-so-thue-theo-nganh-nghe/san-xuat-cac-cau-kien-kim-loai-2511,2026-08-24T09:02:39Z
CÔNG TY TNHH SX VÀ TM NỘI THẤT TRƯỜNG HỌC PHƯƠNG THẢO,0106122110,2511,25,"Thôn Từ Am, Xã Thanh Thùy, Huyện Thanh Oai, Thành phố Hà Nội, Việt Nam",Hà Nội,,https://www.masothue.com/0106122110-cong-ty-tnhh-sx-va-tm-noi-that-truong-hoc-phuong-thao,https://www.masothue.com/tra-cuu-ma-so-thue-theo-nganh-nghe/san-xuat-cac-cau-kien-kim-loai-2511?page=5,2026-08-24T09:02:45Z
CÔNG TY TNHH THƯƠNG MẠI VÀ XÂY LẮP CƯỜNG THỊNH,0106753109,2511,25,"Số Nhà 50, Ngách 35, Ngõ 97 Văn Cao, Phường Liễu Giai, Quận Ba Đình, Thành phố Hà Nội, Việt Nam",Hà Nội,,https://www.masothue.com/0106753109-cong-ty-tnhh-thuong-mai-va-xay-lap-cuong-thinh,https://www.masothue.com/tra-cuu-ma-so-thue-theo-nganh-nghe/san-xuat-cac-cau-kien-kim-loai-2511?page=5,2026-08-24T09:02:45Z
CÔNG TY TNHH ĐẦU TƯ SẢN XUẤT THIẾT BỊ LONG VIỆT,0106809249,2511,25,"Số 7, ngách 87/23 đường Tân Xuân, Phường Xuân Đỉnh, Quận Bắc Từ Liêm, Thành phố Hà Nội, Việt Nam",Hà Nội,,https://www.masothue.com/0106809249-cong-ty-tnhh-dau-tu-san-xuat-thiet-bi-long-viet,https://www.masothue.com/tra-cuu-ma-so-thue-theo-nganh-nghe/san-xuat-cac-cau-kien-kim-loai-2511?page=3,2026-08-24T09:02:42Z
CÔNG TY TNHH SẢN XUẤT CƠ KHÍ SƠN HÀ,0106854890,2511,25,"Thôn Hữu Trung, Xã Đại Thanh, Thành phố Hà Nội, Việt Nam",Hà Nội,,https://www.masothue.com/0106854890-cong-ty-tnhh-san-xuat-co-khi-son-ha,https://www.masothue.com/tra-cuu-ma-so-thue-theo-nganh-nghe/san-xuat-cac-cau-kien-kim-loai-2511?page=3,2026-08-24T09:02:42Z
CÔNG TY TNHH MỘT THÀNH VIÊN SƠN HÀ SSP VIỆT NAM - CHI NHÁNH NAM ĐỊNH,0106980045-011,2511,25,"Số 266 đường Đặng Xuân Bảng, Phường Cửa Nam, Thành phố Nam Định, Tỉnh Nam Định, Việt Nam",Nam Định,,https://www.masothue.com/0106980045-011-cong-ty-tnhh-mot-thanh-vien-son-ha-ssp-viet-nam-chi-nhanh-nam-dinh,https://www.masothue.com/tra-cuu-ma-so-thue-theo-nganh-nghe/san-xuat-cac-cau-kien-kim-loai-2511?page=5,2026-08-24T09:02:45Z
CÔNG TY TNHH MỘT THÀNH VIÊN SƠN HÀ SSP VIỆT NAM- CHI NHÁNH THƯỜNG TÍN,0106980045-017,2511,25,"Số 16 Phố Đống Xung, Xã Thắng Lợi, Huyện Thường Tín, Thành phố Hà Nội, Việt Nam",Hà Nội,,https://www.masothue.com/0106980045-017-cong-ty-tnhh-mot-thanh-vien-son-ha-ssp-viet-nam-chi-nhanh-thuong-tin,https://www.masothue.com/tra-cuu-ma-so-thue-theo-nganh-nghe/san-xuat-cac-cau-kien-kim-loai-2511?page=5,2026-08-24T09:02:45Z
CHI NHÁNH - CÔNG TY CỔ PHẦN KẾT CẤU THÉP SƠN LINH,0107362732-001,2511,25,"Lô H4-2 KCN Đại Đồng - Hoàn Sơn, Xã Tri Phương, Huyện Tiên Du, Tỉnh Bắc Ninh, Việt Nam",Bắc Ninh,,https://www.masothue.com/0107362732-001-chi-nhanh-cong-ty-co-phan-ket-cau-thep-son-linh,https://www.masothue.com/tra-cuu-ma-so-thue-theo-nganh-nghe/san-xuat-cac-cau-kien-kim-loai-2511?page=2,2026-08-24T09:02:41Z
CÔNG TY CỔ PHẦN KẾT CẤU THÉP SỐ 1 PHƯƠNG ĐÔNG,0107367794,2511,25,"Tầng 3 , tòa nhà Audi Hà Nội, số 8 Phạm Hùng, Phường Mễ Trì, Quận Nam Từ Liêm, Thành phố Hà Nội, Việt Nam",Hà Nội,,https://www.masothue.com/0107367794-cong-ty-co-phan-ket-cau-thep-so-1-phuong-dong,https://www.masothue.com/tra-cuu-ma-so-thue-theo-nganh-nghe/san-xuat-cac-cau-kien-kim-loai-2511,2026-08-24T09:02:39Z
CÔNG TY CỔ PHẦN 843 VIỆT NAM,0107441261,2511,25,"Lô Đất P3, Phường Xuân Phương, Quận Nam Từ Liêm, Thành phố Hà Nội, Việt Nam",Hà Nội,,https://www.masothue.com/0107441261-cong-ty-co-phan-843-viet-nam,https://www.masothue.com/tra-cuu-ma-so-thue-theo-nganh-nghe/san-xuat-cac-cau-kien-kim-loai-2511?page=5,2026-08-24T09:02:45Z
CÔNG TY TNHH ĐẦU TƯ & XÂY DỰNG TƯỜNG KÍNH KIẾN TRÚC ĐỨC HÙNG,0108447474,2511,25,"số 117, Tổ 6 đường Đa Sỹ, Phường Kiến Hưng, Quận Hà Đông, Thành phố Hà Nội, Việt Nam",Hà Nội,,https://www.masothue.com/0108447474-cong-ty-tnhh-dau-tu-xay-dung-tuong-kinh-kien-truc-duc-hung,https://www.masothue.com/tra-cuu-ma-so-thue-theo-nganh-nghe/san-xuat-cac-cau-kien-kim-loai-2511?page=5,2026-08-24T09:02:45Z
CHI NHÁNH CÔNG TY TNHH CƠ ĐIỆN PHƯƠNG ĐÔNG,0302153228-002,2511,25,"60/6Q - 60/6K Ấp 6, Xã Xuân Thới Sơn, Huyện Hóc Môn, Thành phố Hồ Chí Minh, Việt Nam",Hồ Chí Minh,,https://www.masothue.com/0302153228-002-chi-nhanh-cong-ty-tnhh-co-dien-phuong-dong,https://www.masothue.com/tra-cuu-ma-so-thue-theo-nganh-nghe/san-xuat-cac-cau-kien-kim-loai-2511,2026-08-24T09:02:39Z
CHI NHÁNH CƠ KHÍ CÔNG NGHỆ CAO VIỆT ĐỨC - CÔNG TY TNHH KHÔI VIỆT,0302383045-001,2511,25,"4/14 đường Bùi Cẩm Hổ, Phường Tân Thới Hoà, Quận Tân Phú, Thành phố Hồ Chí Minh, Việt Nam",Hồ Chí Minh,,https://www.masothue.com/0302383045-001-chi-nhanh-co-khi-cong-nghe-cao-viet-duc-cong-ty-tnhh-khoi-viet,https://www.masothue.com/tra-cuu-ma-so-thue-theo-nganh-nghe/san-xuat-cac-cau-kien-kim-loai-2511?page=5,2026-08-24T09:02:45Z
CHI NHÁNH CÔNG TY TNHH HỒNG CHÂU,0302394801-001,2511,25,"161/1 Âu Cơ, Phường 14, Quận 11, Thành phố Hồ Chí Minh, Việt Nam",Hồ Chí Minh,,https://www.masothue.com/0302394801-001-chi-nhanh-cong-ty-tnhh-hong-chau,https://www.masothue.com/tra-cuu-ma-so-thue-theo-nganh-nghe/san-xuat-cac-cau-kien-kim-loai-2511?page=5,2026-08-24T09:02:45Z
CHI NHÁNH CÔNG TY TNHH SẢN XUẤT THƯƠNG MẠI DẦU KHÍ BÌNH CHUẨN - XƯỞNG CƠ KHÍ,0302578767-002,2511,25,"Số 211A, ấp 1B, Phường An Phú, Thành phố Thuận An, Tỉnh Bình Dương, Việt Nam",Bình Dương,,https://www.masothue.com/0302578767-002-chi-nhanh-cong-ty-tnhh-san-xuat-thuong-mai-dau-khi-binh-chuan-xuong-co-khi,https://www.masothue.com/tra-cuu-ma-so-thue-theo-nganh-nghe/san-xuat-cac-cau-kien-kim-loai-2511?page=5,2026-08-24T09:02:45Z
CHI NHÁNH CÔNG TY CỔ PHẦN LẮP MÁY VÀ XÂY DỰNG MIỀN NAM,0303655686-001,2511,25,"Tổ 17, Ấp Long Khánh 1, Phường Tam Phước, Thành phố Biên Hoà, Tỉnh Đồng Nai, Việt Nam",Đồng Nai,,https://www.masothue.com/0303655686-001-chi-nhanh-cong-ty-co-phan-lap-may-va-xay-dung-mien-nam,https://www.masothue.com/tra-cuu-ma-so-thue-theo-nganh-nghe/san-xuat-cac-cau-kien-kim-loai-2511,2026-08-24T09:02:39Z
CÔNG TY TNHH THƯƠNG MẠI-DỊCH VỤ VÀ SẢN XUẤT PHƯỚC NHẬT DƯƠNG,0304361368,2511,25,"362A Thoại Ngọc Hầu, Phường Phú Thạnh, Quận Tân Phú, Thành phố Hồ Chí Minh, Việt Nam",Hồ Chí Minh,,https://www.masothue.com/0304361368-cong-ty-tnhh-thuong-mai-dich-vu-va-san-xuat-phuoc-nhat-duong,https://www.masothue.com/tra-cuu-ma-so-thue-theo-nganh-nghe/san-xuat-cac-cau-kien-kim-loai-2511,2026-08-24T09:02:39Z
CHI NHÁNH CÔNG TY CỔ PHẦN SẢN XUẤT THƯƠNG MẠI HÙNG MINH,0305208027-002,2511,25,"Thửa đất số 426, tờ bản đồ số 7, Xã Mỹ Hạnh Nam, Huyện Đức Hoà, Tỉnh Long An, Việt Nam",Long An,,https://www.masothue.com/0305208027-002-chi-nhanh-cong-ty-co-phan-san-xuat-thuong-mai-hung-minh,https://www.masothue.com/tra-cuu-ma-so-thue-theo-nganh-nghe/san-xuat-cac-cau-kien-kim-loai-2511?page=3,2026-08-24T09:02:42Z
CÔNG TY TNHH SẢN XUẤT THƯƠNG MẠI DỊCH VỤ ANH TIẾN,0305239321,2511,25,"52/55 Nguyễn Sỹ Sách, Phường 12, Quận Tân Bình, Thành phố Hồ Chí Minh, Việt Nam",Hồ Chí Minh,,https://www.masothue.com/0305239321-cong-ty-tnhh-san-xuat-thuong-mai-dich-vu-anh-tien,https://www.masothue.com/tra-cuu-ma-so-thue-theo-nganh-nghe/san-xuat-cac-cau-kien-kim-loai-2511?page=2,2026-08-24T09:02:41Z
CÔNG TY TNHH MỘT THÀNH VIÊN THƯƠNG MẠI VÀ DỊCH VỤ TƯ HÀ,0305344044,2511,25,"C7/17/F7 Tổ 209, Ấp 4A, Xã Bình Hưng, Huyện Bình Chánh, Thành phố Hồ Chí Minh, Việt Nam",Hồ Chí Minh,,https://www.masothue.com/0305344044-cong-ty-tnhh-mot-thanh-vien-thuong-mai-va-dich-vu-tu-ha,https://www.masothue.com/tra-cuu-ma-so-thue-theo-nganh-nghe/san-xuat-cac-cau-kien-kim-loai-2511,2026-08-24T09:02:39Z
CÔNG TY TNHH MỘT THÀNH VIÊN SẢN XUẤT THƯƠNG MẠI NGỌC PHƯỢNG - CHI NHÁNH TÂN PHÚ,0306045181-001,2511,25,"Đường số 3, Khu Công Nghiệp Tân Phú, Thị Trấn Tân Phú, Huyện Tân Phú, Tỉnh Đồng Nai, Việt Nam",Đồng Nai,,https://www.masothue.com/0306045181-001-cong-ty-tnhh-mot-thanh-vien-san-xuat-thuong-mai-ngoc-phuong-chi-nhanh-tan-phu,https://www.masothue.com/tra-cuu-ma-so-thue-theo-nganh-nghe/san-xuat-cac-cau-kien-kim-loai-2511,2026-08-24T09:02:39Z
CÔNG TY TNHH SAO NAM BẮC,0306347263,2511,25,"916 Lê Văn Lương, Xã Nhơn Đức, Huyện Nhà Bè, Thành phố Hồ Chí Minh, Việt Nam",Hồ Chí Minh,,https://www.masothue.com/0306347263-cong-ty-tnhh-sao-nam-bac,https://www.masothue.com/tra-cuu-ma-so-thue-theo-nganh-nghe/san-xuat-cac-cau-kien-kim-loai-2511,2026-08-24T09:02:39Z
CÔNG TY TNHH SẢN XUẤT THƯƠNG MẠI DỊCH VỤ NGUYỄN DUY THÀNH,0306687735,2511,25,"576/14/6 Hồ Học Lãm, Phường Bình Trị Đông B, Quận Bình Tân, Thành phố Hồ Chí Minh, Việt Nam",Hồ Chí Minh,,https://www.masothue.com/0306687735-cong-ty-tnhh-san-xuat-thuong-mai-dich-vu-nguyen-duy-thanh,https://www.masothue.com/tra-cuu-ma-so-thue-theo-nganh-nghe/san-xuat-cac-cau-kien-kim-loai-2511,2026-08-24T09:02:39Z
CHI NHÁNH CÔNG TY TNHH MỘT THÀNH VIÊN SẮT THÉP HỶ PHÁT - PHÂN XƯỞNG SẢN XUẤT SẮT THÉP HỶ PHÁT,0308998246-001,2511,25,"4338 Nguyễn Cửu Phú, Khu phố 4, Phường Tân Tạo A, Quận Bình Tân, Thành phố Hồ Chí Minh, Việt Nam",Hồ Chí Minh,,https://www.masothue.com/0308998246-001-chi-nhanh-cong-ty-tnhh-mot-thanh-vien-sat-thep-hy-phat-phan-xuong-san-xuat-sat-thep-hy-phat,https://www.masothue.com/tra-cuu-ma-so-thue-theo-nganh-nghe/san-xuat-cac-cau-kien-kim-loai-2511?page=5,2026-08-24T09:02:45Z
CHI NHÁNH CÔNG TY TNHH SẢN XUẤT XÂY DỰNG THƯƠNG MẠI PHÚ TRUNG,0309879467-001,2511,25,"211 Lê Văn Lương, ấp 3, Xã Phước Kiển, Huyện Nhà Bè, Thành phố Hồ Chí Minh, Việt Nam",Hồ Chí Minh,,https://www.masothue.com/0309879467-001-chi-nhanh-cong-ty-tnhh-san-xuat-xay-dung-thuong-mai-phu-trung,https://www.masothue.com/tra-cuu-ma-so-thue-theo-nganh-nghe/san-xuat-cac-cau-kien-kim-loai-2511?page=2,2026-08-24T09:02:41Z
CHI NHÁNH NHÀ MÁY LONG THÀNH - CÔNG TY TNHH KUMKANG KIND VIỆT NAM,0310177335-001,2511,25,"Đường số 3, Khu Công nghiệp Long Thành, Xã Tam An, Huyện Long Thành, Tỉnh Đồng Nai, Việt Nam",Đồng Nai,,https://www.masothue.com/0310177335-001-chi-nhanh-nha-may-long-thanh-cong-ty-tnhh-kumkang-kind-viet-nam,https://www.masothue.com/tra-cuu-ma-so-thue-theo-nganh-nghe/san-xuat-cac-cau-kien-kim-loai-2511?page=5,2026-08-24T09:02:45Z
CHI NHÁNH CÔNG TY TNHH CƠ KHÍ XÂY DỰNG XUÂN NGHỊ - XƯỞNG SẢN XUẤT 1,0310469835-001,2511,25,"B13/9 đường Thích Thiện Hòa, Ấp 2, Xã Lê Minh Xuân, Huyện Bình Chánh, Thành phố Hồ Chí Minh, Việt Nam",Hồ Chí Minh,,https://www.masothue.com/0310469835-001-chi-nhanh-cong-ty-tnhh-co-khi-xay-dung-xuan-nghi-xuong-san-xuat-1,https://www.masothue.com/tra-cuu-ma-so-thue-theo-nganh-nghe/san-xuat-cac-cau-kien-kim-loai-2511,2026-08-24T09:02:39Z
CHI NHÁNH CÔNG TY TNHH CƠ KHÍ XÂY DỰNG XUÂN NGHỊ - XƯỞNG SẢN XUẤT 2,0310469835-002,2511,25,"242 Kênh A, Ấp 4, Xã Lê Minh Xuân, Huyện Bình Chánh, Thành phố Hồ Chí Minh, Việt Nam",Hồ Chí Minh,,https://www.masothue.com/0310469835-002-chi-nhanh-cong-ty-tnhh-co-khi-xay-dung-xuan-nghi-xuong-san-xuat-2,https://www.masothue.com/tra-cuu-ma-so-thue-theo-nganh-nghe/san-xuat-cac-cau-kien-kim-loai-2511,2026-08-24T09:02:39Z
CÔNG TY TNHH MỘT THÀNH VIÊN SẢN XUẤT CỬA NHÔM TOÀN PHÁT,0310742805,2511,25,"156 Lý Thường Kiệt , Phường 14, Quận 10, Thành phố Hồ Chí Minh, Việt Nam",Hồ Chí Minh,,https://www.masothue.com/0310742805-cong-ty-tnhh-mot-thanh-vien-san-xuat-cua-nhom-toan-phat,https://www.masothue.com/tra-cuu-ma-so-thue-theo-nganh-nghe/san-xuat-cac-cau-kien-kim-loai-2511,2026-08-24T09:02:39Z
CÔNG TY TNHH MỘT THÀNH VIÊN SẢN XUẤT THƯƠNG MẠI XÂY DỰNG T.N.T,0310878002,2511,25,"98/15H Tam Đông, Xã Thới Tam Thôn, Huyện Hóc Môn, Thành phố Hồ Chí Minh, Việt Nam",Hồ Chí Minh,,https://www.masothue.com/0310878002-cong-ty-tnhh-mot-thanh-vien-san-xuat-thuong-mai-xay-dung-t-n-t,https://www.masothue.com/tra-cuu-ma-so-thue-theo-nganh-nghe/san-xuat-cac-cau-kien-kim-loai-2511?page=2,2026-08-24T09:02:41Z
CHI NHÁNH CÔNG TY TNHH ĐÁ NGUYỄN DUY - XƯỞNG SẢN XUẤT,0310878820-008,2511,25,"26 Đường 12, Khu Dân Cư Ven Sông, Phường Tân Phong, Quận 7, Thành phố Hồ Chí Minh, Việt Nam",Hồ Chí Minh,,https://www.masothue.com/0310878820-008-chi-nhanh-cong-ty-tnhh-da-nguyen-duy-xuong-san-xuat,https://www.masothue.com/tra-cuu-ma-so-thue-theo-nganh-nghe/san-xuat-cac-cau-kien-kim-loai-2511?page=3,2026-08-24T09:02:42Z
CÔNG TY TNHH SẢN XUẤT VÀ QUẢNG CÁO CON HEO VÀNG,0311580579,2511,25,"Số 37/62/3A Hồ Văn Long, Phường Bình Hưng Hòa B, Quận Bình Tân, Thành phố Hồ Chí Minh, Việt Nam",Hồ Chí Minh,,https://www.masothue.com/0311580579-cong-ty-tnhh-san-xuat-va-quang-cao-con-heo-vang,https://www.masothue.com/tra-cuu-ma-so-thue-theo-nganh-nghe/san-xuat-cac-cau-kien-kim-loai-2511,2026-08-24T09:02:39Z
CÔNG TY TNHH SẢN XUẤT THƯƠNG MẠI TAM PHÁT,0311823912,2511,25,"370 Đường ấp Chiến Lược, Khu phố 2, Phường Bình Hưng Hòa A, Quận Bình Tân, Thành phố Hồ Chí Minh, Việt Nam",Hồ Chí Minh,,https://www.masothue.com/0311823912-cong-ty-tnhh-san-xuat-thuong-mai-tam-phat,https://www.masothue.com/tra-cuu-ma-so-thue-theo-nganh-nghe/san-xuat-cac-cau-kien-kim-loai-2511?page=2,2026-08-24T09:02:41Z
CÔNG TY CỔ PHẦN VN CÔNG NGHIỆP,0311887190,2511,25,"61A-63A Võ Văn Tần, Phường 06, Quận 3, Thành phố Hồ Chí Minh, Việt Nam",Hồ Chí Minh,,https://www.masothue.com/0311887190-cong-ty-co-phan-vn-cong-nghiep,https://www.masothue.com/tra-cuu-ma-so-thue-theo-nganh-nghe/san-xuat-cac-cau-kien-kim-loai-2511?page=4,2026-08-24T09:02:43Z
CÔNG TY TNHH TẦM NHÌN KÍNH VIỆT,0311993600,2511,25,"27/7 Đường TL 37, Khu phố 1, Phường Thạnh Lộc, Quận 12, Thành phố Hồ Chí Minh, Việt Nam",Hồ Chí Minh,,https://www.masothue.com/0311993600-cong-ty-tnhh-tam-nhin-kinh-viet,https://www.masothue.com/tra-cuu-ma-so-thue-theo-nganh-nghe/san-xuat-cac-cau-kien-kim-loai-2511?page=2,2026-08-24T09:02:41Z
CÔNG TY TNHH DỊCH VỤ VẬN TẢI XÂY DỰNG SẢN XUẤT THƯƠNG MẠI HỮU TÂN,0312056752,2511,25,"519B Kha Vạn Cân, Khu phố 8, Phường Hiệp Bình Chánh, Quận Thủ Đức, Thành phố Hồ Chí Minh, Việt Nam",Hồ Chí Minh,,https://www.masothue.com/0312056752-cong-ty-tnhh-dich-vu-van-tai-xay-dung-san-xuat-thuong-mai-huu-tan,https://www.masothue.com/tra-cuu-ma-so-thue-theo-nganh-nghe/san-xuat-cac-cau-kien-kim-loai-2511?page=2,2026-08-24T09:02:41Z
CÔNG TY TRÁCH NHIỆM HỮU HẠN ITEQ VIỆT NAM,0312109348,2511,25,"Tòa nhà 1-2a, Lô I-15, Đường D12, Khu Công nghệ cao, Phường Tăng Nhơn Phú B, Thành phố Thủ Đức, Thành phố Hồ Chí Minh, Việt Nam",Hồ Chí Minh,,https://www.masothue.com/0312109348-cong-ty-trach-nhiem-huu-han-iteq-viet-nam,https://www.masothue.com/tra-cuu-ma-so-thue-theo-nganh-nghe/san-xuat-cac-cau-kien-kim-loai-2511?page=5,2026-08-24T09:02:45Z
CHI NHÁNH CÔNG TY TNHH CHẾ TẠO MÁY ĐẠI NAM,0312280514-001,2511,25,"Số B10/22, Ấp 23, Xã Bình Chánh, Thành phố Hồ Chí Minh, Việt Nam",Hồ Chí Minh,,https://www.masothue.com/0312280514-001-chi-nhanh-cong-ty-tnhh-che-tao-may-dai-nam,https://www.masothue.com/tra-cuu-ma-so-thue-theo-nganh-nghe/san-xuat-cac-cau-kien-kim-loai-2511?page=2,2026-08-24T09:02:41Z
CÔNG TY TNHH ASSA ABLOY ENTRANCE SYSTEMS VIỆT NAM,0312422575,2511,25,"Kho xưởng số 7, Cụm 6, Nhóm CN II, Khu công nghiệp Tân Bình, Phường Tây Thạnh, Thành phố Hồ Chí Minh, Việt Nam",Hồ Chí Minh,,https://www.masothue.com/0312422575-cong-ty-tnhh-assa-abloy-entrance-systems-viet-nam,https://www.masothue.com/tra-cuu-ma-so-thue-theo-nganh-nghe/san-xuat-cac-cau-kien-kim-loai-2511,2026-08-24T09:02:39Z
CÔNG TY TNHH NHÔM KÍNH THIÊN ÂN,0312442765,2511,25,"757/10/17A Đường Nguyễn Ảnh Thủ, Khu phố 10, Phường Tân Chánh Hiệp, Quận 12, Thành phố Hồ Chí Minh, Việt Nam",Hồ Chí Minh,,https://www.masothue.com/0312442765-cong-ty-tnhh-nhom-kinh-thien-an,https://www.masothue.com/tra-cuu-ma-so-thue-theo-nganh-nghe/san-xuat-cac-cau-kien-kim-loai-2511?page=3,2026-08-24T09:02:42Z
CÔNG TY TNHH FLIGHT-CASE VIỆT NAM,0312569835,2511,25,"Số 47 Tôn Thất Thuyết, Phường 18, Quận 4, Thành phố Hồ Chí Minh, Việt Nam",Hồ Chí Minh,,https://www.masothue.com/0312569835-cong-ty-tnhh-flight-case-viet-nam,https://www.masothue.com/tra-cuu-ma-so-thue-theo-nganh-nghe/san-xuat-cac-cau-kien-kim-loai-2511?page=4,2026-08-24T09:02:43Z
CÔNG TY TNHH FANSIPAN VINA,0312607311,2511,25,"330/72/31 Quốc Lộ 1, Khu Phố 3, Phường Bình Tân, Thành phố Hồ Chí Minh, Việt Nam",Hồ Chí Minh,,https://www.masothue.com/0312607311-cong-ty-tnhh-fansipan-vina,https://www.masothue.com/tra-cuu-ma-so-thue-theo-nganh-nghe/san-xuat-cac-cau-kien-kim-loai-2511?page=2,2026-08-24T09:02:41Z
CÔNG TY TNHH THƯƠNG MẠI VÀ DỊCH VỤ KỸ THUẬT CÔNG NGHIỆP HỖ TRỢ CÔNG NGHỆ CAO THÁI DƯƠNG,0312673995,2511,25,"135/17/30 Nguyễn Hữu Cảnh, Phường 22, Quận Bình Thạnh, Thành phố Hồ Chí Minh, Việt Nam",Hồ Chí Minh,,https://www.masothue.com/0312673995-cong-ty-tnhh-thuong-mai-va-dich-vu-ky-thuat-cong-nghiep-ho-tro-cong-nghe-cao-thai-duong,https://www.masothue.com/tra-cuu-ma-so-thue-theo-nganh-nghe/san-xuat-cac-cau-kien-kim-loai-2511?page=2,2026-08-24T09:02:41Z
CHI NHÁNH 1 CÔNG TY TNHH HỮU LIÊN AN PHÁT - XƯỞNG SẢN XUẤT,0312989477-001,2511,25,"383 Thoại Ngọc Hầu, Phường Hiệp Tân, Quận Tân Phú, Thành phố Hồ Chí Minh, Việt Nam",Hồ Chí Minh,,https://www.masothue.com/0312989477-001-chi-nhanh-1-cong-ty-tnhh-huu-lien-an-phat-xuong-san-xuat,https://www.masothue.com/tra-cuu-ma-so-thue-theo-nganh-nghe/san-xuat-cac-cau-kien-kim-loai-2511?page=4,2026-08-24T09:02:43Z
CHI NHÁNH CÔNG TY TNHH SẢN XUẤT CƠ KHÍ TIẾN THÀNH,0313052743-001,2511,25,"Số 4B, Đường 494, Khu phố 4, Phường Tăng Nhơn Phú A, Quận 9, Thành phố Hồ Chí Minh, Việt Nam",Hồ Chí Minh,,https://www.masothue.com/0313052743-001-chi-nhanh-cong-ty-tnhh-san-xuat-co-khi-tien-thanh,https://www.masothue.com/tra-cuu-ma-so-thue-theo-nganh-nghe/san-xuat-cac-cau-kien-kim-loai-2511?page=4,2026-08-24T09:02:43Z
CHI NHÁNH CÔNG TY TNHH SẢN XUẤT CƠ KHÍ THUẬN THÀNH,0313172617-001,2511,25,"Số 162 Đường Bà Thiên, ấp Bàu Trăn, Xã Nhuận Đức, Huyện Củ Chi, Thành phố Hồ Chí Minh, Việt Nam",Hồ Chí Minh,,https://www.masothue.com/0313172617-001-chi-nhanh-cong-ty-tnhh-san-xuat-co-khi-thuan-thanh,https://www.masothue.com/tra-cuu-ma-so-thue-theo-nganh-nghe/san-xuat-cac-cau-kien-kim-loai-2511?page=2,2026-08-24T09:02:41Z
CÔNG TY TNHH CƠ KHÍ XÂY DỰNG PHÚ QUÝ,0313269802,2511,25,"28/8 Nguyễn Văn Đậu, Phường 05, Quận Phú Nhuận, Thành phố Hồ Chí Minh, Việt Nam",Hồ Chí Minh,,https://www.masothue.com/0313269802-cong-ty-tnhh-co-khi-xay-dung-phu-quy,https://www.masothue.com/tra-cuu-ma-so-thue-theo-nganh-nghe/san-xuat-cac-cau-kien-kim-loai-2511?page=4,2026-08-24T09:02:43Z
CHI NHÁNH HÀ NỘI - CÔNG TY TNHH CSG VIỆT NAM,0313615227-001,2511,25,"Số 522 Cổ Nhuế, tổ 19A, Phường Cổ Nhuế 2, Quận Bắc Từ Liêm, Thành phố Hà Nội, Việt Nam",Hà Nội,,https://www.masothue.com/0313615227-001-chi-nhanh-ha-noi-cong-ty-tnhh-csg-viet-nam,https://www.masothue.com/tra-cuu-ma-so-thue-theo-nganh-nghe/san-xuat-cac-cau-kien-kim-loai-2511?page=4,2026-08-24T09:02:43Z
CÔNG TY TNHH SẢN XUẤT THƯƠNG MẠI DỊCH VỤ THÀNH TỰU VIỆT,0313947053,2511,25,"1K, Tô Hiệu, Phường Tân Thới Hoà, Quận Tân Phú, Thành phố Hồ Chí Minh, Việt Nam",Hồ Chí Minh,,https://www.masothue.com/0313947053-cong-ty-tnhh-san-xuat-thuong-mai-dich-vu-thanh-tuu-viet,https://www.masothue.com/tra-cuu-ma-so-thue-theo-nganh-nghe/san-xuat-cac-cau-kien-kim-loai-2511?page=4,2026-08-24T09:02:43Z
CÔNG TY TNHH MỘT THÀNH VIÊN SẢN XUẤT XÂY DỰNG HUY KHANG,0314111060,2511,25,"850 Hương Lộ 2, Khu phố 10, Phường Bình Trị Đông A, Quận Bình Tân, Thành phố Hồ Chí Minh, Việt Nam",Hồ Chí Minh,,https://www.masothue.com/0314111060-cong-ty-tnhh-mot-thanh-vien-san-xuat-xay-dung-huy-khang,https://www.masothue.com/tra-cuu-ma-so-thue-theo-nganh-nghe/san-xuat-cac-cau-kien-kim-loai-2511?page=5,2026-08-24T09:02:45Z
CÔNG TY TNHH CROSS,0314135921,2511,25,"Số 48 Phạm Bân, Phường 13, Quận 5, Thành phố Hồ Chí Minh, Việt Nam",Hồ Chí Minh,,https://www.masothue.com/0314135921-cong-ty-tnhh-cross,https://www.masothue.com/tra-cuu-ma-so-thue-theo-nganh-nghe/san-xuat-cac-cau-kien-kim-loai-2511?page=2,2026-08-24T09:02:41Z
CÔNG TY TNHH NHÔM KÍNH VÀ CƠ KHÍ THÀNH ĐẠT,0314229619,2511,25,"45/15 Đường TX33, Khu phố 2, Phường Thạnh Xuân, Quận 12, Thành phố Hồ Chí Minh, Việt Nam",Hồ Chí Minh,,https://www.masothue.com/0314229619-cong-ty-tnhh-nhom-kinh-va-co-khi-thanh-dat,https://www.masothue.com/tra-cuu-ma-so-thue-theo-nganh-nghe/san-xuat-cac-cau-kien-kim-loai-2511?page=4,2026-08-24T09:02:43Z
CÔNG TY TNHH SẢN XUẤT VÀ THƯƠNG MẠI HAPPYHOUSE,0314560637,2511,25,"245/1 Xô Viết Nghệ Tĩnh, Phường 17, Quận Bình Thạnh, Thành phố Hồ Chí Minh, Việt Nam",Hồ Chí Minh,,https://www.masothue.com/0314560637-cong-ty-tnhh-san-xuat-va-thuong-mai-happyhouse,https://www.masothue.com/tra-cuu-ma-so-thue-theo-nganh-nghe/san-xuat-cac-cau-kien-kim-loai-2511?page=4,2026-08-24T09:02:43Z
CÔNG TY TNHH XÂY DỰNG PHÚC VINH PHÁT,0314654099,2511,25,"Số 70 Đặng Chất, Phường 3, Quận 8, Thành phố Hồ Chí Minh, Việt Nam",Hồ Chí Minh,,https://www.masothue.com/0314654099-cong-ty-tnhh-xay-dung-phuc-vinh-phat,https://www.masothue.com/tra-cuu-ma-so-thue-theo-nganh-nghe/san-xuat-cac-cau-kien-kim-loai-2511?page=5,2026-08-24T09:02:45Z
CÔNG TY TNHH CƠ KHÍ XÂY DỰNG BẢO NGÂN,0314903394,2511,25,"257/80/46/48C Ấp 2, Xã Đông Thạnh, Huyện Hóc Môn, Thành phố Hồ Chí Minh, Việt Nam",Hồ Chí Minh,,https://www.masothue.com/0314903394-cong-ty-tnhh-co-khi-xay-dung-bao-ngan,https://www.masothue.com/tra-cuu-ma-so-thue-theo-nganh-nghe/san-xuat-cac-cau-kien-kim-loai-2511?page=5,2026-08-24T09:02:45Z
CHI NHÁNH CÔNG TY TRÁCH NHIỆM HỮU HẠN MINH THIÊN ĐẠT LÝ,0315089932-001,2511,25,"59/1 Nguyễn Văn Quá, Khu phố 1, Phường Đông Hưng Thuận, Quận 12, Thành phố Hồ Chí Minh, Việt Nam",Hồ Chí Minh,,https://www.masothue.com/0315089932-001-chi-nhanh-cong-ty-trach-nhiem-huu-han-minh-thien-dat-ly,https://www.masothue.com/tra-cuu-ma-so-thue-theo-nganh-nghe/san-xuat-cac-cau-kien-kim-loai-2511?page=4,2026-08-24T09:02:43Z
CÔNG TY TNHH SẢN XUẤT THƯƠNG MẠI DỊCH VỤ CƠ KHÍ ĐẠI PHÁT,0319438013,2511,25,"F2/2/53A2, Ấp 68, Xã Vĩnh Lộc, Thành phố Hồ Chí Minh, Việt Nam",Hồ Chí Minh,,https://www.masothue.com/0319438013-cong-ty-tnhh-san-xuat-thuong-mai-dich-vu-co-khi-dai-phat,https://www.masothue.com/tra-cuu-ma-so-thue-theo-nganh-nghe/san-xuat-cac-cau-kien-kim-loai-2511?page=3,2026-08-24T09:02:42Z
XÍ NGHIỆP BÊ TÔNG LY TÂM ĐÀ NẴNG - CHI NHÁNH CÔNG TY CỔ PHẦN XÂY LẮP ĐIỆN ĐÀ NẴNG,0400440693-006,2511,25,"Đường số 1 - Cụm Công nghiệp Thanh Vinh mở rộng, Xã Hoà Liên, Huyện Hoà Vang, Thành phố Đà Nẵng, Việt Nam",Đà Nẵng,,https://www.masothue.com/0400440693-006-xi-nghiep-be-tong-ly-tam-da-nang-chi-nhanh-cong-ty-co-phan-xay-lap-dien-da-nang,https://www.masothue.com/tra-cuu-ma-so-thue-theo-nganh-nghe/san-xuat-cac-cau-kien-kim-loai-2511?page=2,2026-08-24T09:02:41Z
CÔNG TY CỔ PHẦN CƠ ĐIỆN MIỀN TRUNG,0400528732,2511,25,"Khu công nghiệp Hòa Cầm, Phường Hoà Thọ Tây, Quận Cẩm Lệ, Thành phố Đà Nẵng, Việt Nam",Đà Nẵng,,https://www.masothue.com/0400528732-cong-ty-co-phan-co-dien-mien-trung,https://www.masothue.com/tra-cuu-ma-so-thue-theo-nganh-nghe/san-xuat-cac-cau-kien-kim-loai-2511?page=5,2026-08-24T09:02:45Z
CÔNG TY TNHH OISHI INDUSTRIES VIỆT NAM,0401410349,2511,25,"Đường số 6, Khu công nghiệp Hòa Khánh, Phường Hoà Khánh Bắc, Quận Liên Chiểu, Thành phố Đà Nẵng, Việt Nam",Đà Nẵng,,https://www.masothue.com/0401410349-cong-ty-tnhh-oishi-industries-viet-nam,https://www.masothue.com/tra-cuu-ma-so-thue-theo-nganh-nghe/san-xuat-cac-cau-kien-kim-loai-2511?page=2,2026-08-24T09:02:41Z
CÔNG TY TNHH SẢN XUẤT VÀ THƯƠNG MẠI DŨNG THUẬN,0401797946,2511,25,"Thửa đất số 47, Tờ bản đồ số 55, Lô 506 Khu E, khu phức hợp đô thị thương mại cao tầng Phương Trang , Phường Hoà Minh, Quận Liên Chiểu, Thành phố Đà Nẵng, Việt Nam",Đà Nẵng,,https://www.masothue.com/0401797946-cong-ty-tnhh-san-xuat-va-thuong-mai-dung-thuan,https://www.masothue.com/tra-cuu-ma-so-thue-theo-nganh-nghe/san-xuat-cac-cau-kien-kim-loai-2511?page=2,2026-08-24T09:02:41Z
CÔNG TY TNHH QUANG HÀO PHÁT,0700734990,2511,25,"Tổ dân phố Lã, Xã Tân Thanh, Tỉnh Ninh Bình, Việt Nam",Ninh Bình,,https://www.masothue.com/0700734990-cong-ty-tnhh-quang-hao-phat,https://www.masothue.com/tra-cuu-ma-so-thue-theo-nganh-nghe/san-xuat-cac-cau-kien-kim-loai-2511?page=3,2026-08-24T09:02:42Z
CHI NHÁNH LONG AN - CÔNG TY CỔ PHẦN CẦU TRỤC VÀ THIẾT BỊ AVC,0900207751-002,2511,25,"Lô Q-10A, Đường số 6, Khu công nghiệp Long Hậu Mở Rộng, Xã Long Hậu, Huyện Cần Giuộc, Tỉnh Long An, Việt Nam",Long An,,https://www.masothue.com/0900207751-002-chi-nhanh-long-an-cong-ty-co-phan-cau-truc-va-thiet-bi-avc,https://www.masothue.com/tra-cuu-ma-so-thue-theo-nganh-nghe/san-xuat-cac-cau-kien-kim-loai-2511,2026-08-24T09:02:39Z
CÔNG TY CỔ PHẦN THÉP HI-TECH,1101815628,2511,25,"Lô Q6B Đường số 5, Khu công nghiệp Long Hậu, Xã Cần Giuộc, Tỉnh Tây Ninh, Việt Nam",Tây Ninh,,https://www.masothue.com/1101815628-cong-ty-co-phan-thep-hi-tech,https://www.masothue.com/tra-cuu-ma-so-thue-theo-nganh-nghe/san-xuat-cac-cau-kien-kim-loai-2511?page=4,2026-08-24T09:02:43Z
CÔNG TY TNHH NHÔM KÍNH DƯƠNG ĐÔNG – CHI NHÁNH KIÊN GIANG,1101852281-001,2511,25,"Tổ 5, Ấp Cây Thông Ngoài, Xã Cửa Dương, Huyện Phú Quốc, Tỉnh Kiên Giang, Việt Nam",Kiên Giang,,https://www.masothue.com/1101852281-001-cong-ty-tnhh-nhom-kinh-duong-dong-chi-nhanh-kien-giang,https://www.masothue.com/tra-cuu-ma-so-thue-theo-nganh-nghe/san-xuat-cac-cau-kien-kim-loai-2511,2026-08-24T09:02:39Z
CÔNG TY TNHH MTV TẤN PHÚC HẬU,1500978832,2511,25,"Số 107/4 tổ 4, ấp Đông Hưng I, Xã Đông Thành, Thị xã Bình Minh, Tỉnh Vĩnh Long, Việt Nam",Vĩnh Long,,https://www.masothue.com/1500978832-cong-ty-tnhh-mtv-tan-phuc-hau,https://www.masothue.com/tra-cuu-ma-so-thue-theo-nganh-nghe/san-xuat-cac-cau-kien-kim-loai-2511?page=4,2026-08-24T09:02:43Z
CÔNG TY TNHH SẢN PHẨM KIM LOẠI TSINGSHAN VIỆT NAM,1602226207,2511,25,"242 Nguyễn Tri Phương, Phường Long Phú, Tỉnh An Giang, Việt Nam",An Giang,,https://www.masothue.com/1602226207-cong-ty-tnhh-san-pham-kim-loai-tsingshan-viet-nam,https://www.masothue.com/tra-cuu-ma-so-thue-theo-nganh-nghe/san-xuat-cac-cau-kien-kim-loai-2511?page=5,2026-08-24T09:02:45Z
CÔNG TY TNHH  MỘT THÀNH VIÊN ANH  THƯ- XƯỞNG SẢN XUẤT,1801164266-001,2511,25,"Khu vực Bình Phó A, Phường Long Tuyền, Quận Bình Thuỷ, Thành phố Cần Thơ, Việt Nam",Cần Thơ,,https://www.masothue.com/1801164266-001-cong-ty-tnhh-mot-thanh-vien-anh-thu-xuong-san-xuat,https://www.masothue.com/tra-cuu-ma-so-thue-theo-nganh-nghe/san-xuat-cac-cau-kien-kim-loai-2511?page=3,2026-08-24T09:02:42Z
DOANH NGHIỆP TƯ NHÂN THÀNH HƯNG,2200157065,2511,25,"Số 2 đường Văn Ngọc Chính, Phường 3, Thành phố Sóc Trăng, Tỉnh Sóc Trăng, Việt Nam",Sóc Trăng,,https://www.masothue.com/2200157065-doanh-nghiep-tu-nhan-thanh-hung,https://www.masothue.com/tra-cuu-ma-so-thue-theo-nganh-nghe/san-xuat-cac-cau-kien-kim-loai-2511?page=4,2026-08-24T09:02:43Z
DOANH NGHIỆP TƯ NHÂN NAM GIA PHÁT,2200315353,2511,25,"Số 617 đường 30/4 , Phường 3, Thành phố Sóc Trăng, Tỉnh Sóc Trăng, Việt Nam",Sóc Trăng,,https://www.masothue.com/2200315353-doanh-nghiep-tu-nhan-nam-gia-phat,https://www.masothue.com/tra-cuu-ma-so-thue-theo-nganh-nghe/san-xuat-cac-cau-kien-kim-loai-2511?page=3,2026-08-24T09:02:42Z
CHI NHÁNH DOANH NGHIỆP TƯ NHÂN NAM GIA PHÁT,2200315353-002,2511,25,"Số 190 Phú Lợi, Phường 2, Thành phố Sóc Trăng, Tỉnh Sóc Trăng, Việt Nam",Sóc Trăng,,https://www.masothue.com/2200315353-002-chi-nhanh-doanh-nghiep-tu-nhan-nam-gia-phat,https://www.masothue.com/tra-cuu-ma-so-thue-theo-nganh-nghe/san-xuat-cac-cau-kien-kim-loai-2511?page=3,2026-08-24T09:02:42Z
CÔNG TY TNHH  NIPPON STEEL METAL PRODUCTS VIETNAM,2300758158,2511,25,"Km7, Quốc lộ 18, Khu công nghiệp Quế Võ, Phường Phương Liễu, Tỉnh Bắc Ninh, Việt Nam",Bắc Ninh,,https://www.masothue.com/2300758158-cong-ty-tnhh-nippon-steel-metal-products-vietnam,https://www.masothue.com/tra-cuu-ma-so-thue-theo-nganh-nghe/san-xuat-cac-cau-kien-kim-loai-2511?page=3,2026-08-24T09:02:42Z
CÔNG TY TNHH OLKING VIỆT NAM,2300937284,2511,25,"Khu phố Thượng (NR Trần Đức Hưng), Phường Đình Bảng, Thành phố Từ Sơn, Tỉnh Bắc Ninh, Việt Nam",Bắc Ninh,,https://www.masothue.com/2300937284-cong-ty-tnhh-olking-viet-nam,https://www.masothue.com/tra-cuu-ma-so-thue-theo-nganh-nghe/san-xuat-cac-cau-kien-kim-loai-2511?page=3,2026-08-24T09:02:42Z
CÔNG TY TNHH PHÁT TRIỂN KHOA HỌC KỸ THUẬT HEZHI VIỆT NAM,2300973620,2511,25,"Khu công nghiệp Quế Võ (Khu vực mở rộng), Phường Phương Liễu, Tỉnh Bắc Ninh, Việt Nam",Bắc Ninh,,https://www.masothue.com/2300973620-cong-ty-tnhh-phat-trien-khoa-hoc-ky-thuat-hezhi-viet-nam,https://www.masothue.com/tra-cuu-ma-so-thue-theo-nganh-nghe/san-xuat-cac-cau-kien-kim-loai-2511?page=4,2026-08-24T09:02:43Z
CÔNG TY CỔ PHẦN ĐẦU TƯ CÔNG NGHIỆP VIỆT - ĐỨC VGI,2500272728,2511,25,"Khu công nghiệp Bình Xuyên, Thị Trấn Hương Canh, Huyện Bình Xuyên, Tỉnh Vĩnh Phúc, Việt Nam",Vĩnh Phúc,,https://www.masothue.com/2500272728-cong-ty-co-phan-dau-tu-cong-nghiep-viet-duc-vgi,https://www.masothue.com/tra-cuu-ma-so-thue-theo-nganh-nghe/san-xuat-cac-cau-kien-kim-loai-2511?page=2,2026-08-24T09:02:41Z
CÔNG TY CỔ PHẦN PHÚC HƯNG,2500374279,2511,25,"Số nhà 03, Khu Hán Lữ, Đường Phan Chu Trinh, Phường Khai Quang, Thành phố Vĩnh Yên, Tỉnh Vĩnh Phúc, Việt Nam",Vĩnh Phúc,,https://www.masothue.com/2500374279-cong-ty-co-phan-phuc-hung,https://www.masothue.com/tra-cuu-ma-so-thue-theo-nganh-nghe/san-xuat-cac-cau-kien-kim-loai-2511,2026-08-24T09:02:39Z
CÔNG TY TRÁCH NHIỆM HỮU HẠN MEGABAR,2500430011,2511,25,"Công ty CP In Phúc Yên, Đường Trần Phú, Phường Trưng Nhị, Thành phố Phúc Yên, Tỉnh Vĩnh Phúc, Việt Nam",Vĩnh Phúc,,https://www.masothue.com/2500430011-cong-ty-trach-nhiem-huu-han-megabar,https://www.masothue.com/tra-cuu-ma-so-thue-theo-nganh-nghe/san-xuat-cac-cau-kien-kim-loai-2511?page=4,2026-08-24T09:02:43Z
CÔNG TY TNHH DỊCH VỤ VÀ THƯƠNG MẠI TÔN THÉP HÙNG NUÔI,2500511655,2511,25,"Ngã tư Tân Tiến, Xã Vĩnh Hưng, Tỉnh Phú Thọ, Việt Nam",Phú Thọ,,https://www.masothue.com/2500511655-cong-ty-tnhh-dich-vu-va-thuong-mai-ton-thep-hung-nuoi,https://www.masothue.com/tra-cuu-ma-so-thue-theo-nganh-nghe/san-xuat-cac-cau-kien-kim-loai-2511?page=4,2026-08-24T09:02:43Z
CÔNG TY TNHH TỔNG HỢP THƯƠNG MẠI NAM NGỌC,2500565795,2511,25,"Đội 12, Thị Trấn Thổ Tang, Huyện Vĩnh Tường, Tỉnh Vĩnh Phúc, Việt Nam",Vĩnh Phúc,,https://www.masothue.com/2500565795-cong-ty-tnhh-tong-hop-thuong-mai-nam-ngoc,https://www.masothue.com/tra-cuu-ma-so-thue-theo-nganh-nghe/san-xuat-cac-cau-kien-kim-loai-2511?page=4,2026-08-24T09:02:43Z
CÔNG TY CỔ PHẦN TẬP ĐOÀN NHÔM SÔNG HỒNG SHALUMI,2600213532,2511,25,"Phố Hồng Hà , Phường Thanh Miếu, Tỉnh Phú Thọ, Việt Nam",Phú Thọ,,https://www.masothue.com/2600213532-cong-ty-co-phan-tap-doan-nhom-song-hong-shalumi,https://www.masothue.com/tra-cuu-ma-so-thue-theo-nganh-nghe/san-xuat-cac-cau-kien-kim-loai-2511?page=5,2026-08-24T09:02:45Z
CÔNG TY TNHH NHẬT MINH VINA,2600960326,2511,25,"Số 14, tổ 11B, phố Anh Dũng, Phường Tiên Cát, Thành phố Việt Trì, Tỉnh Phú Thọ, Việt Nam",Phú Thọ,,https://www.masothue.com/2600960326-cong-ty-tnhh-nhat-minh-vina,https://www.masothue.com/tra-cuu-ma-so-thue-theo-nganh-nghe/san-xuat-cac-cau-kien-kim-loai-2511?page=4,2026-08-24T09:02:43Z
DOANH NGHIỆP TƯ NHÂN PHƯƠNG NAM,2700285844,2511,25,"Số 787, phố Đông Hồ, Phường Bích Đào, Thành phố Ninh Bình, Tỉnh Ninh Bình, Việt Nam",Ninh Bình,,https://www.masothue.com/2700285844-doanh-nghiep-tu-nhan-phuong-nam,https://www.masothue.com/tra-cuu-ma-so-thue-theo-nganh-nghe/san-xuat-cac-cau-kien-kim-loai-2511,2026-08-24T09:02:39Z
CÔNG TY TNHH THIẾT BỊ THỰC PHẨM AN PHÚ,2700843665,2511,25,"Số 239, Phố Cầu Huyện, Phường Ninh Mỹ, Thành phố Hoa Lư, Tỉnh Ninh Bình, Việt Nam",Ninh Bình,,https://www.masothue.com/2700843665-cong-ty-tnhh-thiet-bi-thuc-pham-an-phu,https://www.masothue.com/tra-cuu-ma-so-thue-theo-nganh-nghe/san-xuat-cac-cau-kien-kim-loai-2511?page=3,2026-08-24T09:02:42Z
CÔNG TY TNHH MỘT THÀNH VIÊN ĐIỆN ĐIỆN TỬ 3C NGHỆ AN,2901657926,2511,25,"K06, quốc lộ 1A, Xã Nghi Kim, Thành phố Vinh, Tỉnh Nghệ An, Việt Nam",Nghệ An,,https://www.masothue.com/2901657926-cong-ty-tnhh-mot-thanh-vien-dien-dien-tu-3c-nghe-an,https://www.masothue.com/tra-cuu-ma-so-thue-theo-nganh-nghe/san-xuat-cac-cau-kien-kim-loai-2511?page=3,2026-08-24T09:02:42Z
CÔNG TY TNHH ĐẦU TƯ VÀ XÂY DỰNG NAM DƯƠNG PHÁT,3401181415,2511,25,"Lô A65 KDC Hòa Bình, Xã Hàm Liêm, Tỉnh Lâm Đồng, Việt Nam",Lâm Đồng,,https://www.masothue.com/3401181415-cong-ty-tnhh-dau-tu-va-xay-dung-nam-duong-phat,https://www.masothue.com/tra-cuu-ma-so-thue-theo-nganh-nghe/san-xuat-cac-cau-kien-kim-loai-2511?page=4,2026-08-24T09:02:43Z
CHI NHÁNH CÔNG TY TNHH NHÔM TOÀN CẦU VIỆT NAM,3501892035-001,2511,25,"Xưởng số 13, Lô 15-17-19, đường số 5, KCN Tân Đức, Xã Đức Hòa Hạ(Hết hiệu lực), Tây Ninh",Tây Ninh,,https://www.masothue.com/3501892035-001-chi-nhanh-cong-ty-tnhh-nhom-toan-cau-viet-nam,https://www.masothue.com/tra-cuu-ma-so-thue-theo-nganh-nghe/san-xuat-cac-cau-kien-kim-loai-2511?page=5,2026-08-24T09:02:45Z
CÔNG TY CỔ PHẦN SAO THÁI BÌNH,3602104925,2511,25,"Số 151/1, ấp Nhất Hòa, Xã Hiệp Hòa, Thành phố Biên Hoà, Tỉnh Đồng Nai, Việt Nam",Đồng Nai,,https://www.masothue.com/3602104925-cong-ty-co-phan-sao-thai-binh,https://www.masothue.com/tra-cuu-ma-so-thue-theo-nganh-nghe/san-xuat-cac-cau-kien-kim-loai-2511?page=2,2026-08-24T09:02:41Z
CHI NHÁNH CÔNG TY TNHH CƠ KHÍ NÉT,3602457215-001,2511,25,"Số 524/62, KP 2, Phường An Bình, Thành phố Biên Hoà, Tỉnh Đồng Nai, Việt Nam",Đồng Nai,,https://www.masothue.com/3602457215-001-chi-nhanh-cong-ty-tnhh-co-khi-net,https://www.masothue.com/tra-cuu-ma-so-thue-theo-nganh-nghe/san-xuat-cac-cau-kien-kim-loai-2511?page=2,2026-08-24T09:02:41Z
CHI NHÁNH CÔNG TY TNHH QUÝ ĐẠI LỘC,3602493012-002,2511,25,"Số 100/7/15, tổ 35, KP 11, Phường Tân Phong, Thành phố Biên Hoà, Tỉnh Đồng Nai, Việt Nam",Đồng Nai,,https://www.masothue.com/3602493012-002-chi-nhanh-cong-ty-tnhh-quy-dai-loc,https://www.masothue.com/tra-cuu-ma-so-thue-theo-nganh-nghe/san-xuat-cac-cau-kien-kim-loai-2511?page=5,2026-08-24T09:02:45Z
CÔNG TY TNHH MỘT THÀNH VIÊN VIÊN THÔNG,3602960806,2511,25,"12/4, KP2, Phường Tân Mai, Thành phố Biên Hoà, Tỉnh Đồng Nai, Việt Nam",Đồng Nai,,https://www.masothue.com/3602960806-cong-ty-tnhh-mot-thanh-vien-vien-thong,https://www.masothue.com/tra-cuu-ma-so-thue-theo-nganh-nghe/san-xuat-cac-cau-kien-kim-loai-2511?page=5,2026-08-24T09:02:45Z
DOANH NGHIỆP TƯ NHÂN THÂN TÙNG TUYẾN,3603276934,2511,25,"Số 178, tổ 29, KP 2, Phường Trảng Dài, Thành phố Biên Hoà, Tỉnh Đồng Nai, Việt Nam",Đồng Nai,,https://www.masothue.com/3603276934-doanh-nghiep-tu-nhan-than-tung-tuyen,https://www.masothue.com/tra-cuu-ma-so-thue-theo-nganh-nghe/san-xuat-cac-cau-kien-kim-loai-2511?page=3,2026-08-24T09:02:42Z
CÔNG TY TNHH MỘT THÀNH VIÊN CƠ KHÍ NHỊ LONG,3603380491,2511,25,"Tổ 5, ấp 3A, Xã Xuân Bắc, Huyện Xuân Lộc, Tỉnh Đồng Nai, Việt Nam",Đồng Nai,,https://www.masothue.com/3603380491-cong-ty-tnhh-mot-thanh-vien-co-khi-nhi-long,https://www.masothue.com/tra-cuu-ma-so-thue-theo-nganh-nghe/san-xuat-cac-cau-kien-kim-loai-2511?page=3,2026-08-24T09:02:42Z
DOANH NGHIỆP TƯ NHÂN AN NHÀN PHÁT,3603450773,2511,25,"Số 5/3, KP7, Phường Tân Hòa, Thành phố Biên Hoà, Tỉnh Đồng Nai, Việt Nam",Đồng Nai,,https://www.masothue.com/3603450773-doanh-nghiep-tu-nhan-an-nhan-phat,https://www.masothue.com/tra-cuu-ma-so-thue-theo-nganh-nghe/san-xuat-cac-cau-kien-kim-loai-2511?page=3,2026-08-24T09:02:42Z
CÔNG TY TNHH CƠ KHÍ XÂY LẮP YẾN CHIẾN THẮNG,3603474372,2511,25,"Số 284/9/1, tổ 22, Khu phố Hương Phước, Phường Phước Tân, Thành phố Biên Hoà, Tỉnh Đồng Nai, Việt Nam",Đồng Nai,,https://www.masothue.com/3603474372-cong-ty-tnhh-co-khi-xay-lap-yen-chien-thang,https://www.masothue.com/tra-cuu-ma-so-thue-theo-nganh-nghe/san-xuat-cac-cau-kien-kim-loai-2511?page=5,2026-08-24T09:02:45Z
CÔNG TY TNHH LEADING EDGE.,3700406064,2511,25,"Lô E, đường số 8, khu công nghiệp Sóng Thần 1, Phường Dĩ An, Thành phố Hồ Chí Minh, Việt Nam",Hồ Chí Minh,,https://www.masothue.com/3700406064-cong-ty-tnhh-leading-edge,https://www.masothue.com/tra-cuu-ma-so-thue-theo-nganh-nghe/san-xuat-cac-cau-kien-kim-loai-2511?page=2,2026-08-24T09:02:41Z
CÔNG TY TNHH ĐÚC TRƯỜNG GIANG,3700581820,2511,25,"Lô B2 -35, Đường số 2, Khu công nghiệp Tân Đông Hiệp B, Phường Tân Đông Hiệp, Thành phố Hồ Chí Minh, Việt Nam",Hồ Chí Minh,,https://www.masothue.com/3700581820-cong-ty-tnhh-duc-truong-giang,https://www.masothue.com/tra-cuu-ma-so-thue-theo-nganh-nghe/san-xuat-cac-cau-kien-kim-loai-2511?page=2,2026-08-24T09:02:41Z
CÔNG TY CỔ PHẦN KỸ NGHỆ MIỀN NAM - ĐỊA ĐIỂM KINH DOANH KHU CÔNG NGHIỆP ĐẤT CUỐC,3700645288-003,2511,25,"Lô B6, Ô 3-4, đường D2, khu công nghiệp Đất Cuốc, Xã Đất Cuốc, Thị xã Tân Uyên, Tỉnh Bình Dương, Việt Nam",Bình Dương,,https://www.masothue.com/3700645288-003-cong-ty-co-phan-ky-nghe-mien-nam-dia-diem-kinh-doanh-khu-cong-nghiep-dat-cuoc,https://www.masothue.com/tra-cuu-ma-so-thue-theo-nganh-nghe/san-xuat-cac-cau-kien-kim-loai-2511,2026-08-24T09:02:39Z
CÔNG TY TNHH KẾT CẤU THÉP TOÀN CẦU VINA - JAPAN,3700871583,2511,25,"Số 26 VSIP II Đường số 7, Khu công nghiệp Việt Nam - Singapore II, Khu liên hợp Công nghiệp - Dịch vụ - Đô thị Bình Dương, Phường Hoà Phú, Thành phố Thủ Dầu Một, Tỉnh Bình Dương, Việt Nam",Bình Dương,,https://www.masothue.com/3700871583-cong-ty-tnhh-ke-t-ca-u-the-p-toa-n-ca-u-vina-japan,https://www.masothue.com/tra-cuu-ma-so-thue-theo-nganh-nghe/san-xuat-cac-cau-kien-kim-loai-2511?page=2,2026-08-24T09:02:41Z
CHI NHÁNH CÔNG TY TNHH XÂY DỰNG THƯƠNG MẠI DỊCH VỤ NGỌC NAM,3701511921-001,2511,25,"454 Lê Văn Lương, ấp 3, Xã Phước Kiển, Huyện Nhà Bè, Thành phố Hồ Chí Minh, Việt Nam",Hồ Chí Minh,,https://www.masothue.com/3701511921-001-chi-nhanh-cong-ty-tnhh-xay-dung-thuong-mai-dich-vu-ngoc-nam,https://www.masothue.com/tra-cuu-ma-so-thue-theo-nganh-nghe/san-xuat-cac-cau-kien-kim-loai-2511?page=2,2026-08-24T09:02:41Z
CÔNG TY TNHH MỘT THÀNH VIÊN SẢN XUẤT THƯƠNG MẠI DỊCH VỤ CƠ KHÍ TÚ NHI,3701780071,2511,25,"8/51 ấp Bình Đường 1, Xã An Bình, Thành phố Dĩ An, Tỉnh Bình Dương, Việt Nam",Bình Dương,,https://www.masothue.com/3701780071-cong-ty-tnhh-mot-thanh-vien-san-xuat-thuong-mai-dich-vu-co-khi-tu-nhi,https://www.masothue.com/tra-cuu-ma-so-thue-theo-nganh-nghe/san-xuat-cac-cau-kien-kim-loai-2511,2026-08-24T09:02:39Z
CÔNG TY TNHH MỘT THÀNH VIÊN XÂY DỰNG- THƯƠNG MẠI- DỊCH VỤ PHÚC HOÀNG VŨ,3701919446,2511,25,"80/23 tổ 23, khu phố 3, Phường Phú Mỹ, Thành phố Thủ Dầu Một, Tỉnh Bình Dương, Việt Nam",Bình Dương,,https://www.masothue.com/3701919446-cong-ty-tnhh-mot-thanh-vien-xay-dung-thuong-mai-dich-vu-phuc-hoang-vu,https://www.masothue.com/tra-cuu-ma-so-thue-theo-nganh-nghe/san-xuat-cac-cau-kien-kim-loai-2511?page=2,2026-08-24T09:02:41Z
CÔNG TY TNHH MỘT THÀNH VIÊN THƯƠNG MẠI DỊCH VỤ ĐỨC THÀNH DANH,3702393597,2511,25,"Số 84, đường D11, khu dân cư Biconsi, khu phố Tân Thắng, Phường Tân Bình, Thành phố Dĩ An, Tỉnh Bình Dương, Việt Nam",Bình Dương,,https://www.masothue.com/3702393597-cong-ty-tnhh-mot-thanh-vien-thuong-mai-dich-vu-duc-thanh-danh,https://www.masothue.com/tra-cuu-ma-so-thue-theo-nganh-nghe/san-xuat-cac-cau-kien-kim-loai-2511,2026-08-24T09:02:39Z
CÔNG TY TNHH MỘT THÀNH VIÊN KIM PHÚ QUÝ,3801053087,2511,25,"Số 831, đường Phú Riềng Đỏ, khu phố Tân Trà 1, Phường Bình Phước, Tỉnh Đồng Nai, Việt Nam",Đồng Nai,,https://www.masothue.com/3801053087-cong-ty-tnhh-mot-thanh-vien-kim-phu-quy,https://www.masothue.com/tra-cuu-ma-so-thue-theo-nganh-nghe/san-xuat-cac-cau-kien-kim-loai-2511,2026-08-24T09:02:39Z
CÔNG TY TRÁCH NHIỆM HỮU HẠN LÊ QUỐC THẮNG,3900300756,2511,25,"Số 1/2, khu phố 4, Thị Trấn Hòa Thành, Thị xã Hoà Thành, Tỉnh Tây Ninh, Việt Nam",Tây Ninh,,https://www.masothue.com/3900300756-cong-ty-trach-nhiem-huu-han-le-quoc-thang,https://www.masothue.com/tra-cuu-ma-so-thue-theo-nganh-nghe/san-xuat-cac-cau-kien-kim-loai-2511?page=3,2026-08-24T09:02:42Z
CÔNG TY TNHH MTV XÂY DỰNG THIẾT KẾ VÀ DỊCH VỤ CƠ KHÍ TÂN TIẾN,3901394411,2511,25,"378 Tổ 4, Ấp Hội An, Xã Tân Hội, Tỉnh Tây Ninh, Việt Nam",Tây Ninh,,https://www.masothue.com/3901394411-cong-ty-tnhh-mtv-xay-dung-thiet-ke-va-dich-vu-co-khi-tan-tien,https://www.masothue.com/tra-cuu-ma-so-thue-theo-nganh-nghe/san-xuat-cac-cau-kien-kim-loai-2511?page=2,2026-08-24T09:02:41Z
CÔNG TY TNHH MAKITECH ĐÀ NẴNG,4001034104,2511,25,"Lô 18, KCN Điện Nam - Điện Ngọc, Phường Điện Nam Bắc, Thị xã Điện Bàn, Tỉnh Quảng Nam, Việt Nam",Quảng Nam,,https://www.masothue.com/4001034104-cong-ty-tnhh-makitech-da-nang,https://www.masothue.com/tra-cuu-ma-so-thue-theo-nganh-nghe/san-xuat-cac-cau-kien-kim-loai-2511?page=5,2026-08-24T09:02:45Z
CÔNG TY TNHH SẢN XUẤT THƯƠNG MẠI MINH MINH PHÚ,4001120508,2511,25,"Khối phố Tân Phú, Thị Trấn Phú Thịnh, Huyện Phú Ninh, Tỉnh Quảng Nam, Việt Nam",Quảng Nam,,https://www.masothue.com/4001120508-cong-ty-tnhh-san-xuat-thuong-mai-minh-minh-phu,https://www.masothue.com/tra-cuu-ma-so-thue-theo-nganh-nghe/san-xuat-cac-cau-kien-kim-loai-2511?page=4,2026-08-24T09:02:43Z
CHI NHÁNH CÔNG TY TNHH THƯƠNG MẠI VÀ SẢN XUẤT CÔNG THÀNH TẠI SÀI GÒN,4200653927-010,2511,25,"164 Lê Văn Khương, Khu phố 6, Phường Thới An, Thành phố Hồ Chí Minh, Việt Nam",Hồ Chí Minh,,https://www.masothue.com/4200653927-010-chi-nhanh-cong-ty-tnhh-thuong-mai-va-san-xuat-cong-thanh-tai-sai-gon,https://www.masothue.com/tra-cuu-ma-so-thue-theo-nganh-nghe/san-xuat-cac-cau-kien-kim-loai-2511?page=3,2026-08-24T09:02:42Z
CÔNG TY TNHH HWA - I VINA,4201606599,2511,25,"Khối nhà văn phòng của Công ty TNHH Nhà máy tàu biển Hyundai Vinashin tại số 01 thôn Mỹ Giang, Xã Ninh Phước, Thị xã Ninh Hoà, Tỉnh Khánh Hòa, Việt Nam",Khánh Hòa,,https://www.masothue.com/4201606599-cong-ty-tnhh-hwa-i-vina,https://www.masothue.com/tra-cuu-ma-so-thue-theo-nganh-nghe/san-xuat-cac-cau-kien-kim-loai-2511?page=3,2026-08-24T09:02:42Z
DOANH NGHIỆP TƯ NHÂN CƠ KHÍ MINH HOÀNG,4500565397,2511,25,"Số 128/23A Trần Phú, Phường Phủ Hà, TP. Phan Rang-Tháp Chàm, Tỉnh Ninh Thuận, Việt Nam",Ninh Thuận,,https://www.masothue.com/4500565397-doanh-nghiep-tu-nhan-co-khi-minh-hoang,https://www.masothue.com/tra-cuu-ma-so-thue-theo-nganh-nghe/san-xuat-cac-cau-kien-kim-loai-2511?page=4,2026-08-24T09:02:43Z
CÔNG TY TNHH XÂY DỰNG SẢN XUẤT THƯƠNG MẠI VÀ DỊCH VỤ NGỌC NGHI NINH THUẬN,4500578452,2511,25,"Số 142/19 Trần Phú, khu phố 1, Phường Phủ Hà, TP. Phan Rang-Tháp Chàm, Tỉnh Ninh Thuận, Việt Nam",Ninh Thuận,,https://www.masothue.com/4500578452-cong-ty-tnhh-xay-dung-san-xuat-thuong-mai-va-dich-vu-ngoc-nghi-ninh-thuan,https://www.masothue.com/tra-cuu-ma-so-thue-theo-nganh-nghe/san-xuat-cac-cau-kien-kim-loai-2511?page=4,2026-08-24T09:02:43Z
CÔNG TY TNHH THƯƠNG MẠI BC ĐÔNG SƠN,4600433281,2511,25,"Số nhà 107, đường Quang Vinh, tổ 11, Phường Quang Vinh, Thành phố Thái Nguyên, Tỉnh Thái Nguyên, Việt Nam",Thái Nguyên,,https://www.masothue.com/4600433281-cong-ty-tnhh-thuong-mai-bc-dong-son,https://www.masothue.com/tra-cuu-ma-so-thue-theo-nganh-nghe/san-xuat-cac-cau-kien-kim-loai-2511?page=4,2026-08-24T09:02:43Z
CÔNG TY TNHH CHẾ TẠO MÁY THÁI AN,4601234049,2511,25,"Tổ 6, Phường Tích Lương, Thành phố Thái Nguyên, Tỉnh Thái Nguyên, Việt Nam",Thái Nguyên,,https://www.masothue.com/4601234049-cong-ty-tnhh-che-tao-may-thai-an,https://www.masothue.com/tra-cuu-ma-so-thue-theo-nganh-nghe/san-xuat-cac-cau-kien-kim-loai-2511?page=4,2026-08-24T09:02:43Z
CÔNG TY TNHH NAM HỒNG DƯƠNG,4601246566,2511,25,"Số 672., Phường Tích Lương, Thành phố Thái Nguyên, Tỉnh Thái Nguyên, Việt Nam",Thái Nguyên,,https://www.masothue.com/4601246566-cong-ty-tnhh-nam-hong-duong,https://www.masothue.com/tra-cuu-ma-so-thue-theo-nganh-nghe/san-xuat-cac-cau-kien-kim-loai-2511?page=3,2026-08-24T09:02:42Z
CÔNG TY CỔ PHẦN GMS VIỆT NAM,4601305571,2511,25,"Xóm Đông Sinh , Xã Hồng Tiến, Thị xã Phổ Yên, Tỉnh Thái Nguyên, Việt Nam",Thái Nguyên,,https://www.masothue.com/4601305571-cong-ty-co-phan-gms-viet-nam,https://www.masothue.com/tra-cuu-ma-so-thue-theo-nganh-nghe/san-xuat-cac-cau-kien-kim-loai-2511?page=4,2026-08-24T09:02:43Z
CÔNG TY TNHH MỘT THÀNH VIÊN SẢN XUẤT VÀ THƯƠNG MẠI TÂN LỢI GIA LAI,5900859869,2511,25,"thôn 3, Xã Nam Yang, Huyện Đak Đoa, Tỉnh Gia Lai, Việt Nam",Gia Lai,,https://www.masothue.com/5900859869-cong-ty-tnhh-mot-thanh-vien-san-xuat-va-thuong-mai-tan-loi-gia-lai,https://www.masothue.com/tra-cuu-ma-so-thue-theo-nganh-nghe/san-xuat-cac-cau-kien-kim-loai-2511?page=3,2026-08-24T09:02:42Z
CÔNG TY TNHH MỘT THÀNH VIÊN MẪN KHUÊ,5900969893,2511,25,"Đường Lý Tự Trọng - Tổ dân phố 4, Thị Trấn Ia Kha, Huyện Ia Grai, Tỉnh Gia Lai, Việt Nam",Gia Lai,,https://www.masothue.com/5900969893-cong-ty-tnhh-mot-thanh-vien-man-khue,https://www.masothue.com/tra-cuu-ma-so-thue-theo-nganh-nghe/san-xuat-cac-cau-kien-kim-loai-2511?page=3,2026-08-24T09:02:42Z
DOANH NGHIỆP TƯ NHÂN KÍNH NGỌC DUY,6001382264,2511,25,"Số 284 đường Nguyễn Văn Cừ, Phường Tân Lập, TP.Buôn Ma Thuột, Tỉnh Đắk Lắk, Việt Nam",Đắk Lắk,,https://www.masothue.com/6001382264-doanh-nghiep-tu-nhan-kinh-ngoc-duy,https://www.masothue.com/tra-cuu-ma-so-thue-theo-nganh-nghe/san-xuat-cac-cau-kien-kim-loai-2511?page=3,2026-08-24T09:02:42Z
CÔNG TY TNHH MỘT THÀNH VIÊN SẮT THÉP BẢO ĐẠT,6400375413,2511,25,"Đường Nguyễn Tất Thành, Phường Nghĩa Phú, Thành phố Gia Nghĩa, Tỉnh Đắk Nông, Việt Nam",Đắk Nông,,https://www.masothue.com/6400375413-cong-ty-tnhh-mot-thanh-vien-sat-thep-bao-dat,https://www.masothue.com/tra-cuu-ma-so-thue-theo-nganh-nghe/san-xuat-cac-cau-kien-kim-loai-2511?page=3,2026-08-24T09:02:42Z
CHI NHÁNH CÔNG TY TRÁCH NHIỆM HỮU HẠN THƯƠNG MẠI VÀ DỊCH VỤ HẢI BÌNH TẠI HOÀ BÌNH,0101583862-001,2512,25,"Xóm Om Làng, Xã Cao Dương, Huyện Lương Sơn, Tỉnh Hòa Bình, Việt Nam",Hòa Bình,,https://www.masothue.com/0101583862-001-chi-nhanh-cong-ty-trach-nhiem-huu-han-thuong-mai-va-dich-vu-hai-binh-tai-hoa-binh,https://www.masothue.com/tra-cuu-ma-so-thue-theo-nganh-nghe/san-xuat-thung-be-chua-va-dung-cu-chua-dung-bang-kim-loai-2512?page=4,2026-08-24T09:03:07Z
CÔNG TY TNHH QUỐC TẾ ĐỨC YÊN,0105225748,2512,25,"Số nhà 07, ngõ 62/2, khu B, tổ 10, Phường Đông Ngạc, Quận Bắc Từ Liêm, Thành phố Hà Nội, Việt Nam",Hà Nội,,https://www.masothue.com/0105225748-cong-ty-tnhh-quoc-te-duc-yen,https://www.masothue.com/tra-cuu-ma-so-thue-theo-nganh-nghe/san-xuat-thung-be-chua-va-dung-cu-chua-dung-bang-kim-loai-2512?page=2,2026-08-24T09:03:01Z
CÔNG TY TNHH ĐẦU TƯ PHÚC ĐỒNG,0105968863,2512,25,"Số 2 tổ 10 khu B, Phường Đông Ngạc, Quận Bắc Từ Liêm, Thành phố Hà Nội, Việt Nam",Hà Nội,,https://www.masothue.com/0105968863-cong-ty-tnhh-dau-tu-phuc-dong,https://www.masothue.com/tra-cuu-ma-so-thue-theo-nganh-nghe/san-xuat-thung-be-chua-va-dung-cu-chua-dung-bang-kim-loai-2512?page=3,2026-08-24T09:03:06Z
CHI NHÁNH CÔNG TY CỔ PHẦN CƠ KIM KHÍ VIỆT Á TẠI HOÀ BÌNH,0106015422-001,2512,25,"Xóm Đồng Bưng, Xã Nhuận Trạch, Huyện Lương Sơn, Tỉnh Hòa Bình, Việt Nam",Hòa Bình,,https://www.masothue.com/0106015422-001-chi-nhanh-cong-ty-co-phan-co-kim-khi-viet-a-tai-hoa-binh,https://www.masothue.com/tra-cuu-ma-so-thue-theo-nganh-nghe/san-xuat-thung-be-chua-va-dung-cu-chua-dung-bang-kim-loai-2512?page=5,2026-08-24T09:03:09Z
CÔNG TY CỔ PHẦN ĐẦU TƯ VÀ CHẾ TẠO THIẾT BỊ CÔNG NGHIỆP,0106224673,2512,25,"Số nhà K3, tổ 22, Thị Trấn Đông Anh, Huyện Đông Anh, Thành phố Hà Nội, Việt Nam",Hà Nội,,https://www.masothue.com/0106224673-cong-ty-co-phan-dau-tu-va-che-tao-thiet-bi-cong-nghiep,https://www.masothue.com/tra-cuu-ma-so-thue-theo-nganh-nghe/san-xuat-thung-be-chua-va-dung-cu-chua-dung-bang-kim-loai-2512?page=3,2026-08-24T09:03:06Z
CÔNG TY CỔ PHẦN QUỐC TẾ HOA SEN,0106255738,2512,25,"Số 51 Lương Định Của, Phường Kim Liên, Thành phố Hà Nội, Việt Nam",Hà Nội,,https://www.masothue.com/0106255738-cong-ty-co-phan-quoc-te-hoa-sen,https://www.masothue.com/tra-cuu-ma-so-thue-theo-nganh-nghe/san-xuat-thung-be-chua-va-dung-cu-chua-dung-bang-kim-loai-2512?page=4,2026-08-24T09:03:07Z
NHÀ MÁY SẢN XUẤT - CHI NHÁNH CÔNG TY CỔ PHẦN SAVICAN TẠI HƯNG YÊN,0106293885-001,2512,25,"Thôn Tứ Mỹ, Xã Phùng Chí Kiên, Thị xã Mỹ Hào, Tỉnh Hưng Yên, Việt Nam",Hưng Yên,,https://www.masothue.com/0106293885-001-nha-may-san-xuat-chi-nhanh-cong-ty-co-phan-savican-tai-hung-yen,https://www.masothue.com/tra-cuu-ma-so-thue-theo-nganh-nghe/san-xuat-thung-be-chua-va-dung-cu-chua-dung-bang-kim-loai-2512?page=5,2026-08-24T09:03:09Z
CÔNG TY CỔ PHẦN BAO BÌ KIM LOẠI TÂN VIỆT,0106534805,2512,25,"Cụm công nghiệp Đồng Sóc, Xã Vĩnh Tường, Tỉnh Phú Thọ, Việt Nam",Phú Thọ,,https://www.masothue.com/0106534805-cong-ty-co-phan-bao-bi-kim-loai-tan-viet,https://www.masothue.com/tra-cuu-ma-so-thue-theo-nganh-nghe/san-xuat-thung-be-chua-va-dung-cu-chua-dung-bang-kim-loai-2512?page=4,2026-08-24T09:03:07Z
CÔNG TY TNHH THÙNG PHUY MAI ANH,0106606400,2512,25,"Phố Vồi, Thị Trấn Thường Tín, Huyện Thường Tín, Thành phố Hà Nội, Việt Nam",Hà Nội,,https://www.masothue.com/0106606400-cong-ty-tnhh-thung-phuy-mai-anh,https://www.masothue.com/tra-cuu-ma-so-thue-theo-nganh-nghe/san-xuat-thung-be-chua-va-dung-cu-chua-dung-bang-kim-loai-2512?page=4,2026-08-24T09:03:07Z
CÔNG TY TNHH THIẾT BỊ THỰC PHẨM FSECH HÀ NỘI,0106768842,2512,25,"Tiểu khu Cơ khí, Thị Trấn Phú Minh, Huyện Phú Xuyên, Thành phố Hà Nội, Việt Nam",Hà Nội,,https://www.masothue.com/0106768842-cong-ty-tnhh-thiet-bi-thuc-pham-fsech-ha-noi,https://www.masothue.com/tra-cuu-ma-so-thue-theo-nganh-nghe/san-xuat-thung-be-chua-va-dung-cu-chua-dung-bang-kim-loai-2512?page=3,2026-08-24T09:03:06Z
CÔNG TY CỔ PHẦN MINH ĐẠI LỘC,0107144893,2512,25,"Căn 3, Dãy K, Ngõ 68 Trung Kính, Phường Yên Hoà, Quận Cầu Giấy, Thành phố Hà Nội, Việt Nam",Hà Nội,,https://www.masothue.com/0107144893-cong-ty-co-phan-minh-dai-loc,https://www.masothue.com/tra-cuu-ma-so-thue-theo-nganh-nghe/san-xuat-thung-be-chua-va-dung-cu-chua-dung-bang-kim-loai-2512?page=3,2026-08-24T09:03:06Z
CÔNG TY TNHH CÔNG NGHỆ HOÀNG KHÔI,0107462247,2512,25,"Số 175/143 Nguyễn Chính, Phường Thịnh Liệt, Quận Hoàng Mai, Thành phố Hà Nội, Việt Nam",Hà Nội,,https://www.masothue.com/0107462247-cong-ty-tnhh-cong-nghe-hoang-khoi,https://www.masothue.com/tra-cuu-ma-so-thue-theo-nganh-nghe/san-xuat-thung-be-chua-va-dung-cu-chua-dung-bang-kim-loai-2512?page=4,2026-08-24T09:03:07Z
CÔNG TY TNHH SẢN XUẤT VÀ THƯƠNG MẠI TÂN ÚC,0107500598,2512,25,"Xóm Tiền Phong, thôn 2, Xã Vạn Phúc, Huyện Thanh Trì, Thành phố Hà Nội, Việt Nam",Hà Nội,,https://www.masothue.com/0107500598-cong-ty-tnhh-san-xuat-va-thuong-mai-tan-uc,https://www.masothue.com/tra-cuu-ma-so-thue-theo-nganh-nghe/san-xuat-thung-be-chua-va-dung-cu-chua-dung-bang-kim-loai-2512?page=4,2026-08-24T09:03:07Z
CÔNG TY TNHH ĐẦU TƯ SẢN XUẤT VÀ THƯƠNG MẠI QUỐC TẾ HƯNG PHÁT,0108164814,2512,25,"Số 4 Nghách 25/14 Pháo Đài Láng, Phường Láng Thượng, Quận Đống Đa, Thành phố Hà Nội, Việt Nam",Hà Nội,,https://www.masothue.com/0108164814-cong-ty-tnhh-dau-tu-san-xuat-va-thuong-mai-quoc-te-hung-phat,https://www.masothue.com/tra-cuu-ma-so-thue-theo-nganh-nghe/san-xuat-thung-be-chua-va-dung-cu-chua-dung-bang-kim-loai-2512?page=3,2026-08-24T09:03:06Z
CHI NHÁNH CÔNG TY CỔ PHẦN KIM KHÍ VÀ GIA DỤNG TÂN Á ĐẠI THÀNH TẠI SÓC TRĂNG,0108705693-013,2512,25,"760 Quốc lộ 1A, Phường Phú Lợi, Thành phố Cần Thơ, Việt Nam",Cần Thơ,,https://www.masothue.com/0108705693-013-chi-nhanh-cong-ty-co-phan-kim-khi-va-gia-dung-tan-a-dai-thanh-tai-soc-trang,https://www.masothue.com/tra-cuu-ma-so-thue-theo-nganh-nghe/san-xuat-thung-be-chua-va-dung-cu-chua-dung-bang-kim-loai-2512?page=2,2026-08-24T09:03:01Z
CHI NHÁNH CÔNG TY CỔ PHẦN KIM KHÍ VÀ GIA DỤNG TÂN Á ĐẠI THÀNH TẠI KIÊN GIANG,0108705693-018,2512,25,"Đường Võ Văn Kiệt, Khu phố Dãy Ốc, Phường Rạch Giá, Tỉnh An Giang, Việt Nam",An Giang,,https://www.masothue.com/0108705693-018-chi-nhanh-cong-ty-co-phan-kim-khi-va-gia-dung-tan-a-dai-thanh-tai-kien-giang,https://www.masothue.com/tra-cuu-ma-so-thue-theo-nganh-nghe/san-xuat-thung-be-chua-va-dung-cu-chua-dung-bang-kim-loai-2512?page=5,2026-08-24T09:03:09Z
CHI NHÁNH CÔNG TY CỔ PHẦN KIM KHÍ VÀ GIA DỤNG TÂN Á ĐẠI THÀNH TẠI LÂM ĐỒNG,0108705693-026,2512,25,"Quốc lộ 20,Khu phố 12, Xã Đức Trọng, Tỉnh Lâm Đồng, Việt Nam",Lâm Đồng,,https://www.masothue.com/0108705693-026-chi-nhanh-cong-ty-co-phan-kim-khi-va-gia-dung-tan-a-dai-thanh-tai-lam-dong,https://www.masothue.com/tra-cuu-ma-so-thue-theo-nganh-nghe/san-xuat-thung-be-chua-va-dung-cu-chua-dung-bang-kim-loai-2512?page=3,2026-08-24T09:03:06Z
CHI NHÁNH CÔNG TY CỔ PHẦN KIM KHÍ VÀ GIA DỤNG TÂN Á ĐẠI THÀNH TẠI HÒA BÌNH,0108705693-036,2512,25,"Cụm 3, Tổ dân phố Ngọc 2, Phường Hòa Bình, Tỉnh Phú Thọ, Việt Nam",Phú Thọ,,https://www.masothue.com/0108705693-036-chi-nhanh-cong-ty-co-phan-kim-khi-va-gia-dung-tan-a-dai-thanh-tai-hoa-binh,https://www.masothue.com/tra-cuu-ma-so-thue-theo-nganh-nghe/san-xuat-thung-be-chua-va-dung-cu-chua-dung-bang-kim-loai-2512?page=5,2026-08-24T09:03:09Z
CHI NHÁNH CÔNG TY CỔ PHẦN KIM KHÍ VÀ GIA DỤNG TÂN Á ĐẠI THÀNH TẠI BÌNH ĐỊNH,0108705693-045,2512,25,"Cụm công nghiệp Nhơn Bình, Phường Quy Nhơn Đông, Tỉnh Gia Lai, Việt Nam",Gia Lai,,https://www.masothue.com/0108705693-045-chi-nhanh-cong-ty-co-phan-kim-khi-va-gia-dung-tan-a-dai-thanh-tai-binh-dinh,https://www.masothue.com/tra-cuu-ma-so-thue-theo-nganh-nghe/san-xuat-thung-be-chua-va-dung-cu-chua-dung-bang-kim-loai-2512?page=2,2026-08-24T09:03:01Z
CHI NHÁNH CÔNG TY CỔ PHẦN KIM KHÍ VÀ GIA DỤNG TÂN Á ĐẠI THÀNH TẠI HƯNG YÊN,0108705693-050,2512,25,"Thôn Thanh Cù, Xã Hiệp Cường, Tỉnh Hưng Yên, Việt Nam",Hưng Yên,,https://www.masothue.com/0108705693-050-chi-nhanh-cong-ty-co-phan-kim-khi-va-gia-dung-tan-a-dai-thanh-tai-hung-yen,https://www.masothue.com/tra-cuu-ma-so-thue-theo-nganh-nghe/san-xuat-thung-be-chua-va-dung-cu-chua-dung-bang-kim-loai-2512?page=3,2026-08-24T09:03:06Z
CHI NHÁNH CÔNG TY CỔ PHẦN KIM KHÍ VÀ GIA DỤNG TÂN Á ĐẠI THÀNH TẠI YÊN BÁI,0108705693-054,2512,25,"Tổ 2, Phường Văn Phú, Tỉnh Lào Cai, Việt Nam",Lào Cai,,https://www.masothue.com/0108705693-054-chi-nhanh-cong-ty-co-phan-kim-khi-va-gia-dung-tan-a-dai-thanh-tai-yen-bai,https://www.masothue.com/tra-cuu-ma-so-thue-theo-nganh-nghe/san-xuat-thung-be-chua-va-dung-cu-chua-dung-bang-kim-loai-2512?page=2,2026-08-24T09:03:01Z
CÔNG TY TNHH THƯƠNG MẠI HOA NHUNG,0201289695,2512,25,"Số 20B/571 Lê Thánh Tông, Phường Ngô Quyền, Thành phố Hải Phòng, Việt Nam",Hải Phòng,,https://www.masothue.com/0201289695-cong-ty-tnhh-thuong-mai-hoa-nhung,https://www.masothue.com/tra-cuu-ma-so-thue-theo-nganh-nghe/san-xuat-thung-be-chua-va-dung-cu-chua-dung-bang-kim-loai-2512?page=5,2026-08-24T09:03:09Z
CÔNG TY CỔ PHẦN CƠ KHÍ Ô TÔ CHUYÊN DÙNG VIỆT ÚC,0201294624,2512,25,"Số 384 đường 5/1, Phường Hùng Vương, Quận Hồng Bàng, Thành phố Hải Phòng, Việt Nam",Hải Phòng,,https://www.masothue.com/0201294624-cong-ty-co-phan-co-khi-o-to-chuyen-dung-viet-uc,https://www.masothue.com/tra-cuu-ma-so-thue-theo-nganh-nghe/san-xuat-thung-be-chua-va-dung-cu-chua-dung-bang-kim-loai-2512?page=5,2026-08-24T09:03:09Z
CÔNG TY TNHH CÔNG NGHIỆP TÂN PHONG AN,0201626485,2512,25,"Số 101, đường số 16, khu đô thị, công nghiệp và dịch vụ VSIP Hải Phòng, Phường An Lư, Thành phố Thủy Nguyên, Thành phố Hải Phòng, Việt Nam",Hải Phòng,,https://www.masothue.com/0201626485-cong-ty-tnhh-cong-nghiep-tan-phong-an,https://www.masothue.com/tra-cuu-ma-so-thue-theo-nganh-nghe/san-xuat-thung-be-chua-va-dung-cu-chua-dung-bang-kim-loai-2512?page=5,2026-08-24T09:03:09Z
CÔNG TY TNHH SẢN XUẤT VÀ THƯƠNG MẠI KCT,0201749092,2512,25,"Số 50 đường Trang Quan 1, thôn Trang Quan, Xã An Đồng, Huyện An Dương, Thành phố Hải Phòng, Việt Nam",Hải Phòng,,https://www.masothue.com/0201749092-cong-ty-tnhh-san-xuat-va-thuong-mai-kct,https://www.masothue.com/tra-cuu-ma-so-thue-theo-nganh-nghe/san-xuat-thung-be-chua-va-dung-cu-chua-dung-bang-kim-loai-2512?page=5,2026-08-24T09:03:09Z
CHI NHÁNH CÔNG TY TNHH HWATA VINA TẠI LONG AN,0301466443-003,2512,25,"Lô 5, Đường số 5, KCN Tân Đức , Xã Đức Hòa, Tỉnh Tây Ninh, Việt Nam",Tây Ninh,,https://www.masothue.com/0301466443-003-chi-nhanh-cong-ty-tnhh-hwata-vina-tai-long-an,https://www.masothue.com/tra-cuu-ma-so-thue-theo-nganh-nghe/san-xuat-thung-be-chua-va-dung-cu-chua-dung-bang-kim-loai-2512?page=2,2026-08-24T09:03:01Z
CHI NHÁNH CÔNG TY TNHH SẢN XUẤT THƯƠNG MẠI NAM ĐẠI THÀNH,0301798833-013,2512,25,"Số 30 Lê Hồng Phong, Khu phố 5, Thị Trấn Dương Đông, Huyện Phú Quốc, Tỉnh Kiên Giang, Việt Nam",Kiên Giang,,https://www.masothue.com/0301798833-013-chi-nhanh-cong-ty-tnhh-san-xuat-thuong-mai-nam-dai-thanh,https://www.masothue.com/tra-cuu-ma-so-thue-theo-nganh-nghe/san-xuat-thung-be-chua-va-dung-cu-chua-dung-bang-kim-loai-2512?page=3,2026-08-24T09:03:06Z
CÔNG TY TNHH MỘT THÀNH VIÊN BÌNH KHÍ ĐỐT HONG VI NA,0302110538,2512,25,"22 Đường 25A, Phường Bình Phú, Thành phố Hồ Chí Minh, Việt Nam",Hồ Chí Minh,,https://www.masothue.com/0302110538-cong-ty-tnhh-mot-thanh-vien-binh-khi-dot-hong-vi-na,https://www.masothue.com/tra-cuu-ma-so-thue-theo-nganh-nghe/san-xuat-thung-be-chua-va-dung-cu-chua-dung-bang-kim-loai-2512?page=4,2026-08-24T09:03:07Z
CÔNG TY TNHH  SẢN XUẤT - THƯƠNG MẠI - XUẤT NHẬP KHẨU Á ĐÔNG,0302648622,2512,25,"25/1C Nguyễn Hậu, Phường Tân Thành, Quận Tân Phú, Thành phố Hồ Chí Minh, Việt Nam",Hồ Chí Minh,,https://www.masothue.com/0302648622-cong-ty-tnhh-san-xuat-thuong-mai-xuat-nhap-khau-a-dong,https://www.masothue.com/tra-cuu-ma-so-thue-theo-nganh-nghe/san-xuat-thung-be-chua-va-dung-cu-chua-dung-bang-kim-loai-2512?page=2,2026-08-24T09:03:01Z
CÔNG TY TNHH CƠ ĐIỆN LẠNH TÂN VÀ KỲ,0302895540,2512,25,"4 Đường D15, Phường Tây Thạnh, Thành phố Hồ Chí Minh, Việt Nam",Hồ Chí Minh,,https://www.masothue.com/0302895540-cong-ty-tnhh-co-dien-lanh-tan-va-ky,https://www.masothue.com/tra-cuu-ma-so-thue-theo-nganh-nghe/san-xuat-thung-be-chua-va-dung-cu-chua-dung-bang-kim-loai-2512?page=2,2026-08-24T09:03:01Z
CÔNG TY CỔ PHẦN KINH DOANH KHÍ MIỀN NAM - CHI NHÁNH BÌNH KHÍ,0305097236-028,2512,25,"Đường D3, Khu công nghiệp Dệt may Nhơn Trạch, Phường Nhơn Trạch, Thành phố Đồng Nai, Việt Nam",Đồng Nai,,https://www.masothue.com/0305097236-028-cong-ty-co-phan-kinh-doanh-khi-mien-nam-chi-nhanh-binh-khi,https://www.masothue.com/tra-cuu-ma-so-thue-theo-nganh-nghe/san-xuat-thung-be-chua-va-dung-cu-chua-dung-bang-kim-loai-2512?page=2,2026-08-24T09:03:01Z
CÔNG TY CỔ PHẦN HOÀN BẢO,0305673049,2512,25,"W14 Đường 5B, Khu dân cư Bình Hưng, Xã Bình Hưng, Huyện Bình Chánh, Thành phố Hồ Chí Minh, Việt Nam",Hồ Chí Minh,,https://www.masothue.com/0305673049-cong-ty-co-phan-hoan-bao,https://www.masothue.com/tra-cuu-ma-so-thue-theo-nganh-nghe/san-xuat-thung-be-chua-va-dung-cu-chua-dung-bang-kim-loai-2512?page=2,2026-08-24T09:03:01Z
CHI NHÁNH CÔNG TY TNHH  CHẾ TẠO MÁY QUỐC VIỆT - XƯỞNG SẢN XUẤT,0305841568-001,2512,25,"314/4 Quốc Lộ 1A, Khu phố 1, Phường Thạnh Xuân, Quận 12, Thành phố Hồ Chí Minh, Việt Nam",Hồ Chí Minh,,https://www.masothue.com/0305841568-001-chi-nhanh-cong-ty-tnhh-che-tao-may-quoc-viet-xuong-san-xuat,https://www.masothue.com/tra-cuu-ma-so-thue-theo-nganh-nghe/san-xuat-thung-be-chua-va-dung-cu-chua-dung-bang-kim-loai-2512,2026-08-24T09:03:00Z
CHI NHÁNH CÔNG TY TNHH MỘT THÀNH VIÊN CƠ KHÍ LÒ HƠI LONG HÙNG,0305842868-001,2512,25,"170/92A Đường 9+9A, Xã Nhị Bình, Huyện Hóc Môn, Thành phố Hồ Chí Minh, Việt Nam",Hồ Chí Minh,,https://www.masothue.com/0305842868-001-chi-nhanh-cong-ty-tnhh-mot-thanh-vien-co-khi-lo-hoi-long-hung,https://www.masothue.com/tra-cuu-ma-so-thue-theo-nganh-nghe/san-xuat-thung-be-chua-va-dung-cu-chua-dung-bang-kim-loai-2512,2026-08-24T09:03:00Z
CHI NHÁNH CÔNG TY TNHH MỘT THÀNH VIÊN QUA - XƯỞNG CƠ KHÍ,0307379853-002,2512,25,"TĐS 500, TBĐS 28, Khu phố 4, Phường Hoà Phú, Thành phố Thủ Dầu Một, Tỉnh Bình Dương, Việt Nam",Bình Dương,,https://www.masothue.com/0307379853-002-chi-nhanh-cong-ty-tnhh-mot-thanh-vien-qua-xuong-co-khi,https://www.masothue.com/tra-cuu-ma-so-thue-theo-nganh-nghe/san-xuat-thung-be-chua-va-dung-cu-chua-dung-bang-kim-loai-2512?page=3,2026-08-24T09:03:06Z
CHI NHÁNH CÔNG TY TNHH SẢN XUẤT -GIA CÔNG CƠ KHÍ ĐẠI PHÁT,0307653263-005,2512,25,"A7/40 Ấp 1, Xã Vĩnh Lộc B, Huyện Bình Chánh, Thành phố Hồ Chí Minh, Việt Nam",Hồ Chí Minh,,https://www.masothue.com/0307653263-005-chi-nhanh-cong-ty-tnhh-san-xuat-gia-cong-co-khi-dai-phat,https://www.masothue.com/tra-cuu-ma-so-thue-theo-nganh-nghe/san-xuat-thung-be-chua-va-dung-cu-chua-dung-bang-kim-loai-2512,2026-08-24T09:03:00Z
CHI NHÁNH - CÔNG TY TNHH LÊ TÁM,0309325067-002,2512,25,"(Nằm trong khuôn viên công ty TNHH Nhà đất Nhơn Trạch A), ấp 3, Xã Phú Thạnh, Huyện Nhơn Trạch, Tỉnh Đồng Nai, Việt Nam",Đồng Nai,,https://www.masothue.com/0309325067-002-chi-nhanh-cong-ty-tnhh-le-tam,https://www.masothue.com/tra-cuu-ma-so-thue-theo-nganh-nghe/san-xuat-thung-be-chua-va-dung-cu-chua-dung-bang-kim-loai-2512,2026-08-24T09:03:00Z
CHI NHÁNH CÔNG TY TNHH THƯƠNG MẠI CÔNG NGHỆ ANH MINH,0309346980-001,2512,25,"Số nhà 30A, Đường 171, Ấp 18, Xã Bình Mỹ, Thành phố Hồ Chí Minh, Việt Nam",Hồ Chí Minh,,https://www.masothue.com/0309346980-001-chi-nhanh-cong-ty-tnhh-thuong-mai-cong-nghe-anh-minh,https://www.masothue.com/tra-cuu-ma-so-thue-theo-nganh-nghe/san-xuat-thung-be-chua-va-dung-cu-chua-dung-bang-kim-loai-2512,2026-08-24T09:03:00Z
CHI NHÁNH I CÔNG TY TNHH NỒI HƠI THIẾT BỊ ÁP LỰC ĐÀO PHÚC ĐÔNG ANH,0310478942-001,2512,25,"3 Hà Huy Giáp, Khu phố 3, Phường Thạnh Lộc, Quận 12, Thành phố Hồ Chí Minh, Việt Nam",Hồ Chí Minh,,https://www.masothue.com/0310478942-001-chi-nhanh-i-cong-ty-tnhh-noi-hoi-thiet-bi-ap-luc-dao-phuc-dong-anh,https://www.masothue.com/tra-cuu-ma-so-thue-theo-nganh-nghe/san-xuat-thung-be-chua-va-dung-cu-chua-dung-bang-kim-loai-2512?page=4,2026-08-24T09:03:07Z
CÔNG TY TNHH THƯƠNG MẠI DỊCH VỤ LỘC THẮNG,0310646114,2512,25,"541A Nơ Trang Long, Phường 13, Quận Bình Thạnh, Thành phố Hồ Chí Minh, Việt Nam",Hồ Chí Minh,,https://www.masothue.com/0310646114-cong-ty-tnhh-thuong-mai-dich-vu-loc-thang,https://www.masothue.com/tra-cuu-ma-so-thue-theo-nganh-nghe/san-xuat-thung-be-chua-va-dung-cu-chua-dung-bang-kim-loai-2512?page=2,2026-08-24T09:03:01Z
CÔNG TY TNHH SẢN XUẤT THƯƠNG MẠI SÁU NINH,0310753268,2512,25,"384 Hoàng Văn Thụ, Phường 4, Quận Tân Bình, Thành phố Hồ Chí Minh, Việt Nam",Hồ Chí Minh,,https://www.masothue.com/0310753268-cong-ty-tnhh-san-xuat-thuong-mai-sau-ninh,https://www.masothue.com/tra-cuu-ma-so-thue-theo-nganh-nghe/san-xuat-thung-be-chua-va-dung-cu-chua-dung-bang-kim-loai-2512?page=2,2026-08-24T09:03:01Z
CHI NHÁNH CÔNG TY TRÁCH NHIỆM HỮU HẠN QUY VIỆT,0311053646-001,2512,25,"D20/25B Võ Văn Vân, Tổ 20, Ấp 4, Xã Vĩnh Lộc B, Huyện Bình Chánh, Thành phố Hồ Chí Minh, Việt Nam",Hồ Chí Minh,,https://www.masothue.com/0311053646-001-chi-nhanh-cong-ty-trach-nhiem-huu-han-quy-viet,https://www.masothue.com/tra-cuu-ma-so-thue-theo-nganh-nghe/san-xuat-thung-be-chua-va-dung-cu-chua-dung-bang-kim-loai-2512,2026-08-24T09:03:00Z
CHI NHÁNH CÔNG TY TNHH SẢN XUẤT THƯƠNG MẠI VÀ DỊCH VỤ CƠ NHIỆT HẢI ĐĂNG,0311339204-001,2512,25,"Số 21A Nguyễn Văn Cự, Phường Tân Tạo A, Quận Bình Tân, Thành phố Hồ Chí Minh, Việt Nam",Hồ Chí Minh,,https://www.masothue.com/0311339204-001-chi-nhanh-cong-ty-tnhh-san-xuat-thuong-mai-va-dich-vu-co-nhiet-hai-dang,https://www.masothue.com/tra-cuu-ma-so-thue-theo-nganh-nghe/san-xuat-thung-be-chua-va-dung-cu-chua-dung-bang-kim-loai-2512?page=4,2026-08-24T09:03:07Z
CHI NHÁNH 2 CÔNG TY TNHH CƠ KHÍ FMC,0311647463-002,2512,25,"21A Đường Ao Đôi, Khu phố 10, Phường Bình Trị Đông A, Quận Bình Tân, Thành phố Hồ Chí Minh, Việt Nam",Hồ Chí Minh,,https://www.masothue.com/0311647463-002-chi-nhanh-2-cong-ty-tnhh-co-khi-fmc,https://www.masothue.com/tra-cuu-ma-so-thue-theo-nganh-nghe/san-xuat-thung-be-chua-va-dung-cu-chua-dung-bang-kim-loai-2512?page=4,2026-08-24T09:03:07Z
CÔNG TY TNHH MỘT THÀNH VIÊN ĐIỆN CƠ KHÍ THÀNH KHOA,0311833685,2512,25,"75/11 Cống Lở, Phường 15, Quận Tân Bình, Thành phố Hồ Chí Minh, Việt Nam",Hồ Chí Minh,,https://www.masothue.com/0311833685-cong-ty-tnhh-mot-thanh-vien-dien-co-khi-thanh-khoa,https://www.masothue.com/tra-cuu-ma-so-thue-theo-nganh-nghe/san-xuat-thung-be-chua-va-dung-cu-chua-dung-bang-kim-loai-2512?page=5,2026-08-24T09:03:09Z
CÔNG TY TNHH SẢN XUẤT THƯƠNG MẠI THANH THANH XUÂN,0312280306,2512,25,"117 Liên khu 4-5, Khu phố 5, Phường Bình Hưng Hòa B, Quận Bình Tân, Thành phố Hồ Chí Minh, Việt Nam",Hồ Chí Minh,,https://www.masothue.com/0312280306-cong-ty-tnhh-san-xuat-thuong-mai-thanh-thanh-xuan,https://www.masothue.com/tra-cuu-ma-so-thue-theo-nganh-nghe/san-xuat-thung-be-chua-va-dung-cu-chua-dung-bang-kim-loai-2512?page=5,2026-08-24T09:03:09Z
CÔNG TY TNHH MỘT THÀNH VIÊN NỒI HƠI CÔNG NGHIỆP THIÊN HẢI,0312310984,2512,25,"115 Đường 9, Phường 9, Quận Gò Vấp, Thành phố Hồ Chí Minh, Việt Nam",Hồ Chí Minh,,https://www.masothue.com/0312310984-cong-ty-tnhh-mot-thanh-vien-noi-hoi-cong-nghiep-thien-hai,https://www.masothue.com/tra-cuu-ma-so-thue-theo-nganh-nghe/san-xuat-thung-be-chua-va-dung-cu-chua-dung-bang-kim-loai-2512?page=5,2026-08-24T09:03:09Z
CHI NHÁNH CÔNG TY CỔ PHẦN KỸ THUẬT DƯƠNG HÙNG,0312318366-001,2512,25,"36 Đường TL 57, Khu phố 2, Phường Thạnh Lộc, Quận 12, Thành phố Hồ Chí Minh, Việt Nam",Hồ Chí Minh,,https://www.masothue.com/0312318366-001-chi-nhanh-cong-ty-co-phan-ky-thuat-duong-hung,https://www.masothue.com/tra-cuu-ma-so-thue-theo-nganh-nghe/san-xuat-thung-be-chua-va-dung-cu-chua-dung-bang-kim-loai-2512,2026-08-24T09:03:00Z
CHI NHÁNH CÔNG TY TNHH CÔNG NGHỆ MỚI TIẾT KIỆM NĂNG LƯỢNG HOÀNG NGỌC- XƯỞNG SẢN XUẤT,0312473717-008,2512,25,"Thôn Nam Quất, Xã Nam Triều, Huyện Phú Xuyên, Thành phố Hà Nội, Việt Nam",Hà Nội,,https://www.masothue.com/0312473717-008-chi-nhanh-cong-ty-tnhh-cong-nghe-moi-tiet-kiem-nang-luong-hoang-ngoc-xuong-san-xuat,https://www.masothue.com/tra-cuu-ma-so-thue-theo-nganh-nghe/san-xuat-thung-be-chua-va-dung-cu-chua-dung-bang-kim-loai-2512?page=4,2026-08-24T09:03:07Z
CÔNG TY TNHH OSAKA QUÝ LONG,0312587217,2512,25,"406/12/3 Đường Nguyễn Thị Minh Khai, Phường 05, Quận 3, Thành phố Hồ Chí Minh, Việt Nam",Hồ Chí Minh,,https://www.masothue.com/0312587217-cong-ty-tnhh-osaka-quy-long,https://www.masothue.com/tra-cuu-ma-so-thue-theo-nganh-nghe/san-xuat-thung-be-chua-va-dung-cu-chua-dung-bang-kim-loai-2512,2026-08-24T09:03:00Z
CHI NHÁNH CÔNG TY CỔ PHẦN NỒI HƠI SÀI GÒN,0312637193-001,2512,25,"83/5K, Ấp 4, Xã Xuân Thới Sơn, Huyện Hóc Môn, Thành phố Hồ Chí Minh, Việt Nam",Hồ Chí Minh,,https://www.masothue.com/0312637193-001-chi-nhanh-cong-ty-co-phan-noi-hoi-sai-gon,https://www.masothue.com/tra-cuu-ma-so-thue-theo-nganh-nghe/san-xuat-thung-be-chua-va-dung-cu-chua-dung-bang-kim-loai-2512?page=4,2026-08-24T09:03:07Z
CÔNG TY TNHH SẢN XUẤT BAO BÌ THIẾC VÀ THƯƠNG MẠI THIẾC NAM HÒA,0312708694,2512,25,"333 Đường số 1, Phường Bình Trị Đông B, Quận Bình Tân, Thành phố Hồ Chí Minh, Việt Nam",Hồ Chí Minh,,https://www.masothue.com/0312708694-cong-ty-tnhh-san-xuat-bao-bi-thiec-va-thuong-mai-thiec-nam-hoa,https://www.masothue.com/tra-cuu-ma-so-thue-theo-nganh-nghe/san-xuat-thung-be-chua-va-dung-cu-chua-dung-bang-kim-loai-2512?page=5,2026-08-24T09:03:09Z
CÔNG TY CỔ PHẦN EURO BABY,0312730805,2512,25,"311-B13 Đường A, Khu phố 3, Phường Bình Khánh, Quận 2, Thành phố Hồ Chí Minh, Việt Nam",Hồ Chí Minh,,https://www.masothue.com/0312730805-cong-ty-co-phan-euro-baby,https://www.masothue.com/tra-cuu-ma-so-thue-theo-nganh-nghe/san-xuat-thung-be-chua-va-dung-cu-chua-dung-bang-kim-loai-2512?page=3,2026-08-24T09:03:06Z
CÔNG TY TNHH KỸ THUẬT CƠ KHÍ PHƯƠNG THÀNH PHÁT,0313296147,2512,25,"178 A4 Đường Tân Hòa Đông , Phường 14, Quận 6, Thành phố Hồ Chí Minh, Việt Nam",Hồ Chí Minh,,https://www.masothue.com/0313296147-cong-ty-tnhh-ky-thuat-co-khi-phuong-thanh-phat,https://www.masothue.com/tra-cuu-ma-so-thue-theo-nganh-nghe/san-xuat-thung-be-chua-va-dung-cu-chua-dung-bang-kim-loai-2512?page=5,2026-08-24T09:03:09Z
CÔNG TY TNHH THIẾT BỊ APOGO,0313612868,2512,25,"209/21 Tôn Thất Thuyết, Phường Vĩnh Hội, Thành phố Hồ Chí Minh, Việt Nam",Hồ Chí Minh,,https://www.masothue.com/0313612868-cong-ty-tnhh-thiet-bi-apogo,https://www.masothue.com/tra-cuu-ma-so-thue-theo-nganh-nghe/san-xuat-thung-be-chua-va-dung-cu-chua-dung-bang-kim-loai-2512?page=5,2026-08-24T09:03:09Z
CÔNG TY TNHH SẢN XUẤT B.A.C,0313791889,2512,25,"52A đường Nam Hòa, Khu phố 22, Phường Phước Long, Thành phố Hồ Chí Minh, Việt Nam",Hồ Chí Minh,,https://www.masothue.com/0313791889-cong-ty-tnhh-san-xuat-b-a-c,https://www.masothue.com/tra-cuu-ma-so-thue-theo-nganh-nghe/san-xuat-thung-be-chua-va-dung-cu-chua-dung-bang-kim-loai-2512?page=5,2026-08-24T09:03:09Z
CÔNG TY TRÁCH NHIỆM HỮU HẠN SẢN XUẤT THƯƠNG MẠI DỊCH VỤ CƠ KHÍ TRIỆU AN,0313824439,2512,25,"38/3B Ấp 15, Xã Hóc Môn, Thành phố Hồ Chí Minh, Việt Nam",Hồ Chí Minh,,https://www.masothue.com/0313824439-cong-ty-trach-nhiem-huu-han-san-xuat-thuong-mai-dich-vu-co-khi-trieu-an,https://www.masothue.com/tra-cuu-ma-so-thue-theo-nganh-nghe/san-xuat-thung-be-chua-va-dung-cu-chua-dung-bang-kim-loai-2512?page=3,2026-08-24T09:03:06Z
CÔNG TY CỔ PHẦN SẢN XUẤT VẬT LIỆU XÂY DỰNG SAPARO VIỆT NAM,0314267357,2512,25,"Số 02 Đường 606, Ấp Mũi Côn Tiểu, Xã Tân An Hội, Thành phố Hồ Chí Minh, Việt Nam",Hồ Chí Minh,,https://www.masothue.com/0314267357-cong-ty-co-phan-san-xuat-vat-lieu-xay-dung-saparo-viet-nam,https://www.masothue.com/tra-cuu-ma-so-thue-theo-nganh-nghe/san-xuat-thung-be-chua-va-dung-cu-chua-dung-bang-kim-loai-2512,2026-08-24T09:03:00Z
CHI NHÁNH CÔNG TY CỔ PHẦN SẢN XUẤT VẬT LIỆU XÂY DỰNG AKURA VINA - XƯỞNG SẢN XUẤT VÀ LẮP RÁP BỒN NƯỚC INOX,0314267357-001,2512,25,"20 đường số 7, Phường Linh Trung, Quận Thủ Đức, Thành phố Hồ Chí Minh, Việt Nam",Hồ Chí Minh,,https://www.masothue.com/0314267357-001-chi-nhanh-cong-ty-co-phan-san-xuat-vat-lieu-xay-dung-akura-vina-xuong-san-xuat-va-lap-rap-bon-nuoc-inox,https://www.masothue.com/tra-cuu-ma-so-thue-theo-nganh-nghe/san-xuat-thung-be-chua-va-dung-cu-chua-dung-bang-kim-loai-2512,2026-08-24T09:03:00Z
CÔNG TY TNHH MỘT THÀNH VIÊN CƠ KHÍ NỒI HƠI CÔNG NGHIỆP THIÊN HẢI,0314670164,2512,25,"334/11 Liên Khu 4-5, Phường Bình Hưng Hòa B, Quận Bình Tân, Thành phố Hồ Chí Minh, Việt Nam",Hồ Chí Minh,,https://www.masothue.com/0314670164-cong-ty-tnhh-mot-thanh-vien-co-khi-noi-hoi-cong-nghiep-thien-hai,https://www.masothue.com/tra-cuu-ma-so-thue-theo-nganh-nghe/san-xuat-thung-be-chua-va-dung-cu-chua-dung-bang-kim-loai-2512?page=3,2026-08-24T09:03:06Z
CHI NHÁNH CÔNG TY TNHH CƠ KHÍ KIM VINH HƯNG,0315197624-001,2512,25,"18/1H Bắc Lân, Xã Bà Điểm, Huyện Hóc Môn, Thành phố Hồ Chí Minh, Việt Nam",Hồ Chí Minh,,https://www.masothue.com/0315197624-001-chi-nhanh-cong-ty-tnhh-co-khi-kim-vinh-hung,https://www.masothue.com/tra-cuu-ma-so-thue-theo-nganh-nghe/san-xuat-thung-be-chua-va-dung-cu-chua-dung-bang-kim-loai-2512,2026-08-24T09:03:00Z
CÔNG TY TNHH THIẾT BỊ INOX HOÀNG TÂM,0315278866,2512,25,"Lô L1, Đường Số 8, Khu Công Nghiệp Lê Minh Xuân, Xã Tân Nhựt, Huyện Bình Chánh, Thành phố Hồ Chí Minh, Việt Nam",Hồ Chí Minh,,https://www.masothue.com/0315278866-cong-ty-tnhh-thiet-bi-inox-hoang-tam,https://www.masothue.com/tra-cuu-ma-so-thue-theo-nganh-nghe/san-xuat-thung-be-chua-va-dung-cu-chua-dung-bang-kim-loai-2512?page=3,2026-08-24T09:03:06Z
CHI NHÁNH CÔNG TY TNHH SẢN XUẤT THƯƠNG MẠI VÀ DỊCH VỤ TIẾN PHÁT ĐẠT,0315334197-001,2512,25,"254 Ấp 2, Xã Phú Xuân, Huyện Nhà Bè, Thành phố Hồ Chí Minh, Việt Nam",Hồ Chí Minh,,https://www.masothue.com/0315334197-001-chi-nhanh-cong-ty-tnhh-san-xuat-thuong-mai-va-dich-vu-tien-phat-dat,https://www.masothue.com/tra-cuu-ma-so-thue-theo-nganh-nghe/san-xuat-thung-be-chua-va-dung-cu-chua-dung-bang-kim-loai-2512?page=4,2026-08-24T09:03:07Z
CÔNG TY TNHH SẢN XUẤT LÊ GIA,0315761382,2512,25,"25/34 Đường TL 29, Tổ 6, Khu Phố 3C, Phường Thạnh Lộc, Quận 12, Thành phố Hồ Chí Minh, Việt Nam",Hồ Chí Minh,,https://www.masothue.com/0315761382-cong-ty-tnhh-san-xuat-le-gia,https://www.masothue.com/tra-cuu-ma-so-thue-theo-nganh-nghe/san-xuat-thung-be-chua-va-dung-cu-chua-dung-bang-kim-loai-2512?page=4,2026-08-24T09:03:07Z
CÔNG TY TNHH SẢN XUẤT - THƯƠNG MẠI NGỌC PHÚC NGUYÊN,0317599336,2512,25,"Số 1227/7 Lê Đức Thọ, Phường 13, Quận Gò Vấp, Thành phố Hồ Chí Minh, Việt Nam",Hồ Chí Minh,,https://www.masothue.com/0317599336-cong-ty-tnhh-san-xuat-thuong-mai-ngoc-phuc-nguyen,https://www.masothue.com/tra-cuu-ma-so-thue-theo-nganh-nghe/san-xuat-thung-be-chua-va-dung-cu-chua-dung-bang-kim-loai-2512?page=5,2026-08-24T09:03:09Z
CHI NHÁNH CÔNG TY TNHH SX TM TOÀN PHÁT,0317855734-001,2512,25,"464/5 Quốc Lộ 1A, Phường Bình Hưng Hòa B, Quận Bình Tân, Thành phố Hồ Chí Minh, Việt Nam",Hồ Chí Minh,,https://www.masothue.com/0317855734-001-chi-nhanh-cong-ty-tnhh-sx-tm-toan-phat,https://www.masothue.com/tra-cuu-ma-so-thue-theo-nganh-nghe/san-xuat-thung-be-chua-va-dung-cu-chua-dung-bang-kim-loai-2512?page=3,2026-08-24T09:03:06Z
CÔNG TY TNHH CƠ KHÍ & CÔNG NGHỆ DIMPRO,0401811397,2512,25,"K142/8 Hàm Nghi, Phường Thạc Gián, Quận Thanh Khê, Thành phố Đà Nẵng, Việt Nam",Đà Nẵng,,https://www.masothue.com/0401811397-cong-ty-tnhh-co-khi-cong-nghe-dimpro,https://www.masothue.com/tra-cuu-ma-so-thue-theo-nganh-nghe/san-xuat-thung-be-chua-va-dung-cu-chua-dung-bang-kim-loai-2512?page=4,2026-08-24T09:03:07Z
CÔNG TY TNHH TMDV SX TÂM MINH PHÚC,0402222852,2512,25,"639 Âu Cơ, Phường Hoà Khánh Bắc, Quận Liên Chiểu, Thành phố Đà Nẵng, Việt Nam",Đà Nẵng,,https://www.masothue.com/0402222852-cong-ty-tnhh-tmdv-sx-tam-minh-phuc,https://www.masothue.com/tra-cuu-ma-so-thue-theo-nganh-nghe/san-xuat-thung-be-chua-va-dung-cu-chua-dung-bang-kim-loai-2512?page=4,2026-08-24T09:03:07Z
CHI NHÁNH CÔNG TY TNHH  BAO BÌ KIM LOẠI CƯỜNG HÙNG,0600446967-001,2512,25,"Thôn Đại Thắng, Xã Mỹ Thuận, Huyện Mỹ Lộc, Tỉnh Nam Định, Việt Nam",Nam Định,,https://www.masothue.com/0600446967-001-chi-nhanh-cong-ty-tnhh-bao-bi-kim-loai-cuong-hung,https://www.masothue.com/tra-cuu-ma-so-thue-theo-nganh-nghe/san-xuat-thung-be-chua-va-dung-cu-chua-dung-bang-kim-loai-2512?page=3,2026-08-24T09:03:06Z
CÔNG TY TNHH THƯƠNG MẠI & KỸ THUẬT KIM CƯƠNG,0601101235,2512,25,"Thôn An Lạc, Xã Yên Khánh, Huyện Ý Yên, Tỉnh Nam Định, Việt Nam",Nam Định,,https://www.masothue.com/0601101235-cong-ty-tnhh-thuong-mai-ky-thuat-kim-cuong,https://www.masothue.com/tra-cuu-ma-so-thue-theo-nganh-nghe/san-xuat-thung-be-chua-va-dung-cu-chua-dung-bang-kim-loai-2512?page=3,2026-08-24T09:03:06Z
CÔNG TY TNHH MỘT THÀNH VIÊN TOÀN MỸ MIỀN BẮC,0800286911,2512,25,"Quốc lộ 38 - Thượng Khuông, Xã Kẻ Sặt, Thành phố Hải Phòng, Việt Nam",Hải Phòng,,https://www.masothue.com/0800286911-cong-ty-tnhh-mot-thanh-vien-toan-my-mien-bac,https://www.masothue.com/tra-cuu-ma-so-thue-theo-nganh-nghe/san-xuat-thung-be-chua-va-dung-cu-chua-dung-bang-kim-loai-2512?page=3,2026-08-24T09:03:06Z
CÔNG TY TNHH SXTM - XNK KIM LONG,0801221096,2512,25,"Khu 2, số nhà 163, đường Yết Kiêu, Thị Trấn Gia Lộc, Huyện Gia Lộc, Tỉnh Hải Dương, Việt Nam",Hải Dương,,https://www.masothue.com/0801221096-cong-ty-tnhh-sxtm-xnk-kim-long,https://www.masothue.com/tra-cuu-ma-so-thue-theo-nganh-nghe/san-xuat-thung-be-chua-va-dung-cu-chua-dung-bang-kim-loai-2512?page=5,2026-08-24T09:03:09Z
CÔNG TY TNHH CÔNG NGHỆ VÀ THƯƠNG MẠI HOÀNG ANH,0900342824,2512,25,"Thôn Đồng Tỉnh, Xã Nghĩa Trụ, Tỉnh Hưng Yên, Việt Nam",Hưng Yên,,https://www.masothue.com/0900342824-cong-ty-tnhh-cong-nghe-va-thuong-mai-hoang-anh,https://www.masothue.com/tra-cuu-ma-so-thue-theo-nganh-nghe/san-xuat-thung-be-chua-va-dung-cu-chua-dung-bang-kim-loai-2512?page=2,2026-08-24T09:03:01Z
CÔNG TY TNHH THÁI THÔNG HƯNG YÊN,0900472171,2512,25,"Cụm công nghiệp Tân Tiến, Xã Văn Giang, Tỉnh Hưng Yên, Việt Nam",Hưng Yên,,https://www.masothue.com/0900472171-cong-ty-tnhh-thai-thong-hung-yen,https://www.masothue.com/tra-cuu-ma-so-thue-theo-nganh-nghe/san-xuat-thung-be-chua-va-dung-cu-chua-dung-bang-kim-loai-2512?page=3,2026-08-24T09:03:06Z
CÔNG TY TNHH CÔNG NGHIỆP HOÀNG PHÁT,0900988449,2512,25,"thôn Nghĩa Trai, Xã Tân Quang, Huyện Văn Lâm, Tỉnh Hưng Yên, Việt Nam",Hưng Yên,,https://www.masothue.com/0900988449-cong-ty-tnhh-cong-nghiep-hoang-phat,https://www.masothue.com/tra-cuu-ma-so-thue-theo-nganh-nghe/san-xuat-thung-be-chua-va-dung-cu-chua-dung-bang-kim-loai-2512?page=5,2026-08-24T09:03:09Z
CÔNG TY TNHH CƠ KHÍ Ô TÔ THÁI HOÀNG,0901223107,2512,25,"Quốc lộ 39A, Thôn Trung Hưng, Xã Yên Mỹ, Tỉnh Hưng Yên, Việt Nam",Hưng Yên,,https://www.masothue.com/0901223107-cong-ty-tnhh-co-khi-o-to-thai-hoang,https://www.masothue.com/tra-cuu-ma-so-thue-theo-nganh-nghe/san-xuat-thung-be-chua-va-dung-cu-chua-dung-bang-kim-loai-2512,2026-08-24T09:03:00Z
CÔNG TY TNHH  THIÊN MÃ,1000400352,2512,25,"Đường Trần Đại Nghĩa, khu công nghiệp Phúc Khánh, Phường Phú Khánh, Thành phố Thái Bình, Tỉnh Thái Bình, Việt Nam",Thái Bình,,https://www.masothue.com/1000400352-cong-ty-tnhh-thien-ma,https://www.masothue.com/tra-cuu-ma-so-thue-theo-nganh-nghe/san-xuat-thung-be-chua-va-dung-cu-chua-dung-bang-kim-loai-2512?page=3,2026-08-24T09:03:06Z
CÔNG TY TNHH HƯNG ĐẠI VIỆT CONTAINER,1001032126,2512,25,"Nhà ông Hà Văn Bàn, xóm 14, thôn Nam Cầu Nhân, Xã Đông Hòa, Thành phố Thái Bình, Tỉnh Thái Bình, Việt Nam",Thái Bình,,https://www.masothue.com/1001032126-cong-ty-tnhh-hung-dai-viet-container,https://www.masothue.com/tra-cuu-ma-so-thue-theo-nganh-nghe/san-xuat-thung-be-chua-va-dung-cu-chua-dung-bang-kim-loai-2512?page=5,2026-08-24T09:03:09Z
CÔNG TY TNHH SẢN XUẤT THƯƠNG MẠI ĐẠI LẬP,1100670602,2512,25,"Số 72A/2, Ấp 6 , Xã Thạnh Đức, Huyện Bến Lức, Tỉnh Long An, Việt Nam",Long An,,https://www.masothue.com/1100670602-cong-ty-tnhh-san-xuat-thuong-mai-dai-lap,https://www.masothue.com/tra-cuu-ma-so-thue-theo-nganh-nghe/san-xuat-thung-be-chua-va-dung-cu-chua-dung-bang-kim-loai-2512,2026-08-24T09:03:00Z
CÔNG TY TNHH MỘT THÀNH VIÊN BÌNH KHÍ MT,1101564847,2512,25,"Lô 1, Ấp Thuận Đạo, Thị Trấn Bến Lức, Huyện Bến Lức, Tỉnh Long An, Việt Nam",Long An,,https://www.masothue.com/1101564847-cong-ty-tnhh-mot-thanh-vien-binh-khi-mt,https://www.masothue.com/tra-cuu-ma-so-thue-theo-nganh-nghe/san-xuat-thung-be-chua-va-dung-cu-chua-dung-bang-kim-loai-2512,2026-08-24T09:03:00Z
CÔNG TY TNHH CƠ KHÍ BÌNH PHÚ,1201526958,2512,25,"Ấp Bình Tịnh, Xã Bình Phú, Tỉnh Đồng Tháp, Việt Nam",Đồng Tháp,,https://www.masothue.com/1201526958-cong-ty-tnhh-co-khi-binh-phu,https://www.masothue.com/tra-cuu-ma-so-thue-theo-nganh-nghe/san-xuat-thung-be-chua-va-dung-cu-chua-dung-bang-kim-loai-2512,2026-08-24T09:03:00Z
CÔNG TY TNHH MỘT THÀNH VIÊN SX-TM-DV TÂN PHÁT,1500651467,2512,25,"Tổ 17, ấp Phước Long, Xã Lộc Hòa, Huyện Long Hồ, Tỉnh Vĩnh Long, Việt Nam",Vĩnh Long,,https://www.masothue.com/1500651467-cong-ty-tnhh-mot-thanh-vien-sx-tm-dv-tan-phat,https://www.masothue.com/tra-cuu-ma-so-thue-theo-nganh-nghe/san-xuat-thung-be-chua-va-dung-cu-chua-dung-bang-kim-loai-2512,2026-08-24T09:03:00Z
CHI NHÁNH CÔNG TY TNHH MỘT THÀNH VIÊN KẾT ĐOÀN LONG XUYÊN - PHÂN XƯỞNG SẢN XUẤT,1600896654-001,2512,25,"Khóm Bình Đức 1, Phường Bình Đức, Thành phố Long Xuyên, Tỉnh An Giang, Việt Nam",An Giang,,https://www.masothue.com/1600896654-001-chi-nhanh-cong-ty-tnhh-mot-thanh-vien-ket-doan-long-xuyen-phan-xuong-san-xuat,https://www.masothue.com/tra-cuu-ma-so-thue-theo-nganh-nghe/san-xuat-thung-be-chua-va-dung-cu-chua-dung-bang-kim-loai-2512,2026-08-24T09:03:00Z
CÔNG TY TNHH MỘT THÀNH VIÊN DỊCH VỤ VÀ THƯƠNG MẠI Ô TÔ TỨ CƯỜNG,1801165911,2512,25,"052, Ql1A, Phường Ba Láng, Quận Cái Răng, Thành phố Cần Thơ, Việt Nam",Cần Thơ,,https://www.masothue.com/1801165911-cong-ty-tnhh-mot-thanh-vien-di-ch-vu-va-thuong-ma-i-o-to-tu-cuo-ng,https://www.masothue.com/tra-cuu-ma-so-thue-theo-nganh-nghe/san-xuat-thung-be-chua-va-dung-cu-chua-dung-bang-kim-loai-2512?page=2,2026-08-24T09:03:01Z
CÔNG TY TNHH CƠ KHÍ SẢN XUẤT 298,1801613218,2512,25,"80/4/12, Điện Biên Phủ, Phường An Lạc, Quận Ninh Kiều, Thành phố Cần Thơ, Việt Nam",Cần Thơ,,https://www.masothue.com/1801613218-cong-ty-tnhh-co-khi-san-xuat-298,https://www.masothue.com/tra-cuu-ma-so-thue-theo-nganh-nghe/san-xuat-thung-be-chua-va-dung-cu-chua-dung-bang-kim-loai-2512?page=3,2026-08-24T09:03:06Z
CHI NHÁNH 2 - CÔNG TY TNHH ĐẠI PHÁT TÍN,2000761784-002,2512,25,"Km 9, quốc lộ 14, Xã Ea Tu, TP.Buôn Ma Thuột, Tỉnh Đắk Lắk, Việt Nam",Đắk Lắk,,https://www.masothue.com/2000761784-002-chi-nhanh-2-cong-ty-tnhh-dai-phat-tin,https://www.masothue.com/tra-cuu-ma-so-thue-theo-nganh-nghe/san-xuat-thung-be-chua-va-dung-cu-chua-dung-bang-kim-loai-2512,2026-08-24T09:03:00Z
CÔNG TY CỔ PHẦN  HANACANS,2300372796,2512,25,"khu công nghiệp HANAKA, Phường Đồng Nguyên, Tỉnh Bắc Ninh, Việt Nam",Bắc Ninh,,https://www.masothue.com/2300372796-cong-ty-co-phan-hanacans,https://www.masothue.com/tra-cuu-ma-so-thue-theo-nganh-nghe/san-xuat-thung-be-chua-va-dung-cu-chua-dung-bang-kim-loai-2512,2026-08-24T09:03:00Z
CÔNG TY CỔ PHẦN NĂNG LƯỢNG TÁI TẠO THÀNH THẮNG,2300888485,2512,25,"Số nhà 14, Ngách 4, Khu phố Đình, Phường Đình Bảng, Thành phố Từ Sơn, Tỉnh Bắc Ninh, Việt Nam",Bắc Ninh,,https://www.masothue.com/2300888485-cong-ty-co-phan-nang-luong-tai-tao-thanh-thang,https://www.masothue.com/tra-cuu-ma-so-thue-theo-nganh-nghe/san-xuat-thung-be-chua-va-dung-cu-chua-dung-bang-kim-loai-2512?page=4,2026-08-24T09:03:07Z
CÔNG TY TNHH ECO NAKANO VIỆT NAM,2300994155,2512,25,"Lô II.8.1 khu công nghiệp Thuận Thành III, Phường Trí Quả, Tỉnh Bắc Ninh, Việt Nam",Bắc Ninh,,https://www.masothue.com/2300994155-cong-ty-tnhh-eco-nakano-viet-nam,https://www.masothue.com/tra-cuu-ma-so-thue-theo-nganh-nghe/san-xuat-thung-be-chua-va-dung-cu-chua-dung-bang-kim-loai-2512,2026-08-24T09:03:00Z
CÔNG TY TNHH MÔI TRƯỜNG XÂY DỰNG SẦM SƠN,2802447484,2512,25,"215 Nguyễn Trãi, Phường Bắc Sơn, Thành phố Sầm Sơn, Tỉnh Thanh Hóa, Việt Nam",Thanh Hóa,,https://www.masothue.com/2802447484-cong-ty-tnhh-moi-truong-xay-dung-sam-son,https://www.masothue.com/tra-cuu-ma-so-thue-theo-nganh-nghe/san-xuat-thung-be-chua-va-dung-cu-chua-dung-bang-kim-loai-2512?page=5,2026-08-24T09:03:09Z
CÔNG TY TNHH DŨNG LỘC TH - CHI NHÁNH 465,2803225396-004,2512,25,"Số 465 Đường Châu Phong, Phường Việt Trì, Tỉnh Phú Thọ, Việt Nam",Phú Thọ,,https://www.masothue.com/2803225396-004-cong-ty-tnhh-dung-loc-th-chi-nhanh-465,https://www.masothue.com/tra-cuu-ma-so-thue-theo-nganh-nghe/san-xuat-thung-be-chua-va-dung-cu-chua-dung-bang-kim-loai-2512?page=5,2026-08-24T09:03:09Z
CÔNG TY TNHH DŨNG LỘC TH - CHI NHÁNH XÓM 2,2803225396-019,2512,25,"Xóm 2, Thôn Cầu Trắng, Xã Hải Hòa, Tỉnh Quảng Ninh, Việt Nam",Quảng Ninh,,https://www.masothue.com/2803225396-019-cong-ty-tnhh-dung-loc-th-chi-nhanh-xom-2,https://www.masothue.com/tra-cuu-ma-so-thue-theo-nganh-nghe/san-xuat-thung-be-chua-va-dung-cu-chua-dung-bang-kim-loai-2512?page=2,2026-08-24T09:03:01Z
CÔNG TY TNHH DŨNG LỘC TH - CHI NHÁNH 28/7,2803225396-021,2512,25,"SN 28, Ngõ 7, Thôn Bắc Trung, Xã Nga Sơn, Tỉnh Thanh Hóa, Việt Nam",Thanh Hóa,,https://www.masothue.com/2803225396-021-cong-ty-tnhh-dung-loc-th-chi-nhanh-28-7,https://www.masothue.com/tra-cuu-ma-so-thue-theo-nganh-nghe/san-xuat-thung-be-chua-va-dung-cu-chua-dung-bang-kim-loai-2512?page=2,2026-08-24T09:03:01Z
CÔNG TY TNHH SẢN XUẤT - GIA CÔNG CƠ KHÍ NGHỆ AN,2901365151,2512,25,"Xóm Trung Tâm, Xã Nghi Ân, Thành phố Vinh, Tỉnh Nghệ An, Việt Nam",Nghệ An,,https://www.masothue.com/2901365151-cong-ty-tnhh-san-xuat-gia-cong-co-khi-nghe-an,https://www.masothue.com/tra-cuu-ma-so-thue-theo-nganh-nghe/san-xuat-thung-be-chua-va-dung-cu-chua-dung-bang-kim-loai-2512?page=2,2026-08-24T09:03:01Z
CÔNG TY TNHH GREIF VIỆT NAM,3500103270,2512,25,"Khu Công nghiệp Mỹ Xuân A2, Phường Phú Mỹ, Thành phố Hồ Chí Minh, Việt Nam",Hồ Chí Minh,,https://www.masothue.com/3500103270-cong-ty-tnhh-greif-viet-nam,https://www.masothue.com/tra-cuu-ma-so-thue-theo-nganh-nghe/san-xuat-thung-be-chua-va-dung-cu-chua-dung-bang-kim-loai-2512?page=2,2026-08-24T09:03:01Z
CÔNG TY TNHH SẢN XUẤT THƯƠNG MẠI DỊCH VỤ CƠ KHÍ PHƯỚC NGUYÊN,3502299452,2512,25,"Tổ 7, thôn Đông Hải, Xã Tân Hải, Thị xã Phú Mỹ, Tỉnh Bà Rịa - Vũng Tàu, Việt Nam",Bà Rịa - Vũng Tàu,,https://www.masothue.com/3502299452-cong-ty-tnhh-san-xuat-thuong-mai-dich-vu-co-khi-phuoc-nguyen,https://www.masothue.com/tra-cuu-ma-so-thue-theo-nganh-nghe/san-xuat-thung-be-chua-va-dung-cu-chua-dung-bang-kim-loai-2512?page=3,2026-08-24T09:03:06Z
CÔNG TY TNHH ENG KONG VIỆT NAM,3502341778,2512,25,"Số 229 Lê Duẩn, Phường Phú Mỹ, Thành Phố Phú Mỹ, Tỉnh Bà Rịa - Vũng Tàu, Việt Nam",Bà Rịa - Vũng Tàu,,https://www.masothue.com/3502341778-cong-ty-tnhh-eng-kong-viet-nam,https://www.masothue.com/tra-cuu-ma-so-thue-theo-nganh-nghe/san-xuat-thung-be-chua-va-dung-cu-chua-dung-bang-kim-loai-2512?page=4,2026-08-24T09:03:07Z
CÔNG TY TRÁCH NHIỆM HỮU HẠN INFINITY,3600476318,2512,25,"Số 20, KCN Hố Nai, Xã Hố Nai 3, Huyện Trảng Bom, Tỉnh Đồng Nai, Việt Nam",Đồng Nai,,https://www.masothue.com/3600476318-cong-ty-trach-nhiem-huu-han-infinity,https://www.masothue.com/tra-cuu-ma-so-thue-theo-nganh-nghe/san-xuat-thung-be-chua-va-dung-cu-chua-dung-bang-kim-loai-2512?page=2,2026-08-24T09:03:01Z
CÔNG TY TNHH RE XAM A.B.M,3600795346,2512,25,"Đường số 8, Lô 44, Khu công nghiệp Tam Phước, Xã Tam Phước, Thành phố Biên Hoà, Tỉnh Đồng Nai, Việt Nam",Đồng Nai,,https://www.masothue.com/3600795346-cong-ty-tnhh-re-xam-a-b-m,https://www.masothue.com/tra-cuu-ma-so-thue-theo-nganh-nghe/san-xuat-thung-be-chua-va-dung-cu-chua-dung-bang-kim-loai-2512?page=2,2026-08-24T09:03:01Z
CÔNG TY TNHH MỘT THÀNH VIÊN BÌNH KHÍ DẦU KHÍ VIỆT NAM,3602360598,2512,25,"Ấp Thanh Hóa (Thuê nhà xưởng của Tổng công ty Cổ phần Dịch vụ Tổng hợp dầu khí), Xã Hố Nai 3, Huyện Trảng Bom, Tỉnh Đồng Nai, Việt Nam",Đồng Nai,,https://www.masothue.com/3602360598-cong-ty-tnhh-mot-thanh-vien-binh-khi-dau-khi-viet-nam,https://www.masothue.com/tra-cuu-ma-so-thue-theo-nganh-nghe/san-xuat-thung-be-chua-va-dung-cu-chua-dung-bang-kim-loai-2512,2026-08-24T09:03:00Z
CÔNG TY TNHH MỘT THÀNH VIÊN TIẾN LOAN,3602419516,2512,25,"F2, đường Phan Chu Trinh, KP 1, Phường Quang Vinh, Thành phố Biên Hoà, Tỉnh Đồng Nai, Việt Nam",Đồng Nai,,https://www.masothue.com/3602419516-cong-ty-tnhh-mot-thanh-vien-tien-loan,https://www.masothue.com/tra-cuu-ma-so-thue-theo-nganh-nghe/san-xuat-thung-be-chua-va-dung-cu-chua-dung-bang-kim-loai-2512?page=3,2026-08-24T09:03:06Z
CÔNG TY TNHH MỘT THÀNH VIÊN LONG ĐÀI PHÁT,3602926298,2512,25,"Lầu 1, số 446/69/75, Tổ 25, KP 5A, Phường Long Bình, Thành phố Biên Hoà, Tỉnh Đồng Nai, Việt Nam",Đồng Nai,,https://www.masothue.com/3602926298-cong-ty-tnhh-mot-thanh-vien-long-dai-phat,https://www.masothue.com/tra-cuu-ma-so-thue-theo-nganh-nghe/san-xuat-thung-be-chua-va-dung-cu-chua-dung-bang-kim-loai-2512?page=4,2026-08-24T09:03:07Z
CÔNG TY TNHH MỘT THÀNH VIÊN LONG NHẬT HOÀNG,3602998013,2512,25,"Số 277, ấp Xây Dựng, Xã Giang Điền, Huyện Trảng Bom, Tỉnh Đồng Nai, Việt Nam",Đồng Nai,,https://www.masothue.com/3602998013-cong-ty-tnhh-mot-thanh-vien-long-nhat-hoang,https://www.masothue.com/tra-cuu-ma-so-thue-theo-nganh-nghe/san-xuat-thung-be-chua-va-dung-cu-chua-dung-bang-kim-loai-2512,2026-08-24T09:03:00Z
CÔNG TY CỔ PHẦN DẦU KHÍ V-GAS - CHI NHÁNH PHÚ MỸ 1,3603202837-003,2512,25,"Đường số 2B, Khu công nghiệp Phú Mỹ 1, Phường Phú Mỹ, Thành Phố Phú Mỹ, Tỉnh Bà Rịa - Vũng Tàu, Việt Nam",Bà Rịa - Vũng Tàu,,https://www.masothue.com/3603202837-003-cong-ty-co-phan-dau-khi-v-gas-chi-nhanh-phu-my-1,https://www.masothue.com/tra-cuu-ma-so-thue-theo-nganh-nghe/san-xuat-thung-be-chua-va-dung-cu-chua-dung-bang-kim-loai-2512,2026-08-24T09:03:00Z
CÔNG TY TNHH MỘT THÀNH VIÊN LONG TIẾN ĐỨC,3603239097,2512,25,"Số 71/72/14 HV, KP 1, Phường Long Bình Tân, Thành phố Biên Hoà, Tỉnh Đồng Nai, Việt Nam",Đồng Nai,,https://www.masothue.com/3603239097-cong-ty-tnhh-mot-thanh-vien-long-tien-duc,https://www.masothue.com/tra-cuu-ma-so-thue-theo-nganh-nghe/san-xuat-thung-be-chua-va-dung-cu-chua-dung-bang-kim-loai-2512?page=4,2026-08-24T09:03:07Z
CÔNG TY CỔ PHẦN BAO BÌ HỒNG KÔNG,3603500551,2512,25,"Lô 44, Đường số 8, KCN Tam Phước, Xã Tam Phước, Thành phố Biên Hoà, Tỉnh Đồng Nai, Việt Nam",Đồng Nai,,https://www.masothue.com/3603500551-cong-ty-co-phan-bao-bi-hong-kong,https://www.masothue.com/tra-cuu-ma-so-thue-theo-nganh-nghe/san-xuat-thung-be-chua-va-dung-cu-chua-dung-bang-kim-loai-2512?page=4,2026-08-24T09:03:07Z
CÔNG TY TNHH KIAN JOO CAN (VIỆT NAM),3700404116,2512,25,"Số 17 Đại lộ Độc Lập, khu công nghiệp Việt Nam- Singapore, Phường Bình Hòa, Thành phố Thuận An, Tỉnh Bình Dương, Việt Nam",Bình Dương,,https://www.masothue.com/3700404116-cong-ty-tnhh-kian-joo-can-viet-nam,https://www.masothue.com/tra-cuu-ma-so-thue-theo-nganh-nghe/san-xuat-thung-be-chua-va-dung-cu-chua-dung-bang-kim-loai-2512?page=2,2026-08-24T09:03:01Z
CÔNG TY TNHH MỘT THÀNH VIÊN KIM THÀNH PHÁT,3701128490,2512,25,"Số 53/13 Khu phố Bình Phước A, Phường Bình Chuẩn, Thành phố Thuận An, Tỉnh Bình Dương, Việt Nam",Bình Dương,,https://www.masothue.com/3701128490-cong-ty-tnhh-mot-thanh-vien-kim-thanh-phat,https://www.masothue.com/tra-cuu-ma-so-thue-theo-nganh-nghe/san-xuat-thung-be-chua-va-dung-cu-chua-dung-bang-kim-loai-2512?page=2,2026-08-24T09:03:01Z
CÔNG TY TNHH MỘT THÀNH VIÊN TẤN BÌNH TIẾN,3701640282,2512,25,"Thửa đất số 1019, Tờ bản đồ số 42, Khu phố An Sơn, Phường An Điền, Thành Phố Bến Cát, Tỉnh Bình Dương, Việt Nam",Bình Dương,,https://www.masothue.com/3701640282-cong-ty-tnhh-mot-thanh-vien-tan-binh-tien,https://www.masothue.com/tra-cuu-ma-so-thue-theo-nganh-nghe/san-xuat-thung-be-chua-va-dung-cu-chua-dung-bang-kim-loai-2512?page=2,2026-08-24T09:03:01Z
CÔNG TY TNHH LON NƯỚC GIẢI KHÁT TBC-BALL VIỆT NAM,3701842391,2512,25,"Số 2 VSIP II-A đường số 18, Khu công nghiệp Việt Nam-Singapore II-A, Phường Vĩnh Tân, Thành phố Hồ Chí Minh, Việt Nam",Hồ Chí Minh,,https://www.masothue.com/3701842391-cong-ty-tnhh-lon-nuoc-giai-khat-tbc-ball-viet-nam,https://www.masothue.com/tra-cuu-ma-so-thue-theo-nganh-nghe/san-xuat-thung-be-chua-va-dung-cu-chua-dung-bang-kim-loai-2512,2026-08-24T09:03:00Z
CHI NHÁNH CÔNG TY TNHH CÔNG NGHIỆP PHỤ TRỢ ĐÔNG NAM,3702371787-001,2512,25,"Thửa đất số 2, Tờ bản đồ số 44, Đường HL608, Ấp An Sơn, Xã An Điền, Thị xã Bến Cát, Tỉnh Bình Dương, Việt Nam",Bình Dương,,https://www.masothue.com/3702371787-001-chi-nhanh-cong-ty-tnhh-cong-nghiep-phu-tro-dong-nam,https://www.masothue.com/tra-cuu-ma-so-thue-theo-nganh-nghe/san-xuat-thung-be-chua-va-dung-cu-chua-dung-bang-kim-loai-2512?page=3,2026-08-24T09:03:06Z
CÔNG TY TNHH SX TM XD HÀ HÓA LONG,3702539581,2512,25,"Số A12/13, đường N1, Khu phố Bình Thuận 2, Phường Thuận Giao, Thành phố Hồ Chí Minh, Việt Nam",Hồ Chí Minh,,https://www.masothue.com/3702539581-cong-ty-tnhh-sx-tm-xd-ha-hoa-long,https://www.masothue.com/tra-cuu-ma-so-thue-theo-nganh-nghe/san-xuat-thung-be-chua-va-dung-cu-chua-dung-bang-kim-loai-2512?page=2,2026-08-24T09:03:01Z
CÔNG TY TNHH THƯƠNG MẠI DỊCH VỤ CƠ KHÍ VIỆT TÍN,3702758470,2512,25,"1A7/OLK3/24, tổ 7, khu phố Hòa Lân 2, Phường Thuận Giao, Thành phố Hồ Chí Minh, Việt Nam",Hồ Chí Minh,,https://www.masothue.com/3702758470-cong-ty-tnhh-thuong-mai-dich-vu-co-khi-viet-tin,https://www.masothue.com/tra-cuu-ma-so-thue-theo-nganh-nghe/san-xuat-thung-be-chua-va-dung-cu-chua-dung-bang-kim-loai-2512?page=4,2026-08-24T09:03:07Z
CÔNG TY TNHH MỘT THÀNH VIÊN TOÀN THÀNH,3800439419,2512,25,"Số 963 đường Phú Riềng Đỏ, Phường Tân Bình, Thành phố Đồng Xoài, Tỉnh Bình Phước, Việt Nam",Bình Phước,,https://www.masothue.com/3800439419-cong-ty-tnhh-mot-thanh-vien-toan-thanh,https://www.masothue.com/tra-cuu-ma-so-thue-theo-nganh-nghe/san-xuat-thung-be-chua-va-dung-cu-chua-dung-bang-kim-loai-2512?page=2,2026-08-24T09:03:01Z
CÔNG TY TRÁCH NHIỆM HỮU HẠN MỘT THÀNH VIÊN  ÚC MUM,3901065015,2512,25,"Tổ 6, ấp Hội Tân , Xã Tân Hội, Tỉnh Tây Ninh, Việt Nam",Tây Ninh,,https://www.masothue.com/3901065015-cong-ty-trach-nhiem-huu-han-mot-thanh-vien-uc-mum,https://www.masothue.com/tra-cuu-ma-so-thue-theo-nganh-nghe/san-xuat-thung-be-chua-va-dung-cu-chua-dung-bang-kim-loai-2512?page=2,2026-08-24T09:03:01Z
CHI NHÁNH CÔNG TY CỔ PHẦN ĐẦU TƯ VÀ SẢN XUẤT PETRO MIỀN TRUNG,4000462724-003,2512,25,"Khu công nghiệp Nam Đông Hà, Phường Đông Lương, Thành phố Đông Hà, Tỉnh Quảng Trị, Việt Nam",Quảng Trị,,https://www.masothue.com/4000462724-003-chi-nhanh-cong-ty-co-phan-dau-tu-va-san-xuat-petro-mien-trung,https://www.masothue.com/tra-cuu-ma-so-thue-theo-nganh-nghe/san-xuat-thung-be-chua-va-dung-cu-chua-dung-bang-kim-loai-2512?page=3,2026-08-24T09:03:06Z
CÔNG TY TNHH CƠ KHÍ TÂN TRƯỜNG PHÚC,4101450411,2512,25,"Tổ 2, Khu vực 8, Phường Nhơn Phú, Thành phố Quy Nhơn, Tỉnh Bình Định, Việt Nam",Bình Định,,https://www.masothue.com/4101450411-cong-ty-tnhh-co-khi-tan-truong-phuc,https://www.masothue.com/tra-cuu-ma-so-thue-theo-nganh-nghe/san-xuat-thung-be-chua-va-dung-cu-chua-dung-bang-kim-loai-2512?page=4,2026-08-24T09:03:07Z
CÔNG TY TNHH CƠ KHÍ VÂN CHÍ,4200488991,2512,25,"Thôn Phước Thượng, Xã Phước Đồng, Thành phố Nha Trang, Tỉnh Khánh Hòa, Việt Nam",Khánh Hòa,,https://www.masothue.com/4200488991-cong-ty-tnhh-co-khi-van-chi,https://www.masothue.com/tra-cuu-ma-so-thue-theo-nganh-nghe/san-xuat-thung-be-chua-va-dung-cu-chua-dung-bang-kim-loai-2512?page=3,2026-08-24T09:03:06Z
CÔNG TY TNHH T-T-T,4300336287,2512,25,"Km 1051, Quốc lộ 1A, Xã Thọ Phong, Tỉnh Quảng Ngãi, Việt Nam",Quảng Ngãi,,https://www.masothue.com/4300336287-cong-ty-tnhh-t-t-t,https://www.masothue.com/tra-cuu-ma-so-thue-theo-nganh-nghe/san-xuat-thung-be-chua-va-dung-cu-chua-dung-bang-kim-loai-2512?page=5,2026-08-24T09:03:09Z
CÔNG TY CỔ PHẦN CƠ KHÍ QUẢNG NINH,5700100249,2512,25,"., Phường Việt Hưng, Thành phố Hạ Long, Tỉnh Quảng Ninh, Việt Nam",Quảng Ninh,,https://www.masothue.com/5700100249-cong-ty-co-phan-co-khi-quang-ninh,https://www.masothue.com/tra-cuu-ma-so-thue-theo-nganh-nghe/san-xuat-thung-be-chua-va-dung-cu-chua-dung-bang-kim-loai-2512?page=5,2026-08-24T09:03:09Z
CÔNG TY CỔ PHẦN TOÀN NHẤT,5700816120,2512,25,"Tổ 11, khu 3, Phường Hồng Hà, Thành phố Hạ Long, Tỉnh Quảng Ninh, Việt Nam",Quảng Ninh,,https://www.masothue.com/5700816120-cong-ty-co-phan-toan-nhat,https://www.masothue.com/tra-cuu-ma-so-thue-theo-nganh-nghe/san-xuat-thung-be-chua-va-dung-cu-chua-dung-bang-kim-loai-2512?page=5,2026-08-24T09:03:09Z
CÔNG TY CỔ PHẦN SẢN XUẤT VÀ KINH DOANH TOÀN NHẤT,5701484679,2512,25,"Tổ 20, khu 2, Phường Hà Trung, Thành phố Hạ Long, Tỉnh Quảng Ninh, Việt Nam",Quảng Ninh,,https://www.masothue.com/5701484679-cong-ty-co-phan-san-xuat-va-kinh-doanh-toan-nhat,https://www.masothue.com/tra-cuu-ma-so-thue-theo-nganh-nghe/san-xuat-thung-be-chua-va-dung-cu-chua-dung-bang-kim-loai-2512?page=5,2026-08-24T09:03:09Z
CÔNG TY CỔ PHẦN THƯƠNG MẠI VÀ DỊCH VỤ MINH HIẾU CẨM PHẢ,5701670202,2512,25,"CN9 - Ô số 8 Cụm Công nghiệp Cẩm Thịnh, Phường Cẩm Thịnh, Thành phố Cẩm Phả, Tỉnh Quảng Ninh, Việt Nam",Quảng Ninh,,https://www.masothue.com/5701670202-cong-ty-co-phan-thuong-mai-va-dich-vu-minh-hieu-cam-pha,https://www.masothue.com/tra-cuu-ma-so-thue-theo-nganh-nghe/san-xuat-thung-be-chua-va-dung-cu-chua-dung-bang-kim-loai-2512,2026-08-24T09:03:00Z
CÔNG TY TNHH SẢN XUẤT - THƯƠNG MẠI ĐẠI LỘC PHÚ,6001393361,2512,25,"Số 337/57/17 đường Võ Văn Kiệt, Phường Thành Nhất, Tỉnh Đắk Lắk, Việt Nam",Đắk Lắk,,https://www.masothue.com/6001393361-cong-ty-tnhh-san-xuat-thuong-mai-dai-loc-phu,https://www.masothue.com/tra-cuu-ma-so-thue-theo-nganh-nghe/san-xuat-thung-be-chua-va-dung-cu-chua-dung-bang-kim-loai-2512?page=4,2026-08-24T09:03:07Z
CÔNG TY TNHH CƠ KHÍ THƯƠNG MẠI HOÀNG VÂN,6001424570,2512,25,"Tổ dân phố Tân Hà 2, Phường Thống Nhất, Thị xã Buôn Hồ, Tỉnh Đắk Lắk, Việt Nam",Đắk Lắk,,https://www.masothue.com/6001424570-cong-ty-tnhh-co-khi-thuong-mai-hoang-van,https://www.masothue.com/tra-cuu-ma-so-thue-theo-nganh-nghe/san-xuat-thung-be-chua-va-dung-cu-chua-dung-bang-kim-loai-2512?page=4,2026-08-24T09:03:07Z
